id,name,artist,popularity,genre,danceability,energy,key,loudness,mode,speechiness,acousticness,instrumentalness,liveness,valence,tempo,duration_ms,time_signature
69RoAhDqFOiQb2pQvb24Ii,Requiem: Lacrimosa,Wolfgang Amadeus Mozart,67,classical,0.162,0.102,2,-23.315,0,0.036,0.932,0.5175,0.17,0.0445,131.626,169667,3
3MYs9TvBiJomdcWnpmchZ2,"Così fan tutte, K. 588, Act I: Non son cattivo comico! (Live)",Wolfgang Amadeus Mozart,0,classical,0.474,0.379,0,-17.184,1,0.239,0.889,0,0.32,0.289,109.635,47909,4
7bVuIrVVZCWP5lsPk0lOUM,"Così fan tutte, K. 588, Act II: Cos' è tal mascherata? (Live)",Wolfgang Amadeus Mozart,0,classical,0.606,0.245,10,-22.92,1,0.239,0.938,0,0.381,0.399,82.869,48693,4
7jj0XlZgocbtbEKzLkjSEz,"Così fan tutte, K. 588, Act II: Ah poveretto me - Vittoria, padroncini! (Live)",Wolfgang Amadeus Mozart,0,classical,0.542,0.36,0,-18.925,1,0.239,0.944,0,0.381,0.252,89.572,123351,4
5KJAnj9IHy0memosusaOZY,"Così fan tutte, K. 588, Act II: Fate presto, o cari amici (Live)",Wolfgang Amadeus Mozart,0,classical,0.54,0.482,0,-13.754,1,0.0651,0.9,0.000013,0.381,0.581,108.342,109653,3
17i5jLpzndlQhbS4SrTd0B,"Unaccompanied Cello Suite No. 1 in G Major, BWV 1007: Prélude",Johann Sebastian Bach,71,classical,0.275,0.157,7,-18.752,1,0.0636,0.89,0.5175,0.186,0.304,73.289,152280,4
3DNRdudZ2SstnDCVKFdXxG,"Sonata No. 14 ""Moonlight"" in C-Sharp Minor"", Op. 27 No. 2: I. Adagio sostenuto",Ludwig van Beethoven,69,classical,0.184,0.00527,1,-30.854,0,0.0432,0.995,0.5175,0.173,0.151,170.612,315427,3
4jep6dMPP0z7HrN375InoL,Première Gymnopédie,Erik Satie,65,classical,0.593,0.00543,7,-30.854,1,0.0699,0.995,0.5175,0.0814,0.314,76.488,204267,3
2hqjVpdpzfpWGU2oIXHsIn,"Goldberg Variations, BWV 988: Aria da capo",Johann Sebastian Bach,24,classical,0.059,0.000784,7,-30.854,1,0.049,0.986,0.5175,0.0924,0.0399,62.191,297573,3
7n92QzQomRCLlciO14X0kd,Nocturne en mi bémol majeur opus 9 n°2: Ballade en Sol Mineur No.1,Frédéric Chopin,65,classical,0.387,0.0451,3,-24.698,1,0.0364,0.99,0.5175,0.112,0.071,61.494,268427,4
6q5co1XdRmnMeWlL1RWXPK,Gnossienne No.1 (Arr. Kleynjans),Erik Satie,64,classical,0.354,0.0125,4,-27.577,0,0.0443,0.995,0.5175,0.0793,0.0691,98.207,220560,4
2YarjDYjBJuH63dUIh9OWv,"Piano Concerto No. 21 in C Major, K. 467 ""Elvira Madigan"": II. Andante",Wolfgang Amadeus Mozart,65,classical,0.194,0.0324,5,-28.215,1,0.0382,0.982,0.5175,0.0916,0.0596,144.13,433800,4
1wNGEz4CNTuxlrH9bx2X5g,"Così fan tutte, K. 588, Act I: La mia Dorabella (Live)",Wolfgang Amadeus Mozart,0,classical,0.432,0.46,7,-13.885,1,0.0644,0.951,0.00003,0.381,0.642,127.137,111023,4
2kyEgPaAW8wdpvevPnkf0Z,Ave Maria,Johann Sebastian Bach,65,classical,0.132,0.0195,0,-29.76,1,0.0445,0.993,0.5175,0.0569,0.14,81.616,163267,3
2T2ih9SIp76PqA9n7LUCoX,"12 Études, Op. 8: No. 4 in B Major",Alexander Scriabin,34,classical,0.24,0.0318,11,-29.071,1,0.0498,0.996,0.5175,0.11,0.189,64.647,116106,4
3puZA3ZbAgQVNT4YhguMLm,"Cantata, BWV 75 ""Die Elenden sollen essen"", Prima parte: VII. Chorale. Was Gott tut, das ist wohlgetan",Johann Sebastian Bach,46,classical,0.379,0.33,6,-13.661,1,0.0302,0.952,0.00733,0.136,0.586,81.531,103000,4
0SRKWRFVLKtmZFleq1mkvv,"St. John Passion, BWV 245, Pt. 2 (1725 Version): Christe, du Lamm Gottes",Johann Sebastian Bach,41,classical,0.0771,0.175,6,-19.571,0,0.0396,0.979,0.5175,0.111,0.109,76.388,258253,4
3Bj0BvoWdiZdYq2t0r2Kpd,"Pièce d'orgue in G Major, BWV 572 ""Fantasia in G Major""",Johann Sebastian Bach,35,classical,0.0643,0.222,7,-16.812,1,0.0346,0.805,0.5175,0.205,0.1,62.456,447053,4
5dkrkgvvnNqMcunVXac337,"Goldberg Variations, BWV 988: Aria",Johann Sebastian Bach,33,classical,0.089,0.00342,7,-30.854,1,0.0491,0.956,0.5175,0.102,0.0393,166.141,254067,3
6lLrmBTVRPrYmIsgvVdPuv,"Prelude & Fugue in D Minor, BWV 539: Prelude",Johann Sebastian Bach,33,classical,0.198,0.00184,9,-30.854,0,0.0411,0.979,0.5175,0.0796,0.133,61.274,106080,4
6QHinbRAHyREUOg8B4yzI9,"Magnificat in D Major, BWV 243: I. Magnificat",Johann Sebastian Bach,31,classical,0.504,0.296,1,-18.328,1,0.0392,0.962,0.5175,0.305,0.679,100.132,171000,3
446oJSPuUSbMhk4pcWJPim,"St. John Passion, BWV 245, Pt. 1: No. 1, Herr, unser Herrscher",Johann Sebastian Bach,31,classical,0.276,0.223,6,-20.06,0,0.0314,0.98,0.5175,0.117,0.236,69.975,447053,4
6e8Je0Peec8XXMUYoHXHk7,"Prelude & Fugue in A Minor, BWV 895: II. Fugue",Johann Sebastian Bach,28,classical,0.381,0.333,8,-18.604,0,0.0368,0.754,0.0109,0.0823,0.731,131.924,134411,4
0mOOLSEusqrOUZqDPcjydv,"The Art of Fugue, BWV 1080: Contrapunctus I",Johann Sebastian Bach,27,classical,0.41,0.352,1,-20.366,0,0.0442,0.94,0.0107,0.0587,0.473,107.425,184757,4
6m2vIlOrmgexJxRvuWms7E,"Prelude & Fugue in D Minor, BWV 539: Fugue",Johann Sebastian Bach,32,classical,0.141,0.0311,2,-29.353,0,0.0394,0.923,0.5175,0.0854,0.0989,167.786,308840,4
4EZVLuNWffwLDS0UNzhiO7,"Suite ""Aufs Lautenwerk"" in E Minor, BWV 996: II. Allemande",Johann Sebastian Bach,27,classical,0.262,0.281,3,-23.203,0,0.0404,0.532,0.00359,0.0576,0.684,115.053,162104,4
5bs1FTghYCQCOZRXy0wgGt,"Choral ""Aus der Tiefe rufe ich"", BWV 745",Johann Sebastian Bach,27,classical,0.379,0.258,3,-20.227,0,0.0333,0.783,0.00138,0.0682,0.36,100.247,172825,4
1doGeZOqIYolrxt31ATByT,"Magnificat in D Major, BWV 243: II. Et exultavit spiritus meus",Johann Sebastian Bach,29,classical,0.389,0.0453,1,-22.813,1,0.0461,0.986,0.000317,0.114,0.507,129.963,125840,3
4lvj7I4GFRd42XmEUUTMdq,"Goldberg Variations, BWV 988: Var. 1",Johann Sebastian Bach,32,classical,0.154,0.0276,7,-29.869,1,0.048,0.973,0.5175,0.174,0.436,173.615,135467,3
00lAp9YKxvhK5EznpsFIs5,"Magnificat in D Major, BWV 243: III. Quia respexit humilitatem",Johann Sebastian Bach,29,classical,0.196,0.0175,10,-27.057,0,0.0423,0.973,0.138,0.381,0.258,87.119,129427,4
6DwKQ9oGkhXXL4E1rkjO5A,"Suite ""Aufs Lautenwerk"" in E Minor, BWV 996: III. Courante",Johann Sebastian Bach,26,classical,0.308,0.319,3,-16.669,0,0.0317,0.711,0.122,0.103,0.705,143.266,119292,4
4DBSGVc3kM6KqNmudizsss,"Magnificat in D Major, BWV 243: V. Quia fecit mihi magna",Johann Sebastian Bach,28,classical,0.328,0.0935,8,-21.466,1,0.0397,0.993,0.00605,0.124,0.261,70.58,119880,4
1bUeZq9tRbXr6fnqD8xFOk,"Goldberg Variations, BWV 988: Var. 4",Johann Sebastian Bach,31,classical,0.282,0.0875,7,-21.816,1,0.0316,0.962,0.5175,0.13,0.341,75.585,81933,4
7wXz4A4YiJYKZMEHkqVVD9,"Magnificat in D Major, BWV 243: VI. Et misericordia",Johann Sebastian Bach,28,classical,0.119,0.0421,3,-24.754,0,0.0545,0.987,0.000375,0.112,0.0887,79.994,170053,3
2a2chl0rAjiQFSTDbXdpKl,"Goldberg Variations, BWV 988: Var. 2",Johann Sebastian Bach,31,classical,0.175,0.00849,7,-30.854,1,0.0368,0.967,0.5175,0.209,0.209,89.277,103880,4
3pu9vMzjXb4eKo94q26j2k,"Goldberg Variations, BWV 988: Var. 3, Canone all'unisono",Johann Sebastian Bach,31,classical,0.2,0.0198,7,-30.108,1,0.035,0.991,0.5175,0.114,0.377,67.37,143813,5
6h1YOuiiafPJKzHAc0ATKj,"Goldberg Variations, BWV 988: Var. 5",Johann Sebastian Bach,31,classical,0.223,0.0246,7,-30.854,1,0.041,0.991,0.5175,0.152,0.322,110.495,112320,4
1E6849RfCNjHtAncAPCwod,"Goldberg Variations, BWV 988: Var. 6, Canone alla seconda",Johann Sebastian Bach,30,classical,0.171,0.00558,7,-30.854,1,0.0423,0.981,0.5175,0.202,0.217,123.559,87400,5
2pX0jfEmGNingyKq5uNCr1,"Goldberg Variations, BWV 988: Var. 7",Johann Sebastian Bach,30,classical,0.107,0.0592,7,-26.768,1,0.0425,0.972,0.5175,0.0986,0.555,65.041,127107,4
5sNAa7UFdPVWe9i3HysiKc,"Goldberg Variations, BWV 988: Var. 8",Johann Sebastian Bach,30,classical,0.104,0.0598,7,-27.91,1,0.047,0.963,0.5175,0.194,0.626,62.689,127013,4
7ncOwFWOKY94XLrTHAKRch,"Suite ""Aufs Lautenwerk"" in E Minor, BWV 996: IV. Sarabande",Johann Sebastian Bach,25,classical,0.342,0.141,3,-20.636,0,0.0428,0.715,0.02,0.117,0.404,84.407,247801,3
5pDceO6kx4V0RPCLewRxQb,"Suite ""Aufs Lautenwerk"" in E Minor, BWV 996: V. Bourrée",Johann Sebastian Bach,27,classical,0.338,0.312,3,-20.097,0,0.035,0.648,0.0017,0.347,0.929,122.138,51454,4
3KdQsTRNUXPye1rrFqBJ85,"Magnificat in D Major, BWV 243: VII. Fecit potentiam",Johann Sebastian Bach,28,classical,0.52,0.354,1,-16.297,1,0.0414,0.961,0.000657,0.0841,0.506,98.202,100533,4
32PXt0FxlN718dzKy1fWGb,"Goldberg Variations, BWV 988: Var. 10, Fughetta",Johann Sebastian Bach,30,classical,0.18,0.141,7,-18.539,1,0.0353,0.841,0.5175,0.242,0.566,74.843,107733,4
7rfJjDX1BjXplASwc5ubIU,"Magnificat in D Major, BWV 243: VIII. Deposuit potentes",Johann Sebastian Bach,28,classical,0.444,0.157,5,-24.912,0,0.0432,0.978,0.258,0.347,0.56,105.085,119693,3
1UIPQHSP1dDEYHDu6DmCJG,"St. John Passion, BWV 245, Pt. 1: No. 2, Jesus ging mit seinen Jüngern - Jesum von Nazareth - Jesus antwortete",Johann Sebastian Bach,28,classical,0.46,0.111,11,-22.067,0,0.144,0.925,0,0.122,0.195,107.67,145827,5
1thUBWRHUkibZyxrL1MaFt,"Goldberg Variations, BWV 988: Var. 9, Canone alla terza",Johann Sebastian Bach,30,classical,0.235,0.0121,7,-30.854,1,0.041,0.975,0.5175,0.174,0.14,63.867,116107,4
20PqZpVgpVDVeQJBZecAza,"Magnificat in D Major, BWV 243: X. Suscepit Israel",Johann Sebastian Bach,27,classical,0.193,0.0384,10,-25.598,0,0.0433,0.985,0.000113,0.0808,0.0479,126.108,113640,4
4vwa7gE8ee04wrI3LwQSK3,"St. John Passion, BWV 245, Pt. 1: No. 3, O große Lieb, o Lieb ohn' alle Maße",Johann Sebastian Bach,28,classical,0.201,0.0689,6,-25.22,0,0.0454,0.994,0.5175,0.112,0.093,76.433,54533,3
3cB5hlGwwWPgl7kvSIIhDE,"St. John Passion, BWV 245, Pt. 1: No. 7, Von den Stricken meiner Sünden",Johann Sebastian Bach,27,classical,0.26,0.113,1,-22.057,0,0.0467,0.987,0.224,0.165,0.292,74.154,275387,3
0tnNp69zhwJUjImbgMFiZB,"Goldberg Variations, BWV 988: Var. 11",Johann Sebastian Bach,30,classical,0.127,0.0148,7,-30.854,1,0.046,0.984,0.5175,0.291,0.278,97.435,119480,4
6L5xwvV3ahzLBnA74oPFKF,"The Well-Tempered Clavier, Book 1 - Prelude & Fugue in C-Sharp Minor, BWV 849: I. Prelude",Johann Sebastian Bach,25,classical,0.289,0.178,0,-25.355,0,0.034,0.773,0.0256,0.0856,0.399,95.728,160322,3
7IzRJKQfEFk8iNN5whlPeW,"Magnificat in D Major, BWV 243: IX. Esurientes implevit bonis",Johann Sebastian Bach,27,classical,0.339,0.0224,3,-27.607,1,0.0421,0.983,0.000005,0.203,0.401,126.975,164000,4
41MHSpv1iTXS2rRVGd17Bj,"Magnificat in D Major, BWV 243: XI. Sicut locutus est",Johann Sebastian Bach,27,classical,0.399,0.0801,1,-22.05,1,0.0341,0.984,0,0.101,0.577,77.73,90387,4
4Grb8kaOTidSiHjMOZH7tu,"St. John Passion, BWV 245, Pt. 1: No. 4, Auf daß das Wort erfüllet würde",Johann Sebastian Bach,28,classical,0.415,0.136,6,-22.061,0,0.133,0.922,0,0.316,0.19,138.223,65013,5
0jopb4EatyNlD35sLQqc8m,"St. John Passion, BWV 245, Pt. 1: No. 5, Dein Will gescheh, Herr Gott, zugleich",Johann Sebastian Bach,27,classical,0.118,0.0972,1,-21.802,0,0.0354,0.991,0.5175,0.14,0.451,174.25,53253,4
5z0IAr7cHkf2ipVTMBkBpI,"Prelude & Fugue in C Minor, BWV 546: Prelude",Johann Sebastian Bach,29,classical,0.108,0.204,1,-16.055,0,0.0352,0.707,0.5175,0.141,0.0662,92.617,412827,4
6i2TBvKrmDG1B5fJMc9NzS,"Magnificat in D Major, BWV 243: XII. Gloria Patri",Johann Sebastian Bach,27,classical,0.414,0.233,8,-17.551,1,0.0366,0.959,0.0188,0.0614,0.256,102.247,124173,3
02JZM9DPeUluamjvbxEV6o,"St. John Passion, BWV 245, Pt. 1: No. 9, Ich folge dir gleichfalls mit freudigen Schritten",Johann Sebastian Bach,27,classical,0.451,0.0875,9,-22.762,1,0.0708,0.972,0,0.126,0.516,74.585,205973,4
25blO12qCQrZgy5r3kV2wy,"Goldberg Variations, BWV 988: Var. 12, Canone alla quarta",Johann Sebastian Bach,29,classical,0.173,0.146,7,-19.466,1,0.0393,0.896,0.5175,0.247,0.305,65.343,152840,3
7eId3AYo85AmQDpiBEVU8V,"Choral ""Lobt Gott, ihr Christen, allzugleich"", BWV 732",Johann Sebastian Bach,24,classical,0.483,0.182,3,-18.764,1,0.0326,0.86,0.5175,0.0813,0.528,93.402,79275,4
376Bd6nPXXs4Thb46tDaPF,"St. John Passion, BWV 245, Pt. 1: No. 6, Die Schar aber und der Oberhauptmann",Johann Sebastian Bach,27,classical,0.498,0.14,6,-25.375,0,0.094,0.924,0,0.268,0.125,126.416,44237,5
5XSlhk0ohNb2klJskHa7yz,"Goldberg Variations, BWV 988: Var. 25",Johann Sebastian Bach,28,classical,0.166,0.00433,0,-30.854,0,0.0491,0.981,0.5175,0.0935,0.0369,60.096,447053,4
09QOqLcUD57JxzjsJToqbR,"St. John Passion, BWV 245, Pt. 1: No. 10, Derselbige Jünger war dem Hohenpriester bekannt",Johann Sebastian Bach,26,classical,0.482,0.0957,6,-24.441,1,0.119,0.952,0,0.124,0.187,84.717,182427,4
6fnWLEDz6ebJ7Aq4ys6AtD,"St. John Passion, BWV 245, Pt. 1: No. 11, Wer hat dich so geschlagen",Johann Sebastian Bach,26,classical,0.15,0.098,8,-20.848,1,0.0411,0.993,0.5175,0.142,0.174,78.794,91960,3
5Uz8nmzrYQ6CHACzMy7ilZ,"Goldberg Variations, BWV 988: Var. 14",Johann Sebastian Bach,28,classical,0.102,0.0129,7,-30.854,1,0.0491,0.99,0.5175,0.147,0.305,166.672,147973,4
5EohypzzF78xg8T6xnMfYX,"The Well-Tempered Clavier, Book 1 - Prelude & Fugue in C-Sharp Minor, BWV 849: II. Fugue",Johann Sebastian Bach,24,classical,0.397,0.327,0,-18.765,0,0.0407,0.859,0.00452,0.0767,0.488,128.829,223998,4
1DOVCaFctyl6cxIbtuUKV3,"The Well-Tempered Clavier, Book 2 - Prelude & Fugue in C Major, BWV 870: I. Prelude",Johann Sebastian Bach,23,classical,0.35,0.366,1,-18.796,0,0.041,0.733,0.00002,0.0744,0.92,123.591,139749,4
532x5DhRSfM68zPDd9NQgq,"St. John Passion, BWV 245, Pt. 1: No. 13, Ach, mein Sinn, wo willt du endlich hin",Johann Sebastian Bach,26,classical,0.362,0.267,5,-16.306,0,0.0408,0.962,0.0103,0.245,0.42,111.07,152600,3
1Tt0C9Y5tCpjVU3twveV99,"Goldberg Variations, BWV 988: Var. 13",Johann Sebastian Bach,28,classical,0.233,0.0406,7,-29.004,1,0.0469,0.935,0.5175,0.109,0.111,69.016,328173,3
1FaWKwx8SfKMAR3bAD3jGv,"Goldberg Variations, BWV 988: Var. 15, Canone alla quinta",Johann Sebastian Bach,27,classical,0.129,0.00244,0,-30.854,0,0.0456,0.974,0.5175,0.117,0.0783,69.15,294720,4
5Ksr57PQPWih041eXN30vX,"St. John Passion, BWV 245, Pt. 1: No. 12, Und Hannas sandte ihn gebunden - Er leugnete aber und sprach",Johann Sebastian Bach,26,classical,0.311,0.251,10,-19.437,0,0.101,0.858,0,0.14,0.142,175.066,117760,3
63OJwycCTJEqmik6rm4L3N,"St. John Passion, BWV 245, Pt. 1: No. 14, Petrus, der nicht denkt zurück",Johann Sebastian Bach,25,classical,0.128,0.133,8,-21.247,1,0.0446,0.993,0.5175,0.108,0.129,173.265,74000,5
3smBDFEHZstu5df5gz6VxB,"St. John Passion, BWV 245, Pt. 2: No. 15, Christus, der uns selig macht",Johann Sebastian Bach,25,classical,0.225,0.1,8,-20.954,1,0.0369,0.991,0.5175,0.223,0.19,78.367,64907,3
1yBXPYvvgfdsLG1BR3p8VI,"St. John Passion, BWV 245, Pt. 2: No. 16, Da führeten - Da sprach Pilatus - Auf daß",Johann Sebastian Bach,25,classical,0.444,0.192,8,-18.973,0,0.0576,0.976,0.000002,0.0967,0.226,113.482,238267,3
7aIZVYypjWvOMJNRZdcUoa,"St. John Passion, BWV 245, Pt. 2: No. 17, Ach großer König, groß zu allen Zeiten",Johann Sebastian Bach,25,classical,0.17,0.0807,8,-22.375,0,0.0347,0.988,0.5175,0.147,0.424,77.298,81680,3
75GqCBllw8mhnj53LeZQvM,"St. John Passion, BWV 245, Pt. 2: No. 20, Erwäge, wie sein blutgefärbter Rücken",Johann Sebastian Bach,24,classical,0.329,0.0818,11,-24.295,0,0.0446,0.923,0.209,0.179,0.217,106.156,442280,4
1eb1ZZMFe23oLD6ZjpuBev,"Goldberg Variations, BWV 988: Var. 16, Ouverture",Johann Sebastian Bach,27,classical,0.15,0.14,7,-19.076,1,0.0358,0.845,0.5175,0.381,0.16,64.354,191960,4
3pw5QYPZbcctBH4BeicWAC,"St. John Passion, BWV 245, Pt. 2: No. 18, Da sprach Pilatus zu ihm - Barrabas aber war ein Mörder!",Johann Sebastian Bach,25,classical,0.476,0.143,1,-21.109,1,0.0924,0.962,0,0.24,0.314,69.706,114307,3
4ZFtypB13cb44B9iVIqnTw,"St. John Passion, BWV 245, Pt. 2: No. 19, Betrachte, meine Seel",Johann Sebastian Bach,25,classical,0.226,0.0775,9,-24.245,1,0.0446,0.957,0.0019,0.101,0.0673,130.004,134693,4
6xYXvTjn5iGuLrWJNtRQOa,"Goldberg Variations, BWV 988: Var. 17",Johann Sebastian Bach,27,classical,0.179,0.124,7,-23.82,1,0.0417,0.963,0.5175,0.322,0.442,72.304,135880,3
5sxNVQNmhTofzbrL8Pvizw,"Goldberg Variations, BWV 988: Var. 18, Canone alla sesta",Johann Sebastian Bach,26,classical,0.191,0.166,7,-18.93,1,0.038,0.87,0.5175,0.381,0.402,109.535,110627,4
1a637P4TwIQ3UF8qZnmbGO,"Goldberg Variations, BWV 988: Var. 20",Johann Sebastian Bach,26,classical,0.217,0.0329,7,-30.683,1,0.0472,0.981,0.5175,0.101,0.325,68.595,143227,5
2B13wzEFn3Kl6uB2KD4N7P,"Goldberg Variations, BWV 988: Var. 26",Johann Sebastian Bach,25,classical,0.263,0.018,7,-30.854,1,0.037,0.982,0.5175,0.271,0.245,66.017,173933,3
0SO42BhkeMfCdrRC0PByRz,"J.S. Bach: Englische Suite Nr. 2 in A-moll, BWV 807 – 1. Prélude",Johann Sebastian Bach,25,classical,0.415,0.151,9,-24.862,0,0.0374,0.995,0.5175,0.144,0.846,104.268,291120,4
6amOsoTlo3LsxT5xkLa9Ys,"St. John Passion, BWV 245, Pt. 2: No. 21, Und die Kriegsknechte flochten eine Krone von Dornen",Johann Sebastian Bach,24,classical,0.396,0.203,6,-18.664,0,0.0468,0.967,0.000001,0.165,0.318,107.875,327640,3
08NaPbmT8TSj6wppktx7KD,"St. John Passion, BWV 245, Pt. 2: No. 23, Die Jüden aber schrieen und sprachen",Johann Sebastian Bach,23,classical,0.459,0.252,5,-18.999,0,0.0439,0.966,0,0.15,0.387,113.905,233827,4
6VNGDbjUfbWd5UDS1w9h7E,"St. John Passion, BWV 245, Pt. 2: No. 24, Eilt, ihr angefochtnen Seelen - Wohin?",Johann Sebastian Bach,23,classical,0.47,0.28,6,-19.282,0,0.0614,0.968,0.000204,0.177,0.688,74.403,239867,4
3WRzKUpL2h72kyF8CwNbs9,"Goldberg Variations, BWV 988: Var. 19",Johann Sebastian Bach,27,classical,0.207,0.0269,7,-29.381,1,0.0451,0.967,0.5175,0.309,0.664,166.339,73480,3
5wASixGVACs9KY6uFxNWG8,"Goldberg Variations, BWV 988: Var. 21, Canone alla settima",Johann Sebastian Bach,26,classical,0.209,0.00204,3,-30.854,1,0.0422,0.982,0.5175,0.105,0.138,94.869,171040,4
2P0NbUmjZ4UHSX4wEH4uAH,"Goldberg Variations, BWV 988: Var. 22",Johann Sebastian Bach,26,classical,0.206,0.064,7,-21.232,1,0.0353,0.901,0.5175,0.169,0.184,70.1,118000,4
0YmtUsb9xSvC9NoanOHqYD,"Goldberg Variations, BWV 988: Var. 24, Canone all'ottava",Johann Sebastian Bach,26,classical,0.139,0.00724,7,-30.125,1,0.0378,0.989,0.5175,0.126,0.176,67.286,194827,3
3lTJBv2k8rAo9wGdsySgV9,"Chorale Preludes: No. 4, Allein Gott in der Höh sei Ehr, BWV 717",Johann Sebastian Bach,25,classical,0.131,0.00756,5,-30.854,0,0.0378,0.969,0.5175,0.121,0.219,91.297,251947,4
46ePXhsiW9KudpoVbAF4MI,"St. John Passion, BWV 245, Pt. 2: No. 22, Durch dein Gefängnis, Gottes Sohn",Johann Sebastian Bach,23,classical,0.146,0.077,10,-24.622,1,0.0394,0.993,0.5175,0.107,0.135,148.281,72613,3
7c4qhKg3u8tZgwgDiiWpjn,"Goldberg Variations, BWV 988: Var. 23",Johann Sebastian Bach,26,classical,0.101,0.0526,7,-29.059,1,0.0476,0.986,0.5175,0.381,0.247,80.471,150627,3
2WDsd5LEs5z1Q0cSVfTwDh,"Goldberg Variations, BWV 988: Var. 27, Canone alla nona",Johann Sebastian Bach,27,classical,0.26,0.0753,4,-30.415,0,0.0336,0.992,0.5175,0.199,0.391,67.722,123773,4
3nV7DN6aiL2Lbw710hKUdE,"Prelude & Fugue in C Minor, BWV 546: Fugue",Johann Sebastian Bach,26,classical,0.14,0.173,1,-17.933,0,0.0321,0.595,0.5175,0.0678,0.0656,101.951,412960,4
1XxDTtjZwZoqwijTBnrAZn,"St. John Passion, BWV 245, Pt. 2: No. 25, Allda kreuzigten sie ihn - Der Jüden König - Pilatus antwortet",Johann Sebastian Bach,23,classical,0.422,0.134,2,-20.077,1,0.066,0.929,0,0.115,0.269,128.225,121147,4
5h7NdCTB3UzQ7LDDEPTI04,"St. John Passion, BWV 245, Pt. 2: No. 26, In meines Herzens Grunde",Johann Sebastian Bach,23,classical,0.111,0.0715,2,-21.785,1,0.0419,0.99,0.5175,0.113,0.11,175.999,65533,1
2OkJsdwKfOVvwsFcI8kO3g,"St. John Passion, BWV 245, Pt. 2: No. 27, Die Kriegsknechte aber - Auf daß erfüllet würde die Schrift",Johann Sebastian Bach,23,classical,0.428,0.178,11,-21.778,1,0.0721,0.95,0.000002,0.129,0.214,127.784,219907,3
6wRaP25HKWvCg4DCy2uhLb,"St. John Passion, BWV 245, Pt. 2: No. 30, Es ist vollbracht",Johann Sebastian Bach,23,classical,0.23,0.0285,10,-25.39,0,0.0463,0.968,0.000992,0.105,0.0972,103.137,312627,3
5VIQS5LloN1knkDXVkQoTC,"Goldberg Variations, BWV 988: Var. 28",Johann Sebastian Bach,25,classical,0.186,0.0437,4,-28.111,0,0.0415,0.974,0.5175,0.381,0.3,75.286,155907,3
1Q0K8VQsLikOnpqADofYEU,"Goldberg Variations, BWV 988: Var. 29",Johann Sebastian Bach,25,classical,0.253,0.249,7,-20.798,1,0.0387,0.985,0.5175,0.158,0.847,71.612,173947,3
6FI9V9G5NEQoqJPtm2La5G,"Goldberg Variations, BWV 988: Var. 30, Quodlibet",Johann Sebastian Bach,25,classical,0.18,0.147,7,-15.947,1,0.0357,0.648,0.5175,0.14,0.31,127.97,129907,4
3Bh7oiLhM9Nk0gXED2rwbQ,"J.S. Bach: Englische Suite Nr. 2 in A-moll, BWV 807 – 2. Allemande",Johann Sebastian Bach,23,classical,0.459,0.0595,9,-30.659,0,0.054,0.996,0.5175,0.0714,0.585,117.849,208467,4
2Cgv5F5fgrl2u2qsNv2V0w,"Chromatic Fantasia & Fugue in D Minor, BWV 903: I. Fantasia",Johann Sebastian Bach,21,classical,0.153,0.258,6,-19.346,0,0.0404,0.632,0.0427,0.132,0.34,76.568,317936,4
2cXu95YlML3FhOxEMBljNI,"Sinfonia No. 9 in F Minor, BWV 795",Johann Sebastian Bach,20,classical,0.572,0.153,4,-21.267,0,0.0472,0.868,0.253,0.0687,0.349,88.297,206778,4
5g118CuRrmLeEZ3ng0ZFZI,"St. John Passion, BWV 245, Pt. 2: No. 28, Er nahm alles wohl in acht",Johann Sebastian Bach,22,classical,0.126,0.114,8,-21.741,1,0.0555,0.992,0.5175,0.127,0.19,171.257,63840,5
4uIv01b5I0kcwneVpzMoaI,"St. John Passion, BWV 245, Pt. 2: No. 29, Und von Stund an nahm sie der Jünger zu sich",Johann Sebastian Bach,22,classical,0.417,0.0202,1,-29.078,1,0.0565,0.932,0,0.15,0.0794,74.265,82133,3
6e3tPpgY5o8l6Hm22EKVwH,"Passacaglia & Fugue in C Minor, BWV 582",Johann Sebastian Bach,25,classical,0.107,0.19,0,-17.732,0,0.0342,0.801,0.5175,0.137,0.143,70.64,447053,3
1IEsXR5ElXJ5iXegYI7yAp,"Organ Concerto No. 4 in C Major, BWV 595 (After Johann Ernst Prinz von Sachsen-Weimar)",Johann Sebastian Bach,25,classical,0.167,0.0571,1,-24.026,1,0.0354,0.792,0.5175,0.0955,0.137,77.019,264533,4
4lIzajOViwL1t1u3chWUXh,"J.S. Bach: Englische Suite Nr. 2 in A-moll, BWV 807 – 3. Courante",Johann Sebastian Bach,23,classical,0.456,0.122,0,-25.534,1,0.0461,0.994,0.5175,0.137,0.897,99.915,93160,4
6ka773Oaw9KCT2InRbMWSs,"J.S. Bach: Englische Suite Nr. 2 in A-moll, BWV 807 – 4. Sarabande",Johann Sebastian Bach,23,classical,0.531,0.025,0,-26.084,1,0.0557,0.995,0.5175,0.0988,0.289,108.708,200173,4
18RD8q0kBZvFDrsVyhiNun,"J.S. Bach: Englische Suite Nr. 2 in A-moll, BWV 807 – 5. Bourrée I",Johann Sebastian Bach,22,classical,0.476,0.175,9,-25.553,0,0.044,0.994,0.5175,0.162,0.901,110.95,122360,4
2mBPVIgeC2wDO6438LvMtG,"J.S. Bach: Englische Suite Nr. 2 in A-moll, BWV 807 – 5. Bourrée II",Johann Sebastian Bach,22,classical,0.423,0.0874,4,-26.765,0,0.041,0.995,0.5175,0.13,0.825,111.016,127293,4
26jB2GpSJMBLVC5llNQZmN,"J.S. Bach: Englische Suite Nr. 4 in F, BWV 809 – 1. Prélude",Johann Sebastian Bach,22,classical,0.405,0.118,5,-24.407,1,0.0408,0.995,0.5175,0.134,0.787,96.852,273547,4
7BywutyweBpAiEB3ViMltI,"Chromatic Fantasia & Fugue in D Minor, BWV 903: II. Fugue",Johann Sebastian Bach,21,classical,0.305,0.392,1,-18.499,0,0.034,0.761,0.00669,0.0824,0.841,89.025,337668,4
3GoE7zL8Zk7u6JZBD56Esd,"St. John Passion, BWV 245, Pt. 2: No. 35, Zerfließe, mein Herze",Johann Sebastian Bach,22,classical,0.272,0.0345,4,-22.874,0,0.0425,0.972,0.102,0.129,0.0396,115.479,435707,4
3loTgynCBOhMggOa5r9L2n,"Prelude and Fugue in F Minor, BWV 534: Prelude",Johann Sebastian Bach,24,classical,0.172,0.0568,6,-26.827,0,0.0417,0.791,0.5175,0.303,0.038,115.247,241573,3
51WUlUqMl9HPvvV6uImFQv,"Die Kunst der Fuge, BWV 1080: Contrapunctus I",Johann Sebastian Bach,24,classical,0.0608,0.00987,3,-27.184,0,0.0443,0.98,0.5175,0.0994,0.04,62.018,250333,3
7z8Ybyid5TLezC7Gb9CfRj,"J.S. Bach: Englische Suite Nr. 2 in A-moll, BWV 807 – 6. Gigue",Johann Sebastian Bach,22,classical,0.226,0.192,9,-23.566,0,0.0606,0.994,0.5175,0.0996,0.849,70.897,220520,4
3IPN35avYzxm83oje1AEgB,"St. John Passion, BWV 245, Pt. 2: No. 32, Mein teurer Heiland - Jesu, der du warest tot",Johann Sebastian Bach,22,classical,0.349,0.0626,1,-22.644,1,0.0453,0.976,0.000438,0.109,0.394,138.643,245920,3
47hfEeo9DfGu6ZXMkWtnXW,"St. John Passion, BWV 245, Pt. 2: No. 34, Mein Herz, indem die ganze Welt",Johann Sebastian Bach,23,classical,0.33,0.212,11,-19.512,1,0.0459,0.966,0.0786,0.226,0.0303,106.525,48333,4
1cNg0RHsUjhyvjr3nI0SM8,"St. John Passion, BWV 245, Pt. 2: No. 36, Die Jüden aber, dieweil es der Rüsttag war",Johann Sebastian Bach,21,classical,0.463,0.0684,6,-25.831,0,0.0834,0.923,0,0.12,0.257,135.084,124307,4
7GemUjz79oT1ii8vQnuPzt,"St. John Passion, BWV 245, Pt. 2: No. 37, O hilf, Christe, Gottes Sohn",Johann Sebastian Bach,21,classical,0.297,0.118,2,-17.536,0,0.0349,0.987,0.5175,0.146,0.233,81.443,59120,4
5IqOl1gjoe9CcJUKlOXULv,"Prelude and Fugue in F Minor, BWV 534: Fugue",Johann Sebastian Bach,24,classical,0.179,0.125,6,-20.155,0,0.0316,0.871,0.485,0.139,0.0549,71.486,321493,3
7biF9OMNRD5KsWrrTWOVEe,"Chorale Preludes: No. 25, Valet will ich dir geben, BWV 736",Johann Sebastian Bach,23,classical,0.15,0.158,3,-17.521,1,0.0359,0.574,0.5175,0.126,0.0486,105.417,359960,4
1RJiDTbz2g5YKdVIYxRqtq,"J.S. Bach: Englische Suite Nr. 4 in F, BWV 809 – 2. Allemande",Johann Sebastian Bach,22,classical,0.367,0.0466,5,-29.647,1,0.0481,0.995,0.5175,0.0848,0.657,133.257,184147,4
0dTDYiT4zRIdXg5h2289r7,"St. John Passion, BWV 245, Pt. 2: No. 38, Darnach bat Pilatum Joseph von Arimathia",Johann Sebastian Bach,21,classical,0.338,0.0393,6,-27.149,0,0.0784,0.927,0,0.132,0.128,83.433,114200,3
75RsDUMnPfRbcCeilFoZhP,"St. John Passion, BWV 245, Pt. 2: No. 39, Ruht wohl, ihr heiligen Gebeine",Johann Sebastian Bach,21,classical,0.132,0.165,11,-21.165,0,0.0384,0.985,0.5175,0.149,0.147,91.716,430533,4
6lC7bXBn1KyrwPuRp2MMXP,"St. John Passion, BWV 245, Pt. 2: No. 40, Ach Herr, laß dein lieb Engelein",Johann Sebastian Bach,21,classical,0.181,0.114,2,-19.54,1,0.0402,0.991,0.5175,0.235,0.193,85.07,138267,4
6CqN0M063NTC0C76494Di4,"St. John Passion, BWV 245, Pt. 1 (1725 Version): O Mensch, bewein dein Sünde groß",Johann Sebastian Bach,21,classical,0.232,0.152,9,-21.343,1,0.0361,0.979,0.5175,0.102,0.184,139.604,349600,4
06e3H6pXmxdgw2OtULLJgF,"J.S. Bach: Englische Suite Nr. 4 in F, BWV 809 – 3. Courante",Johann Sebastian Bach,21,classical,0.34,0.0608,5,-27.817,1,0.0687,0.995,0.5175,0.101,0.68,176.328,87627,4
6SI4f8X7pCtWMBZPzTJsAF,"J.S. Bach: Englische Suite Nr. 4 in F, BWV 809 – 4. Sarabande",Johann Sebastian Bach,21,classical,0.504,0.0172,5,-25.637,1,0.0624,0.995,0.5175,0.103,0.269,96.018,199933,3
4Uk70SkwKDD8IBEhVd4rB6,"J.S. Bach: Englische Suite Nr. 4 in F, BWV 809 – 5. Menuet I",Johann Sebastian Bach,21,classical,0.458,0.0676,5,-28.92,1,0.047,0.994,0.5175,0.126,0.888,142.789,82267,4
2oNuVGi9IuycngZqhJOima,"J.S. Bach: Englische Suite Nr. 4 in F, BWV 809 – 5. Menuet II",Johann Sebastian Bach,21,classical,0.381,0.0233,2,-30.854,0,0.0481,0.995,0.5175,0.0761,0.651,134.457,139613,4
6Yoj8fpKDbsALPiS1mnRvB,"J.S. Bach: Englische Suite Nr. 4 in F, BWV 809 – 6. Gigue",Johann Sebastian Bach,21,classical,0.481,0.153,5,-24.187,1,0.0601,0.995,0.5175,0.106,0.932,96.539,209187,3
36ZU8XpNTEbQ0IkWaiGqsU,"18 Chorales ""Leipziger Choräle"": Trio super Allein Gott in der Höh sei Ehr, BWV 664",Johann Sebastian Bach,23,classical,0.155,0.08,10,-25.529,1,0.0447,0.606,0.495,0.0878,0.126,71.11,329827,4
5QSr2LpUkq6RlIWZocRJv1,"Passacaglia & Fugue in C Minor, BWV 582: Passacaglia",Johann Sebastian Bach,23,classical,0.0876,0.111,1,-20.387,0,0.0351,0.773,0.116,0.209,0.0547,86.42,447053,4
1adM59F1jTcyC67nJ0PcGD,"J.S. Bach: Englische Suite Nr. 5 in E-moll, BWV 810 – 1. Prelude",Johann Sebastian Bach,21,classical,0.27,0.132,4,-26.353,0,0.0488,0.994,0.5175,0.139,0.741,183.268,312973,3
6hkjBUN0u37dYdPS0Vu0mW,"J.S. Bach: Englische Suite Nr. 5 in E-moll, BWV 810 – 2. Allemande",Johann Sebastian Bach,20,classical,0.525,0.0492,4,-30.854,0,0.0643,0.996,0.5175,0.113,0.751,112.448,220080,4
4gOyu5ivKm85u75CuunMpR,"J.S. Bach: Englische Suite Nr. 5 in E-moll, BWV 810 – 3. Courante",Johann Sebastian Bach,20,classical,0.335,0.0851,4,-27.595,0,0.0448,0.994,0.5175,0.153,0.845,82.458,129427,3
6OqXT0sNFL2CDFuYyjBiuh,"J.S. Bach: Englische Suite Nr. 5 in E-moll, BWV 810 – 4. Sarabande",Johann Sebastian Bach,20,classical,0.51,0.0454,4,-26.144,0,0.0746,0.996,0.5175,0.108,0.171,95.749,201533,4
1vZI3AiBlK3QMZSeC8o2rr,"J.S. Bach: Englische Suite Nr. 5 in E-moll, BWV 810 – 6. Gigue",Johann Sebastian Bach,20,classical,0.323,0.162,4,-24.495,0,0.0485,0.995,0.5175,0.156,0.801,187.275,194187,3
55qiIuuMEMYIG4oVE4NdS1,"Flute Sonata in A Major, BWV 1032: I. Vivace",Johann Sebastian Bach,18,classical,0.413,0.275,9,-14.999,1,0.0483,0.993,0.5175,0.256,0.691,80.86,308707,4
6GkPqW3e2lP3wELKoVj4gy,"St. John Passion, BWV 245, Pt. 1 (1725 Version): Himmel reiße, Welt erbebe - Jesu, deine Passion",Johann Sebastian Bach,20,classical,0.266,0.202,5,-19.764,0,0.0504,0.983,0.0121,0.119,0.377,68.618,234720,4
4Jp5dtaxdftXgImKT2wKil,"St. John Passion, BWV 245, Pt. 1 (1725 Version): Zerschmettert mich, ihr Felsen und ihr Hügel",Johann Sebastian Bach,20,classical,0.437,0.291,8,-18.544,1,0.0449,0.89,0.00657,0.135,0.649,92.098,276387,4
6qNaAxGCcPYPja65ARPLUU,"St. John Passion, BWV 245, Pt. 2 (1725 Version): Ach windet euch nicht so geplagte Seelen",Johann Sebastian Bach,20,classical,0.339,0.114,4,-19.893,0,0.0395,0.98,0.334,0.102,0.546,89.256,328000,4
4bmq6MGlGRzwO1q12a2SL8,"Fugue in C Minor, BWV 575",Johann Sebastian Bach,23,classical,0.0966,0.0892,1,-26.478,0,0.0353,0.981,0.5175,0.11,0.188,68.616,269987,3
4bGxKauNdJL1meW8CZ2NhA,"J.S. Bach: Englische Suite Nr. 5 in E-moll, BWV 810 – 5. Passepied I en Rondeau",Johann Sebastian Bach,20,classical,0.503,0.0859,4,-27.729,0,0.0551,0.995,0.5175,0.163,0.968,99.759,45147,4
0ezz5mBR3TCKJmyE5J6D8U,"J.S. Bach: Englische Suite Nr. 5 in E-moll, BWV 810 – 5. Passepied II",Johann Sebastian Bach,20,classical,0.433,0.0438,6,-29.776,0,0.0489,0.996,0.5175,0.141,0.85,97.199,106227,4
1HdS8f86XP0Et1N8gU1qr4,"Passacaglia & Fugue in C Minor, BWV 582: Fugue",Johann Sebastian Bach,22,classical,0.178,0.182,1,-19.802,0,0.0377,0.727,0.5175,0.0998,0.0389,73.412,340707,4
4jo4R5R7j2ohWJbRZiF9Ym,"Flute Sonata in A Major, BWV 1032: II. Largo",Johann Sebastian Bach,16,classical,0.274,0.1,9,-17.898,0,0.0437,0.993,0.5175,0.317,0.329,77.015,182467,4
5jxwPvoKcopARZwwV7Emir,"Flute Sonata in A Major, BWV 1032: III. Allegro",Johann Sebastian Bach,15,classical,0.305,0.304,9,-14.394,1,0.0474,0.994,0.5175,0.0974,0.818,174.896,274907,3
5GyDjpueWyDXz1Fe3Zlzqi,"Flute Sonata in B Minor, BWV 1030: I. Andante",Johann Sebastian Bach,15,classical,0.36,0.227,4,-13.813,0,0.0439,0.992,0.5175,0.119,0.417,124.449,447053,4
2CsBsmfhczT7gNrRRvfqx9,"Flute Sonata in B Minor, BWV 1030: II. Largo e dolce",Johann Sebastian Bach,15,classical,0.23,0.145,2,-16.544,1,0.0437,0.991,0.5175,0.0497,0.251,99.702,245387,4
4ntUGt6SRmPDUBkW4z7vuh,"Flute Sonata in G Minor, BWV 1020: III. Allegro",Johann Sebastian Bach,13,classical,0.435,0.326,7,-13.951,0,0.0389,0.988,0.5175,0.301,0.818,93.212,327507,4
3RhWUtkkdmsXvrgkZbuq2z,"Flute Sonata in B Minor, BWV 1030: III. Presto",Johann Sebastian Bach,14,classical,0.324,0.303,11,-14.354,0,0.0565,0.993,0.5175,0.187,0.74,77.125,380787,4
4G87g1IyptJMOF19Kn8FP6,"Flute Sonata in E-Flat Major, BWV 1031: I. Allegro moderato",Johann Sebastian Bach,14,classical,0.425,0.264,3,-15.808,1,0.0374,0.994,0.5175,0.109,0.811,79.843,218733,4
34w3qBV3OWLmN9pTXWM2Gn,"Flute Sonata in E-Flat Major, BWV 1031: II. Siciliano",Johann Sebastian Bach,14,classical,0.258,0.0932,7,-18.814,0,0.0465,0.994,0.5175,0.127,0.465,103.639,131667,3
39a1sMLsFez71j0A55qZ7i,"Flute Sonata in E-Flat Major, BWV 1031: III. Allegro",Johann Sebastian Bach,14,classical,0.405,0.316,3,-15.336,1,0.0428,0.99,0.5175,0.19,0.893,91.622,293040,4
1zGZtLT6ViqCOwUNLyYF0Q,"Flute Sonata in G Minor, BWV 1020: I. Allegro",Johann Sebastian Bach,14,classical,0.424,0.257,7,-15.884,0,0.0379,0.992,0.5175,0.132,0.757,89.498,256907,3
4yDaICGw9zTwvFquXFht5D,"Flute Sonata in G Minor, BWV 1020: II. Adagio",Johann Sebastian Bach,14,classical,0.202,0.116,3,-17.44,1,0.044,0.991,0.5175,0.0946,0.514,164.974,160773,3
5c9ZjK5z0VhoW72NVtEvzJ,"Cantata, BWV 75 ""Die Elenden sollen essen"", Prima parte: I. Chorus. Die Elenden sollen essen",Johann Sebastian Bach,0,classical,0.205,0.309,3,-13.073,0,0.0402,0.974,0.112,0.105,0.305,89.379,273920,4
0eA7caDgL1zthxXUuc8Uxl,"Cantata, BWV 75 ""Die Elenden sollen essen"", Prima parte: II. Recitativo. Was hilft des Purpurs Majestät (Bass)",Johann Sebastian Bach,0,classical,0.372,0.289,10,-14.931,0,0.031,0.956,0,0.381,0.27,108.361,58893,1
0fPDDNM9zz3Jg0OdHMXH5D,"Cantata, BWV 75 ""Die Elenden sollen essen"", Prima parte: III. Aria. Mein Jesus soll mein alles sein (Tenor)",Johann Sebastian Bach,0,classical,0.351,0.232,6,-15.003,1,0.0374,0.979,0.186,0.126,0.293,89.343,299773,4
7zyglEXCZEqfqaqSKq5OWH,"Cantata, BWV 75 ""Die Elenden sollen essen"", Prima parte: Cantata, BWV 75 ""Die Elenden sollen essen"", Prima parte: IV. Recitativo. Gott stürzet und erhöhet (Tenor)",Johann Sebastian Bach,0,classical,0.58,0.215,8,-15.041,0,0.0951,0.979,0,0.201,0.38,75.52,44237,1
5H684ZWvn1rdfNK43jO2Ep,"Cantata, BWV 75 ""Die Elenden sollen essen"", Prima parte: V. Aria. Ich nehme mein Leiden mit Freuden auf mich (Soprano)",Johann Sebastian Bach,0,classical,0.371,0.0675,8,-19.101,0,0.0519,0.992,0.105,0.255,0.163,113.73,289440,3
2k8d10OWZO1ABnmrHANx59,"Cantata, BWV 75 ""Die Elenden sollen essen"", Prima parte: VI. Recitativo. Indes schenkt Gott ein gut Gewissen",Johann Sebastian Bach,0,classical,0.449,0.126,6,-15.358,1,0.0841,0.975,0.000001,0.198,0.264,86.641,44237,5
7wzCUr7nHFJrOWGhrdCSfr,"Cantata, BWV 75 ""Die Elenden sollen essen"", Seconda parte: VIII. Sinfonia",Johann Sebastian Bach,0,classical,0.425,0.36,6,-15.489,1,0.0303,0.869,0.5175,0.271,0.833,96.556,138973,4
3Kly88UpEgselYLAIW2WJP,"Cantata, BWV 75 ""Die Elenden sollen essen"", Seconda parte: IX. Recitativo. Nur eines kränkt ein christliches Gemüte (Alto)",Johann Sebastian Bach,0,classical,0.314,0.259,3,-15.32,0,0.0443,0.961,0.000081,0.264,0.0545,120.896,46093,5
6kBLdPDdZKYs8oFIhYEIRj,"Cantata, BWV 75 ""Die Elenden sollen essen"", Seconda parte: X. Aria. Jesus macht mich geistlich reich (Alto)",Johann Sebastian Bach,0,classical,0.331,0.231,3,-15.783,0,0.0465,0.965,0.0195,0.169,0.404,80.067,142920,3
0kMq5QMOyvorYPL12QnhfB,"Cantata, BWV 75 ""Die Elenden sollen essen"", Seconda parte: XI. Recitativo. Wer nur in Jesu bleibt (Bass)",Johann Sebastian Bach,0,classical,0.471,0.164,3,-19.212,0,0.0843,0.948,0,0.381,0.431,88.242,44237,3
5EO0y3N7D6Gv19OoJfvSnN,"Cantata, BWV 75 ""Die Elenden sollen essen"", Seconda parte: XII. Aria. Mein Herze glaubt und liebt (Tenor)",Johann Sebastian Bach,0,classical,0.359,0.303,11,-14.779,1,0.0408,0.94,0.0468,0.164,0.591,127.541,230520,4
3Mf3jK6xeUJzpeQLr6qg8A,"Cantata, BWV 75 ""Die Elenden sollen essen"", Seconda parte: XIII. Recitativo. O Armut, der kein Reichtum gleicht",Johann Sebastian Bach,0,classical,0.443,0.15,3,-16.868,0,0.0402,0.942,0,0.381,0.555,105.443,44237,4
3ObH8DUNW8Ut5gjyHIQ68F,"Cantata, BWV 75 ""Die Elenden sollen essen"", Seconda parte: XIV. Chorale. Was Gott tut, das ist wohlgetan",Johann Sebastian Bach,0,classical,0.36,0.321,6,-13.274,1,0.0305,0.959,0.00234,0.124,0.576,81.636,111547,4
72Zsck5uaN2ChQyNdpoNUy,"Cantata, BWV 22 ""Jesus nahm zu sich die Zwölfe"": I. Concerto. Jesu nahm zu sich die Zwölfe (Tenor, Bass)",Johann Sebastian Bach,0,classical,0.215,0.324,6,-12.835,0,0.0397,0.962,0.0297,0.137,0.345,82.958,277280,3
6XWd6yXjeDxNAaOnxoXRLu,"Cantata, BWV 22 ""Jesus nahm zu sich die Zwölfe"": II. Aria. Mein Jesu, ziehe mich nach dir (Alto)",Johann Sebastian Bach,0,classical,0.274,0.116,11,-16.797,0,0.0478,0.987,0.5175,0.111,0.103,71.232,282827,3
7bhYQ9BuZrkHqflPDqcd9H,"Cantata, BWV 22 ""Jesus nahm zu sich die Zwölfe"": III. Recitativo. Mein Jesu, ziehe mich, so werd ich laufen (Bass)",Johann Sebastian Bach,0,classical,0.297,0.302,9,-13.426,1,0.0364,0.939,0,0.359,0.0392,99.018,134040,4
4ZVZNfZENa14vRoMTLbWTE,"Cantata, BWV 22 ""Jesus nahm zu sich die Zwölfe"": IV. Aria. Mein alles in allem, mein ewiges Gut (Tenor)",Johann Sebastian Bach,0,classical,0.405,0.265,9,-14.53,1,0.0396,0.914,0.0106,0.177,0.432,123.667,191427,3
5Kda912jgQJuFgrw9kLvQv,"Cantata, BWV 22 ""Jesus nahm zu sich die Zwölfe"": V. Chorale. Ertöt uns durch dein Güte",Johann Sebastian Bach,0,classical,0.258,0.309,9,-12.704,1,0.0339,0.954,0.0715,0.142,0.513,152.455,125227,4
4BXdZKnqzpUUF6kMeecXw4,"Cantata, BWV 127 ""Herr Jesu Christ, wahr’ Mensch und Gott"": I. Chorus. Herr Jesu Christ, wahr’ Mensch und Gott",Johann Sebastian Bach,0,classical,0.27,0.269,1,-13.187,0,0.0387,0.954,0.192,0.257,0.144,121.917,316840,4
6G8g00NYbffkmABzPoJrSr,"Cantata, BWV 127 ""Herr Jesu Christ, wahr’ Mensch und Gott"": II. Recitativo. Wenn alles sich zur letzten Zeit entsetzet (Tenor)",Johann Sebastian Bach,0,classical,0.501,0.0823,11,-16.934,0,0.0452,0.969,0,0.131,0.188,114.513,74053,4
28SRgNvpVr6Awxrcld6Q1o,"Cantata, BWV 127 ""Herr Jesu Christ, wahr’ Mensch und Gott"": III. Aria. Die Seele ruht in Jesu Händen (Soprano)",Johann Sebastian Bach,0,classical,0.256,0.0666,11,-18.621,0,0.0446,0.993,0.5175,0.0833,0.103,71.379,447053,4
7scmZfHipXZY1ggeiP2AbR,"Cantata, BWV 127 ""Herr Jesu Christ, wahr’ Mensch und Gott"": IV. Recitativo. Wenn einstens die Posaunen schallen (Bass)",Johann Sebastian Bach,0,classical,0.395,0.368,11,-13.138,1,0.0448,0.974,0.00275,0.343,0.389,126.652,237560,3
4xCrfkYCTwOpr9mrJmqlLK,"Cantata, BWV 127 ""Herr Jesu Christ, wahr’ Mensch und Gott"": V. Chorale. Ach Herr, vergib all unsre Schuld",Johann Sebastian Bach,0,classical,0.251,0.253,4,-10.186,1,0.0386,0.961,0.0064,0.221,0.399,85.405,53480,3
5nU06VciTiW84N38O9TBF4,"St. John Passion, BWV 245, Pt. 2: No. 31, Und neiget das Haupt und verschied",Johann Sebastian Bach,0,classical,0.254,0.00245,10,-30.854,0,0.0436,0.892,0.000003,0.113,0,64.773,44237,3
1j8kYV9aXlFqh8TaJbp1bc,"St. John Passion, BWV 245, Pt. 2: No. 33, Und siehe da, der Vorhang im Tempel zerriß",Johann Sebastian Bach,0,classical,0.446,0.326,3,-16.465,0,0.0968,0.959,0,0.118,0.204,138.006,44237,3
2V7yoP5jllo4f0xvaWbBq6,"Prelude & Fugue in C-Sharp Major, BWV 872: Prelude (Arr. A. Siloti for Piano)",Johann Sebastian Bach,0,classical,0.239,0.0611,6,-29.027,1,0.0524,0.995,0.5175,0.0888,0.163,64.491,179307,3
2rvOKaph3fAyCiNRjhePuA,"Violin Partita No. 3 in E Major, BWV 1006: I. Prelude (Arr. S. Rachmaninoff for Piano)",Johann Sebastian Bach,0,classical,0.311,0.231,4,-19.577,1,0.0318,0.993,0.5175,0.106,0.295,92.027,317093,3
6uB3EC9LizluvFZIzWFdOP,"Prelude & Fugue in E Minor, BWV 555: Prelude (Arr. A. Siloti for Piano)",Johann Sebastian Bach,0,classical,0.487,0.0209,7,-26.983,1,0.0853,0.996,0.5175,0.076,0.205,73.387,182013,4
1YD5wgLX3V5YQC5z8zGaqF,"Violin Sonata No. 2 in A Minor, BWV 1003: III. Andante (Arr. A. Siloti for Piano)",Johann Sebastian Bach,0,classical,0.458,0.0167,2,-30.717,1,0.0657,0.995,0.5175,0.0713,0.0643,68.639,307733,4
1Kodw9Z5kiTE17fELkhx1F,"Keyboard Sonata in D Minor, BWV 964: II. Fuga",Johann Sebastian Bach,0,classical,0.327,0.197,2,-21.642,0,0.0316,0.995,0.5175,0.169,0.676,82.277,435520,4
6SHbItaJlaS8eLWWFjKfkt,"Lute Suite in G Minor, BWV 995: V. Gavotte I - VI. Gavotte II & Rondeau (Arr. A. Tirabassi for Piano)",Johann Sebastian Bach,0,classical,0.47,0.104,7,-24.146,0,0.0438,0.995,0.5175,0.144,0.492,78.087,249787,4
47ThS7oJ4zobwyYUcNS0VR,"Prelude & Fugue in E-Flat Minor, BWV 853: Prelude (Arr. R. Burmeister for Piano)",Johann Sebastian Bach,0,classical,0.379,0.0347,3,-23.543,0,0.0438,0.993,0.5175,0.136,0.0369,61.305,287853,4
4AOK3HX5W8gGtYdJ461ZKB,"St. John Passion, BWV 245: No. 19, Betrachte, meine Seel, mit ängstlichem Vergnügen (Arr. E. Naoumoff for Piano)",Johann Sebastian Bach,0,classical,0.371,0.0111,3,-30.854,1,0.05,0.994,0.5175,0.0957,0.115,133.314,199960,3
7mt2q55Jad05oChxIp9dbl,"Harpsichord Concerto No. 5 in F Minor, BWV 1056: II. Largo (Arr. A. Cortot for Piano)",Johann Sebastian Bach,0,classical,0.286,0.016,8,-30.281,1,0.0508,0.994,0.5175,0.101,0.0834,74.335,170933,4
2I6eaVWpMWHztb0q2CCfW4,"St. Matthew Passion, BWV 244: No. 49, Aus Liebe will mein Heiland sterben (Arr. E. Naoumoff for Piano)",Johann Sebastian Bach,0,classical,0.372,0.015,9,-30.854,0,0.0697,0.996,0.5175,0.0771,0.222,75.101,390613,4
4resnU4l5EN2p44gCblZqO,"Was mir behagt, ist nur die muntre Jagd, BWV 208 ""Hunt Cantata"": No. 9, Schafe können sicher weiden (Arr. W.B. Goldberg for Piano)",Johann Sebastian Bach,0,classical,0.519,0.0599,11,-23.76,1,0.0369,0.992,0.5175,0.136,0.14,97.474,317227,4
6KlVLEKdo5SG0Rpzr5ENo9,"St. Matthew Passion, BWV 244: No. 39, Erbarme dich, mein Gott (Arr. F. Zabel for Piano)",Johann Sebastian Bach,0,classical,0.375,0.0307,11,-28.593,0,0.0441,0.993,0.5175,0.0899,0.0694,126.078,447053,4
6E96WfGTy868yLMgFGuJYY,"Johannespassion, BWV 245, Pt. 1 No. 1: Herr, unser Herrscher (Chor)",Johann Sebastian Bach,0,classical,0.184,0.369,7,-14.804,0,0.0388,0.943,0.5175,0.104,0.0936,118.316,447053,4
5fZtwNYMnSUGXjQpp5N2h7,"Johannespassion, BWV 245, Pt. 1 No. 2a: Jesus ging mit seinen Jüngern (Evangelist, Jesus)",Johann Sebastian Bach,0,classical,0.497,0.0878,10,-23.263,1,0.0961,0.861,0,0.267,0.207,100.39,76627,4
1Bwyayd4lv9AzH07O9YXH9,"Johannespassion, BWV 245, Pt. 1 No. 2c: Jesus spricht zu ihnen: Ich bin's (Evangelist, Jesus)",Johann Sebastian Bach,0,classical,0.448,0.0556,3,-22.192,1,0.0509,0.839,0,0.138,0.24,128.798,44237,4
1ajW9Goy5Croqc6dodhUAd,"Johannespassion, BWV 245, Pt. 1 No. 2e: Jesus antwortete: Ich hab's euch gesagt (Evangelist, Jesus)",Johann Sebastian Bach,0,classical,0.366,0.0338,0,-21.069,1,0.0348,0.962,0,0.272,0.273,85.923,44237,3
3WXP5TqETmwDfDrHMrH8BP,"Johannespassion, BWV 245, Pt. 1 No. 3: O große Lieb (Choral)",Johann Sebastian Bach,0,classical,0.0654,0.268,7,-17.381,0,0.0358,0.992,0.0585,0.238,0.0797,72.526,57800,4
0ROTcA6iqK1ip2GzNbTABQ,"Johannespassion, BWV 245, Pt. 1 No. 4a: Auf daß das Wort erfüllet würde (Evangelist, Jesus)",Johann Sebastian Bach,0,classical,0.417,0.0612,7,-23.62,1,0.0568,0.905,0,0.157,0.266,118.793,84733,3
50bNBYNshWsIFHMUPEdFL6,"Johannespassion, BWV 245, Pt. 1 No. 5: Dein Will' gescheh' (Choral)",Johann Sebastian Bach,0,classical,0.104,0.242,2,-16.396,0,0.0332,0.97,0.0421,0.134,0.378,172.577,51907,3
5FZiANv87cwn7yTdt4I4Fb,"Johannespassion, BWV 245, Pt. 1 No. 6: Die Schar aber und der Oberhauptmann (Evangelist)",Johann Sebastian Bach,0,classical,0.455,0.0994,0,-20.581,0,0.0636,0.852,0,0.368,0.299,80.85,50733,4
71QJocxBA03wwFFttZdtn1,"Johannespassion, BWV 245, Pt. 1 No. 7: Von den Stricken meiner Sünden (Aria - Alt)",Johann Sebastian Bach,0,classical,0.234,0.175,2,-19.488,0,0.0447,0.927,0.195,0.231,0.159,119.941,335560,3
1W5oEeyTGCUWcWYX1IbE66,"Johannespassion, BWV 245, Pt. 1 No. 8: Simon Petrus aber folgete Jesus nach (Evangelist)",Johann Sebastian Bach,0,classical,0.513,0.125,10,-21.25,1,0.115,0.796,0,0.099,0,90.405,44237,1
4tOHoMT2GDz79cdx6aEiKm,"Johannespassion, BWV 245, Pt. 1 No. 9: Ich folge dir gleichfalls mit freudigen Schritten (Aria - Sopran)",Johann Sebastian Bach,0,classical,0.448,0.111,10,-16.972,1,0.067,0.949,0.000006,0.335,0.495,126.81,238133,3
0XxB0awQZ7rp1MzNAxSfgO,"Johannespassion, BWV 245, Pt. 1 No. 10: Derselbige Jünger war dem Hohenpriester bekannt (Evangelist, Ancilla, Petrus, Jesus, Servus)",Johann Sebastian Bach,0,classical,0.446,0.117,7,-21.213,1,0.0633,0.948,0,0.251,0.185,130.467,232773,4
7KkN2wpW0gG1WZ9r9tInvE,"Johannespassion, BWV 245, Pt. 1 No. 11: Wer hat dich so geschlagen (Choral)",Johann Sebastian Bach,0,classical,0.166,0.186,9,-15.944,1,0.0323,0.984,0.514,0.177,0.195,60.513,113427,4
6LFA75kgDWn6KTaO89egFD,"Johannespassion, BWV 245, Pt. 1 No. 12a: Und Hannas sandte ihn gebunden (Evangelist)",Johann Sebastian Bach,0,classical,0.473,0.0465,5,-25.246,0,0.0775,0.884,0,0.381,0.522,118.932,44237,3
6Uiet38dfkyoWBkVeafkd5,"Johannespassion, BWV 245, Pt. 1 No. 12c: Er leugnete aber und sprach (Evangelist, Petrus, Servus)",Johann Sebastian Bach,0,classical,0.244,0.146,11,-20.773,0,0.0498,0.913,0,0.23,0.0935,174.496,104013,3
5SqblMs3oHLmQ3II7yz78h,"Johannespassion, BWV 245, Pt. 1 No. 13: Ach, mein Sinn, wo willst du endlich hin (Aria - Tenor)",Johann Sebastian Bach,0,classical,0.33,0.291,2,-14.635,1,0.04,0.881,0.000005,0.147,0.314,116.684,199827,4
4SKiz02eFytKj1j7bEPh5G,"Johannespassion, BWV 245, Pt. 1 No. 14 Petrus, der nicht denkt zurück (Choral)",Johann Sebastian Bach,0,classical,0.151,0.205,9,-17.03,1,0.0367,0.98,0.0532,0.11,0.142,138.652,87160,5
2b8o0kbmEYyNqL0Ub2p7kx,"Johannespassion, BWV 245, Pt. 2 No. 15: Christus, der uns selig macht (Choral)",Johann Sebastian Bach,0,classical,0.195,0.265,9,-14.795,1,0.0332,0.939,0.0169,0.139,0.427,131.779,66907,4
1vfE1T7RDpW9qpyYN4yGK2,"Johannespassion, BWV 245, Pt. 2 No. 16a: Da führeten sie Jesum (Evangelist)",Johann Sebastian Bach,0,classical,0.584,0.111,0,-21.128,1,0.139,0.912,0,0.381,0.349,80.596,44237,5
71rwSbVf4UbGspPxbsQpQ7,"Johannespassion, BWV 245, Pt. 2 No. 16d: Wir dürfen niemand töten (Chor)",Johann Sebastian Bach,0,classical,0.351,0.513,5,-13.191,1,0.0308,0.915,0.5175,0.381,0.614,106.347,44237,3
3O4zAXQBygOwqiMFSRpGrC,"Johannespassion, BWV 245, Pt. 2 No. 16e: Auf daß erfüllet würde das Wort Jesu (Evangelist, Pilatus, Jesus)",Johann Sebastian Bach,0,classical,0.383,0.0844,9,-22.03,0,0.0588,0.957,0,0.166,0.177,93.429,134640,4
6caxMx0ZuTqSeXFYQXGQsD,"Johannespassion, BWV 245, Pt. 2 No. 17: Ach, großer König (Choral)",Johann Sebastian Bach,0,classical,0.24,0.188,2,-16.499,0,0.0305,0.97,0.000052,0.324,0.307,69.65,86507,4
2vkPI26DNLU5YbRTbOZnjN,"Johannespassion, BWV 245, Pt. 2 No. 18a: Da sprach Pilatus zu ihm (Evangelist, Pilatus, Jesus)",Johann Sebastian Bach,0,classical,0.377,0.107,2,-20.566,1,0.108,0.944,0,0.237,0.316,208.22799999999995,98627,4
6pxaiMx2hyCjmXynOjD2e2,"Johannespassion, BWV 245, Pt. 2 No. 18c: Barrabas aber war ein Mörder (Evangelist)",Johann Sebastian Bach,0,classical,0.486,0.472,2,-14.556,1,0.0591,0.934,0.0585,0.308,0.479,117.958,44237,4
4jo3eJRkXmbYetXkRPv5Hu,"Johannespassion, BWV 245, Pt. 2 No. 19: Betrachte, meine Seel', mit ängstlichem Vergnügen (Arioso - Bass)",Johann Sebastian Bach,0,classical,0.236,0.174,3,-19.336,1,0.0392,0.947,0.000064,0.108,0.0835,69.609,130400,4
0WuhtjN4A9gVEScJHnHATS,"Johannespassion, BWV 245, Pt. 2 No. 20: Erwäge, wie sein blutgefärbter Rücken (Aria - Tenor)",Johann Sebastian Bach,0,classical,0.193,0.139,0,-17.539,0,0.041,0.939,0.000034,0.123,0.258,67.593,447053,4
3TpUulEe2yIZf4GRAhWDPi,"Johannespassion, BWV 245, Pt. 2 No. 21b: Sei gegrüßet (Chor)",Johann Sebastian Bach,0,classical,0.365,0.426,10,-15.855,1,0.0394,0.953,0.145,0.381,0.392,111.149,44237,4
1B5tnF2aAHWvJAxGZvGcOS,"Johannespassion, BWV 245, Pt. 2 No. 21c: Und gaben ihm Backenstreiche (Evangelist, Pilatus)",Johann Sebastian Bach,0,classical,0.394,0.105,2,-19.989,0,0.0725,0.953,0,0.334,0.361,188.642,59973,4
0iXNPUxnqbXFsQUQNObfP8,"Johannespassion, BWV 245, Pt. 2 No. 21e: Pilatus sprach zu ihnen (Evangelist, Pilatus)",Johann Sebastian Bach,0,classical,0.581,0.16,9,-20.297,1,0.0675,0.903,0,0.381,0.756,125.393,44237,5
5Qy8xedj9bwzt71aBwFiCV,"Johannespassion, BWV 245, Pt. 2 No. 21f: Wir haben ein Gesetz (Chor)",Johann Sebastian Bach,0,classical,0.323,0.455,5,-14.491,1,0.0284,0.909,0.000255,0.381,0.756,99.109,81360,4
1V2C2FlVTRJZiHqTFLRHDU,"Johannespassion, BWV 245, Pt. 2 No. 21g: Da Pilatus das Wort hörete (Evangelist, Pilatus, Jesus)",Johann Sebastian Bach,0,classical,0.462,0.0756,9,-20.939,1,0.0483,0.947,0,0.251,0.302,80.204,90773,4
4VWW5gOnjWFsGarFyPWq1T,"Johannespassion, BWV 245, Pt. 2 No. 22: Durch dein Gefängnis, Gottes Sohn (Choral)",Johann Sebastian Bach,0,classical,0.187,0.148,11,-21.732,1,0.0356,0.987,0.114,0.114,0.349,137.471,58493,5
47vv3ESVE9T1XH8FMsTHXC,"Johannespassion, BWV 245, Pt. 2 No. 23c: Da Pilatus das Wort hörete (Evangelist, Pilatus)",Johann Sebastian Bach,0,classical,0.48,0.114,6,-19.283,0,0.0701,0.858,0,0.381,0.564,96.496,47560,3
1AURcPTk7mpSsZjtPKXSnb,"Johannespassion, BWV 245, Pt. 2 No. 23e: Spricht Pilatus zu ihnen (Evangelist)",Johann Sebastian Bach,0,classical,0.344,0.2,11,-18.376,1,0.0665,0.864,0,0.381,0.534,208.22799999999995,44237,5
3CXy8R3GZN1RD6ARU6VYFI,"Johannespassion, BWV 245, Pt. 2 No. 23g: Da überantwortete er ihn (Evangelist)",Johann Sebastian Bach,0,classical,0.408,0.124,2,-20.398,1,0.0753,0.928,0,0.194,0.263,110.456,55920,3
2pgxaN4dpJsXOxXUpfScTy,"Johannespassion, BWV 245, Pt. 2 No. 24: Eilt, ihr angefocht'nen Seelen - Wohin? (Aria - Bass mit Chor)",Johann Sebastian Bach,0,classical,0.377,0.323,7,-16.452,0,0.0426,0.936,0.00296,0.381,0.452,128.089,286027,4
1sXkBgadhMdybETMB1v9zO,"Johannespassion, BWV 245, Pt. 2 No. 25a: Allda kreuzigten sie ihn (Evangelist)",Johann Sebastian Bach,0,classical,0.441,0.106,8,-20.088,1,0.113,0.872,0,0.381,0.288,78.14,86933,3
1AqUmRKRodo8JUP4DLvs9L,"Johannespassion, BWV 245, Pt. 2 No. 26: In meines Herzens Grunde (Choral)",Johann Sebastian Bach,0,classical,0.226,0.235,3,-15.036,1,0.0308,0.965,0.00318,0.14,0.367,80.53,56840,4
11Qi4mIF1jlI2gzzvWbnOa,"Johannespassion, BWV 245, Pt. 2 No. 27a: Die Kriegsknechte aber (Evangelist)",Johann Sebastian Bach,0,classical,0.598,0.141,7,-19.665,0,0.0632,0.893,0,0.183,0.595,77.184,44237,5
3Gyw9re2BrZeKwsJE3u1Rg,"Johannespassion, BWV 245, Pt. 2 No. 27c: Auf daß erfüllet würde die Schrift (Evangelist, Jesus)",Johann Sebastian Bach,0,classical,0.395,0.0794,9,-23.647,1,0.0656,0.95,0,0.282,0.127,100.866,112107,4
6ivS1y21xRwKPZb9VHp8vV,"Johannespassion, BWV 245, Pt. 2 No. 28: Er nahm alles wohl in acht (Choral)",Johann Sebastian Bach,0,classical,0.112,0.242,9,-17.181,1,0.036,0.975,0.075,0.381,0.369,168.004,67533,3
0AMYvpda3zjEEtU2fI8XBq,"Johannespassion, BWV 245, Pt. 2 No. 29: Und von Stund' an nahm sie der Jünger zu sich (Evangelist, Jesus)",Johann Sebastian Bach,0,classical,0.464,0.0546,11,-23.128,0,0.0594,0.923,0,0.103,0.128,110.502,89573,3
2b9kIZDLwiFLZPGGfEUhed,"Johannespassion, BWV 245, Pt. 2 No. 30: Es ist vollbracht! - Der Held aus Juda (Aria - Alt)",Johann Sebastian Bach,0,classical,0.144,0.0197,11,-25.506,0,0.0451,0.9,0.000284,0.209,0.0524,94.464,372827,4
3ZRVTtHTG5Y91TFwXyEGUk,"Johannespassion, BWV 245, Pt. 2 No. 31: Und neigte das Haupt und verschied (Evangelist)",Johann Sebastian Bach,0,classical,0.15,0.00664,7,-30.854,1,0.0438,0.898,0.000001,0.114,0.0456,167.508,44237,3
6ZnyYYpClW5sohNKFsSrr3,"Johannespassion, BWV 245, Pt. 2 No. 32: Mein teurer Heiland, laß dich fragen - Jesu, der du warest tot (Aria - Bass mit Chor)",Johann Sebastian Bach,0,classical,0.345,0.241,2,-17.077,1,0.0401,0.908,0.00001,0.339,0.387,117.134,274533,3
1zKXammhyYrSrXtEnHPGke,"Johannespassion, BWV 245, Pt. 2 No. 33: Und siehe da, der Vorhang im Tempel zerriß (Evangelist)",Johann Sebastian Bach,0,classical,0.566,0.417,11,-14.078,1,0.147,0.864,0,0.154,0.268,96.346,44237,4
5BjPdil4jkRCaSMxy1lxBF,"Johannespassion, BWV 245, Pt. 2 No. 34: Mein Herz, in dem die ganze Welt (Arioso - Tenor)",Johann Sebastian Bach,0,classical,0.208,0.197,0,-16.084,1,0.0397,0.906,0.000189,0.291,0.0605,81.183,64440,4
6lYxvlwUkXcprm5tXJmwNs,"Johannespassion, BWV 245, Pt. 2 No. 35: Zerfließe, mein Herze (Aria - Sopran)",Johann Sebastian Bach,0,classical,0.159,0.14,5,-17.329,0,0.0445,0.953,0.0532,0.107,0.0735,58.783,391427,3
0lktByFnvpsEa1jbCXTsk1,"Johannespassion, BWV 245, Pt. 2 No. 36: Die Juden aber, dieweil es der Rüsttag war (Evangelist)",Johann Sebastian Bach,0,classical,0.485,0.121,7,-21.003,0,0.0733,0.854,0,0.263,0.335,74.58,146133,4
2UTNFyAfQKZQLcKBgOG6vA,"Johannespassion, BWV 245, Pt. 2 No. 37: O hilf, Christe, Gottes Sohn (Choral)",Johann Sebastian Bach,0,classical,0.131,0.193,3,-15.472,0,0.0324,0.953,0.00358,0.159,0.45,173.187,67907,5
1mamUzEh9CMuFI2oZ2Pc3k,"Johannespassion, BWV 245, Pt. 2 No. 38: Darnach bat Pilatum Joseph von Arimathia (Evangelist)",Johann Sebastian Bach,0,classical,0.336,0.0569,0,-22.838,1,0.0695,0.935,0,0.194,0.173,165.653,155800,4
0YDCyPfCBJAUnL5sil8LXl,"Johannespassion, BWV 245, Pt. 2 No. 39: Ruht wohl, ihr heiligen Gebeine (Chor)",Johann Sebastian Bach,0,classical,0.145,0.244,0,-16.608,0,0.0328,0.966,0.0872,0.282,0.101,141.885,446400,3
7A7eIsTQdbo2wirsiebWF5,"Johannespassion, BWV 245, Pt. 2 No. 40: Ach Herr, laß dein lieb' Engelein (Choral)",Johann Sebastian Bach,0,classical,0.181,0.251,3,-14.942,1,0.0354,0.968,0.5175,0.297,0.227,137.332,132573,5
62Boz6NDFyOT3tKkSWis2E,Adelita,Francisco Tárrega,63,classical,0.37,0.0235,4,-30.854,0,0.0478,0.986,0.5175,0.0646,0.189,83.766,108053,4
6qUjY7JsuQYxn99qfOAQyB,"Nocturne in E-Flat Major, Op. 9, No.2",Frédéric Chopin,63,classical,0.309,0.0472,3,-25.497,1,0.041,0.992,0.5175,0.0979,0.0693,72.915,232240,3
6N7JzrteJv8lsr1GWYyu0b,Suite bergamasque: Suite bergamasque: III. Clair de lune. Andante très expressif,Claude Debussy,64,classical,0.343,0.0252,1,-27.013,1,0.0488,0.993,0.5175,0.0454,0.0395,67.207,279160,5
4wF5J2v6T0nWFjnVRnOiPe,"Sonata No. 16 in C Major, K. 545: I. Allegro",Wolfgang Amadeus Mozart,43,classical,0.317,0.101,0,-28.451,1,0.0342,0.984,0.5175,0.121,0.521,129.709,287453,4
3ytIcNMWj2WlEAIGPDvxA1,"Violin Sonata No. 18 in G Major, K. 301: I. Allegro con spirito",Wolfgang Amadeus Mozart,43,classical,0.385,0.173,7,-16.968,1,0.0373,0.982,0.168,0.13,0.532,143.382,447053,4
1UJBNRqzx7PUo9eHITbLyy,"Violin Sonata No. 18 in G Major, K. 301: II. Allegro",Wolfgang Amadeus Mozart,41,classical,0.41,0.123,7,-19.913,1,0.0369,0.983,0.00615,0.0664,0.519,99.347,309640,4
4820SC1xnUaabzzYQTDkP2,Gnossienne: No. 1,Erik Satie,61,classical,0.372,0.00798,0,-28.345,0,0.0447,0.996,0.5175,0.0983,0.0784,95.141,214133,4
3tYfzAWn1oDty4e7UcGMSd,"Violin Sonata No. 19 in E-Flat Major, K. 302: I. Allegro",Wolfgang Amadeus Mozart,41,classical,0.385,0.179,3,-19.954,1,0.0374,0.986,0.23,0.0885,0.499,146.686,313413,4
4HhZrraQ5SCx9pwrTRLzKt,"Violin Sonata No. 19 in E-Flat Major, K. 302: II. Rondo. Andante grazioso",Wolfgang Amadeus Mozart,40,classical,0.342,0.0697,3,-21.539,1,0.0392,0.988,0.206,0.111,0.349,137.151,343347,4
3eW9s1COIABiOh5HiOY8kE,"Violin Sonata No. 20 in C Major, K. 303: I. Adagio - Allegro molto",Wolfgang Amadeus Mozart,40,classical,0.307,0.109,0,-20.434,1,0.0371,0.983,0.1,0.0969,0.239,98.684,326160,4
6BS9amPM9t52pA02LZZzvF,"Violin Sonata No. 21 in E Minor, K. 304: II. Tempo di menuetto",Wolfgang Amadeus Mozart,39,classical,0.348,0.0661,4,-20.984,0,0.0397,0.986,0.0539,0.131,0.219,120.448,322987,3
6RAGrxsKZwucwSB4R8oWEl,"Violin Sonata No. 20 in C Major, K. 303: II. Tempo di menuetto",Wolfgang Amadeus Mozart,39,classical,0.332,0.119,0,-19.191,1,0.0351,0.986,0.068,0.107,0.449,98.846,303640,3
2xgsP8rpnzq4qqssri5Yxm,"String Quartet No. 14 in G Major, K. 387: I. Allegro vivace assai",Wolfgang Amadeus Mozart,39,classical,0.354,0.0916,7,-17.583,1,0.0416,0.972,0.5175,0.361,0.428,126.424,440640,4
4MMBdqYljq1AqjF2hl9Jas,"Violin Sonata No. 21 in E Minor, K. 304: I. Allegro",Wolfgang Amadeus Mozart,39,classical,0.49,0.108,4,-19.229,0,0.0379,0.989,0.5175,0.0987,0.405,91.01,399533,4
4q8f3Ls32PcXE8Ks4V1ufx,"Chopin : 24 Preludes Op.28 : No.15 in D flat major, 'Raindrop'",Frédéric Chopin,63,classical,0.398,0.00293,1,-29.481,1,0.0666,0.995,0.5175,0.0897,0.0804,130.464,348333,4
0WJZmRmlQnoybpeLuKC43t,"Violin Sonata No. 22 in A Major, K. 305: I. Allegro di molto",Wolfgang Amadeus Mozart,38,classical,0.466,0.307,4,-15.327,1,0.0542,0.967,0.5175,0.0757,0.678,165.045,278267,4
0Sx68sARFlf76l9Bjxf4H8,"Violin Sonata No. 22 in A Major, K. 305: II. Theme & Variations. Andante grazioso",Wolfgang Amadeus Mozart,38,classical,0.382,0.0864,9,-18.516,1,0.0378,0.981,0.161,0.0936,0.428,105.97,447053,4
7tNpZXPAmduL9nFQ1JJGAF,"String Quartet No. 14 in G Major, K. 387: II. Menuetto: Allegro",Wolfgang Amadeus Mozart,37,classical,0.271,0.0998,7,-17.689,1,0.0452,0.98,0.5175,0.381,0.168,132.957,447053,3
6AksLXEJc5JQTCaBS1FvOQ,"Violin Sonata No. 23 in D Major, K. 306: I. Allegro con spirito",Wolfgang Amadeus Mozart,38,classical,0.437,0.176,2,-18.484,1,0.0349,0.976,0.262,0.102,0.553,133.518,444307,4
7Kl45NZrFkAgmfqSS2zUbs,"Violin Sonata No. 23 in D Major, K. 306: II. Andantino cantabile",Wolfgang Amadeus Mozart,37,classical,0.257,0.0624,7,-22.348,1,0.0378,0.977,0.0669,0.109,0.173,98.58,447053,4
0VOA9sPqFSPrBPMcRD0eRV,"String Quartet No. 14 in G Major, K. 387: III. Andante cantabile",Wolfgang Amadeus Mozart,36,classical,0.159,0.107,7,-21.436,1,0.0416,0.95,0.5175,0.0975,0.0628,87.182,447053,4
3iWOtrhiJLISDVQVA1603m,"Violin Sonata No. 23 in D Major, K. 306: III. Allegretto",Wolfgang Amadeus Mozart,37,classical,0.384,0.188,2,-19.013,1,0.0516,0.979,0.5175,0.0777,0.443,83.278,389200,4
25unNaI2u3KoAxHlepU0mC,"Violin Sonata No. 17 in C Major, K. 296: I. Allegro vivace",Wolfgang Amadeus Mozart,36,classical,0.538,0.183,7,-22.54,1,0.0379,0.967,0.182,0.115,0.806,140.153,386653,4
6JMyFxkzfg8TMBDzJrf49G,"Violin Sonata No. 17 in C Major, K. 296: II. Andante sostenuto",Wolfgang Amadeus Mozart,36,classical,0.19,0.0204,5,-24.952,1,0.0412,0.966,0.128,0.109,0.294,83.371,305840,4
55H6ztBOcDtsgOHlNMrvr2,"String Quartet No. 14 in G Major, K. 387: IV. Molto allegro",Wolfgang Amadeus Mozart,36,classical,0.517,0.195,2,-15.422,1,0.0374,0.969,0.5175,0.381,0.456,84.882,310787,4
7aslKZiuW0JyaUUkwdUqD0,"Violin Sonata No. 17 in C Major, K. 296: III. Rondo. Allegro",Wolfgang Amadeus Mozart,36,classical,0.502,0.127,0,-22.277,1,0.0418,0.985,0.5175,0.115,0.574,94.723,260987,4
6eHtIE4WnkbHCppS54scNQ,"String Quartet No. 15 in D Minor, K. 421: I. Allegro",Wolfgang Amadeus Mozart,35,classical,0.316,0.0882,2,-19.397,0,0.038,0.967,0.5175,0.0369,0.328,90.981,419387,4
6AXKgwnAhmagzCXjTmoHjw,"Piano Concerto No. 17 in G Major, K. 453: I. Allegro",Wolfgang Amadeus Mozart,34,classical,0.374,0.214,7,-15.513,1,0.0339,0.966,0.5175,0.216,0.154,133.244,447053,4
4XEuswcoyn9lAvYpk8NUUj,"Violin Sonata No. 24 in F Major, K. 376: I. Allegro",Wolfgang Amadeus Mozart,36,classical,0.4,0.129,0,-18.73,1,0.0407,0.968,0.0159,0.103,0.349,144.634,286613,4
550t5OOdXjcnKggqLLUVNz,"Violin Sonata No. 24 in F Major, K. 376: II. Andante",Wolfgang Amadeus Mozart,35,classical,0.294,0.0412,10,-25.585,1,0.0391,0.961,0.00656,0.119,0.362,107.749,317227,3
1Ajyc5fJqNcTxflHaTIUwh,"String Quartet No. 15 in D Minor, K. 421: II. Andante",Wolfgang Amadeus Mozart,35,classical,0.201,0.0401,5,-23.026,1,0.0548,0.968,0.0414,0.195,0.0679,85.555,447053,3
3H9yE9KhHSxy9SZ3EuPqGG,"Violin Sonata No. 24 in F Major, K. 376: III. Rondo. Allegretto grazioso",Wolfgang Amadeus Mozart,35,classical,0.441,0.0975,5,-19.851,1,0.0436,0.975,0.131,0.0901,0.381,151.53,346880,4
2zh2mNhAhKMmqB0v47UQDi,"Violin Sonata No. 25 in F Major, K. 377: II. Theme & Variations. Andante",Wolfgang Amadeus Mozart,35,classical,0.415,0.0638,2,-21.582,0,0.0391,0.973,0.0302,0.118,0.238,118.453,447053,4
444tgNDy2gWAjOvnOMKVEn,"Fantasy in C Minor, K. 475",Wolfgang Amadeus Mozart,32,classical,0.307,0.0278,7,-27.716,1,0.0376,0.985,0.5175,0.111,0.133,81.476,447053,4
1ett6bMjIaHnSGgRbIP8he,"String Quartet No. 15 in D Minor, K. 421: III. Menuetto: Allegretto",Wolfgang Amadeus Mozart,35,classical,0.456,0.0292,2,-18.905,1,0.0393,0.961,0.316,0.0812,0.243,103.867,256520,3
1SLRBhRvhEXoXorZofUafU,"Violin Sonata No. 25 in F Major, K. 377: I. Allegro",Wolfgang Amadeus Mozart,35,classical,0.492,0.228,5,-17.958,1,0.0331,0.971,0.458,0.104,0.663,89.831,234613,4
69a3KpKhn5SITWPN0BcenL,"String Quartet No. 15 in D Minor, K. 421: IV. Allegretto ma non troppo",Wolfgang Amadeus Mozart,34,classical,0.33,0.0544,2,-20.566,0,0.0508,0.97,0.399,0.208,0.273,83.996,403600,4
11WcNOKsXFkuPP0wMyGi0A,"Violin Sonata No. 25 in F Major, K. 377: III. Tempo di menuetto",Wolfgang Amadeus Mozart,34,classical,0.378,0.0804,5,-20.124,1,0.0476,0.982,0.0404,0.121,0.256,130.421,287680,3
2rqUTFb8FOeqtycgYSpBkE,"Violin Sonata No. 26 in B-Flat Major, K. 378: I. Allegro moderato",Wolfgang Amadeus Mozart,34,classical,0.393,0.113,5,-21.726,1,0.0387,0.976,0.28,0.118,0.48,132.366,447053,4
6gdrBEHdJs2KBooWsP8tPl,"Violin Sonata No. 26 in B-Flat Major, K. 378: II. Andantino sostenuto e cantabile",Wolfgang Amadeus Mozart,34,classical,0.193,0.0197,3,-25.149,1,0.045,0.977,0.105,0.134,0.201,167.817,353773,3
3zaD0Znk8Dl4VTITlKE7Md,"Violin Sonata No. 26 in B-Flat Major, K. 378: III. Rondo. Allegro",Wolfgang Amadeus Mozart,34,classical,0.448,0.187,10,-20.731,1,0.0386,0.975,0.5175,0.0878,0.562,112.948,262693,3
73P6JQwaaSgmZZsy7tULek,"Sonata No. 14 in C Minor, K. 457: I. Molto allegro",Wolfgang Amadeus Mozart,31,classical,0.318,0.0786,0,-26.177,0,0.0377,0.975,0.5175,0.168,0.332,167.752,447053,4
5J1uUmB8D8smKio60yLdbS,"String Quartet No. 16 in E-Flat Major, K. 428: I. Allegro non troppo",Wolfgang Amadeus Mozart,33,classical,0.35,0.132,3,-18.468,1,0.0434,0.981,0.507,0.0676,0.294,77.226,390787,4
3hT23UCReHWmKx1bI9V9Sy,"Violin Sonata No. 27 in G Major, K. 379: I. Adagio",Wolfgang Amadeus Mozart,34,classical,0.33,0.0579,7,-21.301,1,0.0425,0.985,0.371,0.0608,0.197,155.932,447053,3
6cLCHavblxH6Zs8x4EjZJO,"Violin Sonata No. 27 in G Major, K. 379: II. Theme & Variations. Andantino cantabile",Wolfgang Amadeus Mozart,33,classical,0.305,0.0563,7,-24.076,1,0.0466,0.991,0.5175,0.22,0.199,64.783,447053,4
7BpoGUVBogIE1DqtpQtJdG,"Violin Sonata No. 28 in E-Flat Major, K. 380: II. Andante con moto",Wolfgang Amadeus Mozart,33,classical,0.258,0.0266,10,-25.111,1,0.0383,0.979,0.122,0.0873,0.154,97.66,435227,4
6rQCxkjsGxL9pgja3JO8J7,"String Quartet No. 16 in E-Flat Major, K. 428: II. Andante con moto",Wolfgang Amadeus Mozart,33,classical,0.142,0.115,8,-21.73,1,0.0453,0.977,0.5175,0.102,0.0392,91.664,389573,3
0YDT6PwhueRo9Q3DZZckZm,"Piano Concerto No. 17 in G Major, K. 453: II. Andante",Wolfgang Amadeus Mozart,32,classical,0.232,0.11,0,-21.557,1,0.0342,0.942,0.5175,0.356,0.0464,85.75,447053,3
4YleH4HORUUODIbRtSa7m8,"Violin Sonata No. 28 in E-Flat Major, K. 380: I. Allegro",Wolfgang Amadeus Mozart,33,classical,0.427,0.0937,10,-21.081,1,0.0426,0.978,0.5175,0.0966,0.384,123.63,440533,4
0EILPkP2TykNKuzcqApaCe,"String Quartet No. 16 in E-Flat Major, K. 428: III. Menuetto (Allegretto) - Trio",Wolfgang Amadeus Mozart,33,classical,0.389,0.0629,3,-20.044,1,0.0455,0.97,0.0591,0.0912,0.55,150.161,361973,3
55VgKPLyOYrLbkyShJGxYC,"Piano Concerto No. 17 in G Major, K. 453: III. Allegretto - Presto",Wolfgang Amadeus Mozart,31,classical,0.358,0.309,7,-15.051,1,0.0366,0.97,0.5175,0.381,0.321,87.421,447053,4
5jkOC6rNNaGEDQ3LuiLpTj,"Piano Concerto No. 15 in B-Flat Major, K. 450: I. Allegro",Wolfgang Amadeus Mozart,31,classical,0.419,0.223,10,-15.666,1,0.0326,0.96,0.5175,0.107,0.386,128.757,447053,4
37LBmt88bT7h5FedX2Qd9b,"Sonata No. 14 in C Minor, K. 457: II. Adagio",Wolfgang Amadeus Mozart,30,classical,0.308,0.0294,3,-30.854,1,0.0418,0.987,0.5175,0.0817,0.23,77.876,433493,4
4LuKmIatEYW8EwrO2DF4f8,"String Quartet No. 16 in E-Flat Major, K. 428: IV. Allegro vivace",Wolfgang Amadeus Mozart,32,classical,0.567,0.0933,3,-17.357,1,0.0465,0.971,0.278,0.0799,0.561,80.429,296213,4
4DMWbthXocCa7YRgodhH19,"String Quartet No. 17 in B-Flat Major, K. 458, ""The Hunt"": I. Allegro vivace assai",Wolfgang Amadeus Mozart,33,classical,0.419,0.082,10,-19.399,1,0.0479,0.956,0.5175,0.067,0.414,148.008,447053,3
0QIK83xQZw8y0b9oOC9D8K,"Sonata No. 18 in D Major, K. 576: I. Allegro",Wolfgang Amadeus Mozart,30,classical,0.359,0.139,2,-27.276,1,0.0336,0.98,0.5175,0.162,0.572,132.417,326133,4
2h6LybSSbx8ilSxqcUFsjJ,"Violin Sonata No. 32 in B-Flat Major, K. 454: I. Largo - Allegro",Wolfgang Amadeus Mozart,32,classical,0.368,0.0964,10,-21.733,1,0.0504,0.984,0.0176,0.0944,0.343,65.69,417947,4
3UvyWYO2is1XJ8SrjcF1SQ,"Violin Sonata No. 28 in E-Flat Major, K. 380: III. Rondo. Allegro",Wolfgang Amadeus Mozart,33,classical,0.421,0.139,3,-20.961,1,0.0425,0.981,0.5175,0.147,0.443,142.973,255227,1
17zS3SlijUxa0afFiCAPha,"Violin Sonata No. 32 in B-Flat Major, K. 454: III. Allegretto",Wolfgang Amadeus Mozart,32,classical,0.389,0.116,10,-20.403,1,0.0397,0.985,0.0911,0.0833,0.555,89.471,373080,4
47qGjMDEJyx6kgpBQNJT82,"Piano Concerto No. 15 in B-Flat Major, K. 450: II. Andante",Wolfgang Amadeus Mozart,30,classical,0.242,0.113,3,-21.232,1,0.0349,0.96,0.5175,0.113,0.117,80.195,447053,3
4k7Qr4lTEpDYnOE4zHEjHm,"Violin Sonata No. 32 in B-Flat Major, K. 454: II. Andante",Wolfgang Amadeus Mozart,32,classical,0.277,0.0391,3,-24.421,1,0.0422,0.99,0.0149,0.138,0.134,108.743,401760,4
0Tau3z5WwX3eFluZo8bN6a,"Violin Sonata No. 33 in E-Flat Major, K. 481: I. Molto allegro",Wolfgang Amadeus Mozart,32,classical,0.342,0.0927,3,-21.125,1,0.0374,0.98,0.0103,0.148,0.49,146.446,424853,3
1qjfGXbTijYFCnb8zeTHbu,"Violin Sonata No. 33 in E-Flat Major, K. 481: II. Adagio",Wolfgang Amadeus Mozart,32,classical,0.19,0.0607,8,-24.3,1,0.0526,0.977,0.194,0.0786,0.208,78.235,406893,4
0a1Wsow5fKBpeqBCn07AqI,"Violin Sonata No. 35 in A Major, K. 526: I. Molto allegro",Wolfgang Amadeus Mozart,32,classical,0.315,0.151,9,-18.681,1,0.0485,0.976,0.158,0.0942,0.531,72.287,389227,3
5gSkP3bU8Grm65zZiFtWJj,"String Quartet No. 17 in B-Flat Major, K. 458, ""The Hunt"": III. Adagio",Wolfgang Amadeus Mozart,32,classical,0.174,0.0513,3,-24.785,1,0.0447,0.962,0.496,0.266,0.105,93.179,439787,3
5D9hQWQ0FnLbvXSrn5Aqqj,"String Quartet No. 17 in B-Flat Major, K. 458, ""The Hunt"": IV. Allegro assai",Wolfgang Amadeus Mozart,32,classical,0.526,0.153,5,-16.484,1,0.0446,0.956,0.5175,0.0718,0.712,85.423,344680,4
6rOTPyaoHL8METP9x7bZ6l,"Piano Concerto No. 15 in B-Flat Major, K. 450: III. Allegro",Wolfgang Amadeus Mozart,30,classical,0.414,0.302,10,-14.689,1,0.0326,0.971,0.5175,0.0974,0.362,141.129,447053,3
75AvlXyV66pU6z8Odsn8lG,"Sonata No. 14 in C Minor, K. 457: III. Allegro assai",Wolfgang Amadeus Mozart,30,classical,0.406,0.0815,0,-25.765,0,0.0394,0.978,0.5175,0.137,0.204,102.124,348093,4
1zlmjVEWwdhK0hDjuES4US,"Sonata No. 16 in C Major, K. 545: II. Andante",Wolfgang Amadeus Mozart,30,classical,0.345,0.0117,7,-30.854,1,0.0403,0.989,0.5175,0.0662,0.333,95.765,298400,4
78QpT7LOxnLpcIPY2ZmEyh,"Violin Sonata No. 36 in F Major, K. 547: I. Andantino cantabile",Wolfgang Amadeus Mozart,31,classical,0.398,0.0807,5,-20.18,1,0.04,0.987,0.0682,0.108,0.459,113.66,268440,4
2xKb12UN4sCNIelWkgWlMr,"Violin Sonata No. 33 in E-Flat Major, K. 481: III. Theme & Variations. Allegretto",Wolfgang Amadeus Mozart,32,classical,0.314,0.109,3,-20.272,1,0.0374,0.979,0.0579,0.0749,0.555,83.5,408827,4
5dSf0hqSG7NDSgCOZPKk6A,"Violin Sonata No. 35 in A Major, K. 526: II. Andante",Wolfgang Amadeus Mozart,31,classical,0.274,0.0347,9,-23.646,1,0.0439,0.974,0.0177,0.0963,0.158,112.531,447053,4
5X1kz44sG5IseZ6hkAJ42w,"String Quartet No. 17 in B-Flat Major, K. 458, ""The Hunt"": II. Menuetto (Moderato) - Trio",Wolfgang Amadeus Mozart,32,classical,0.284,0.0865,10,-20.376,1,0.0386,0.96,0.5175,0.147,0.357,113.118,267053,3
1W7f9SnnOsfvke4Iv28JXv,"Piano Concerto No. 10 in E-Flat Major, K. 365: I. Allegro",Wolfgang Amadeus Mozart,31,classical,0.311,0.195,3,-16.152,1,0.0377,0.99,0.5175,0.117,0.174,136.691,447053,4
1bfr7shcOTXspicLuOxsVG,"Violin Sonata No. 35 in A Major, K. 526: III. Presto",Wolfgang Amadeus Mozart,31,classical,0.411,0.213,9,-17.697,1,0.0341,0.974,0.419,0.128,0.636,136.909,422107,4
7yBbp2eGEcVmUdVYi0bQxu,"String Quartet No. 18 in A Major, K.464: II. Menuetto - Trio",Wolfgang Amadeus Mozart,31,classical,0.379,0.0379,9,-19.91,1,0.0497,0.982,0.279,0.122,0.34,142.731,366947,3
39K9DJFBPsiUSdzWos3r5N,"Sonata No. 16 in C Major, K. 545: III. Rondo. Allegretto",Wolfgang Amadeus Mozart,29,classical,0.503,0.101,0,-27.76,1,0.0356,0.986,0.5175,0.0878,0.613,89.576,121680,4
66B0X2UtK3ZxukJ650wVCN,"Violin Sonata No. 36 in F Major, K. 547: III. Andante con variazioni",Wolfgang Amadeus Mozart,31,classical,0.382,0.064,5,-22.212,1,0.0357,0.988,0.185,0.131,0.381,74.865,372013,4
2iJRwRKcNmsDXncL5ApUIv,"String Quartet No. 18 in A Major, K.464: I. Allegro",Wolfgang Amadeus Mozart,31,classical,0.281,0.0791,9,-19.716,1,0.044,0.962,0.263,0.0672,0.289,141.699,429107,3
7lEVyOZKTQjk2fwqzKXUXU,"Sonata No. 18 in D Major, K. 576: II. Adagio",Wolfgang Amadeus Mozart,29,classical,0.393,0.0556,9,-30.854,1,0.0373,0.979,0.5175,0.135,0.205,103.15,284120,4
40ouEb8IrrfvB7qOjvlccs,"Violin Sonata No. 36 in F Major, K. 547: II. Allegro",Wolfgang Amadeus Mozart,31,classical,0.456,0.148,5,-15.828,1,0.0373,0.987,0.5175,0.0925,0.42,138.577,365053,3
10tph8AyF29rrxeumFXhkn,"String Quartet No. 18 in A Major, K.464: III. Andante",Wolfgang Amadeus Mozart,30,classical,0.206,0.101,2,-20.469,1,0.0404,0.983,0.5175,0.119,0.179,96.799,447053,4
1nDhjbiQOdwRTSepB8J1tQ,"Sonata No. 18 in D Major, K. 576: III. Allegretto",Wolfgang Amadeus Mozart,28,classical,0.36,0.134,2,-25.884,1,0.0274,0.978,0.5175,0.128,0.597,87.781,261360,4
07K2i0KI9FtJclBRCKuqNW,"Piano Concerto No. 10 in E-Flat Major, K. 365: II. Andante - III. Rondo. Allegro",Wolfgang Amadeus Mozart,29,classical,0.254,0.115,3,-21.308,1,0.0358,0.989,0.5175,0.0924,0.1,86.458,447053,4
2WpdqDiRBx4PwwrGmzCNoh,"String Quartet No. 19 in C Major, K.465 ""Dissonanzen"": II. Andante cantabile",Wolfgang Amadeus Mozart,30,classical,0.136,0.0673,5,-22.273,1,0.039,0.964,0.5175,0.077,0.0898,91.121,447053,4
3UAqb9rt2MY50KfNEJ7lii,"String Quartet No. 19 in C Major, K.465 ""Dissonanzen"": I. Adagio - Allegro",Wolfgang Amadeus Mozart,30,classical,0.302,0.146,0,-18.542,1,0.0398,0.977,0.5175,0.126,0.308,74.501,447053,4
5vD36D1wgHnMQ5W5YoYxiK,"String Quartet No. 18 in A Major, K.464: IV. Allgero",Wolfgang Amadeus Mozart,30,classical,0.409,0.123,9,-20.372,1,0.0422,0.971,0.5175,0.0796,0.455,125.203,340627,4
6wzuIqWdnmeeTFx5EVto1j,"Piano Concerto No. 17 in G Major, K. 453: I. Allegro",Wolfgang Amadeus Mozart,28,classical,0.35,0.107,7,-19.837,1,0.0358,0.991,0.5175,0.0684,0.224,131.803,447053,4
3e5vdiYWQ3nsHDnivuthCh,"String Quartet No. 19 in C Major, K.465 ""Dissonanzen"": III. Menuetto, Allegro - Trio",Wolfgang Amadeus Mozart,29,classical,0.374,0.0964,0,-19.026,1,0.0463,0.942,0.0904,0.0564,0.477,167.61,301187,3
1nNxV2d1ubPsooYfQRStsD,"String Quartet No. 19 in C Major, K.465 ""Dissonanzen"": IV. Allegro",Wolfgang Amadeus Mozart,29,classical,0.495,0.127,0,-19.568,1,0.048,0.926,0.237,0.3,0.481,83.745,309200,4
4CIKWUHAwI2afFL2f7kmlF,"Piano Concerto No. 17 in G Major, K. 453: II. Andante",Wolfgang Amadeus Mozart,28,classical,0.245,0.0431,0,-24.351,1,0.036,0.99,0.5175,0.0938,0.0613,94.7,447053,4
2XDtGcK3LbWkMs6hGdwohl,"Piano Concerto No. 17 in G Major, K. 453: III. Allegretto",Wolfgang Amadeus Mozart,28,classical,0.332,0.15,7,-18.77,1,0.0406,0.991,0.5175,0.119,0.36,83.411,447053,4
7rHsVL9jUF9oh6fAbIDqbW,"Piano Concerto No. 21 in C Major, K. 467: I. Allegro maestoso",Wolfgang Amadeus Mozart,4,classical,0.33,0.131,0,-20.207,1,0.036,0.971,0.5175,0.118,0.218,136.254,447053,4
3UaHEvdifRpoQY7iaL60As,"Piano Concerto No. 21 in C Major, K. 467: II. Andante",Wolfgang Amadeus Mozart,3,classical,0.142,0.0185,5,-29.71,1,0.0352,0.977,0.5175,0.0946,0.0538,87.517,427137,4
0THMmg5L7UW02CnFx2qXJu,"Piano Concerto No. 21 in C Major, K. 467: III. Allegro vivace assai",Wolfgang Amadeus Mozart,2,classical,0.431,0.185,0,-23.034,1,0.0399,0.985,0.5175,0.0785,0.337,83.942,401867,4
4p51mwThXNIk0X00DcicAa,"Violin Concerto No.3 In G Major, K.216: 1. Allegro - Cadenza: Daniel Hope",Wolfgang Amadeus Mozart,19,classical,0.424,0.0884,7,-18.937,1,0.042,0.969,0.239,0.0846,0.429,121.787,447053,4
5pwJYuolq8vYi9T84UcCRN,"Piano Concerto No. 18 in B-Flat Major, K. 456: I. Allegro vivace",Wolfgang Amadeus Mozart,9,classical,0.327,0.0896,10,-22.37,1,0.0362,0.975,0.5175,0.198,0.284,140.742,447053,4
5Ur1F0pR2zDXyHPLHiMVwp,"Piano Concerto No. 18 in B-Flat Major, K. 456: II. Andante un poco sostenuto",Wolfgang Amadeus Mozart,6,classical,0.23,0.0316,7,-25.304,0,0.0428,0.979,0.5175,0.128,0.0612,82.411,447053,4
2eT46LJH8fzYHXM0GJgRex,"Piano Concerto No. 18 in B-Flat Major, K. 456: III. Allegro vivace",Wolfgang Amadeus Mozart,7,classical,0.317,0.0876,10,-24.546,1,0.0389,0.986,0.5175,0.0879,0.343,148.887,447053,3
4rh678WRmsTZiP6j4dVLox,"Così fan tutte, K. 588: Overtura (Live)",Wolfgang Amadeus Mozart,0,classical,0.3,0.208,0,-16.07,1,0.0394,0.941,0.5175,0.217,0.3,147.587,269546,4
7ewXmiUIgRgqMZy5kVshMa,"Così fan tutte, K. 588, Act I: È la fede delle femmine (Live)",Wolfgang Amadeus Mozart,0,classical,0.434,0.342,4,-15.35,1,0.0507,0.962,0.000164,0.381,0.57,106.44,68782,4
6le20om2kYQgJzNalp0rXa,"Così fan tutte, K. 588, Act I: Una bella serenata (Live)",Wolfgang Amadeus Mozart,0,classical,0.374,0.415,0,-12.735,1,0.0377,0.929,0.0421,0.249,0.592,139.168,138786,3
1fe8vPpV0XxHajFrUKO1xJ,"Così fan tutte, K. 588, Act I: Ah, guarda, sorella (Live)",Wolfgang Amadeus Mozart,0,classical,0.259,0.238,9,-14.991,1,0.0681,0.972,0,0.162,0.138,87.183,266116,1
77itdIfiKJ2do5yKdJKvw5,"Così fan tutte, K. 588, Act I: Mi par, che stamattina... Eccoli! - Vorrei dir, e cor non ho - Stelle! Per carità, signor Alfonso (Live)",Wolfgang Amadeus Mozart,0,classical,0.473,0.354,5,-17.647,0,0.239,0.97,0,0.381,0.407,84.263,145702,4
2R9ccRqGhvarJl8LkfuK9x,"Così fan tutte, K. 588, Act I: Sento, oh Dìo, che questo piede (Live)",Wolfgang Amadeus Mozart,0,classical,0.341,0.284,3,-14.686,1,0.0759,0.983,0,0.358,0.302,100.656,187423,4
4loZrdM0cyQgE1xJyZPLHR,"Così fan tutte, K. 588, Act I: La commedia è graziosa - Bella vita militar! (Live)",Wolfgang Amadeus Mozart,0,classical,0.427,0.41,2,-12.885,1,0.0651,0.971,0.0045,0.381,0.334,140.241,73525,4
13nOBcAY6F7ACuOc8ZTFHZ,"Così fan tutte, K. 588, Act I: No v'è più tempo, amici - Di scrivermi ogni giorno - Bella vita militar! (Live)",Wolfgang Amadeus Mozart,0,classical,0.331,0.279,0,-15.003,1,0.0559,0.98,0.000007,0.381,0.206,139.056,186377,4
4Kcr8lT1K4Wb5eLDw9t9dQ,"Così fan tutte, K. 588, Act I: Dove son? (Live)",Wolfgang Amadeus Mozart,0,classical,0.43,0.27,10,-17.959,1,0.239,0.959,0,0.381,0.463,171.982,56274,3
2gnhutiFWFH1ukiP2zNgPB,"Così fan tutte, K. 588, Act I: Soave sia il vento (Live)",Wolfgang Amadeus Mozart,0,classical,0.187,0.251,4,-17.197,1,0.0428,0.99,0.000012,0.274,0.0802,97.444,163812,3
2H5AgSI55vGjxMcG3Wpu8z,"Così fan tutte, K. 588, Act I: Che vita maledetta (Live)",Wolfgang Amadeus Mozart,0,classical,0.416,0.228,5,-21.708,1,0.239,0.93,0,0.381,0.59,167.307,59467,3
3WFCZqXmXAQHg6d0T7c8yg,"Così fan tutte, K. 588, Act I: Madame, ecco la vostra colazione - Ah scostati (Live)",Wolfgang Amadeus Mozart,0,classical,0.37,0.304,10,-14.426,1,0.0974,0.933,0.000002,0.381,0.177,81.81,83421,4
31osaMRuUXZc7UUFRfiYCK,"Così fan tutte, K. 588, Act I: Smanie implacabili (Live)",Wolfgang Amadeus Mozart,0,classical,0.469,0.238,3,-13.546,1,0.09,0.961,0,0.381,0.41,115.182,116241,4
4Ar8WGo3bxUAtj1vyYA2kC,"Così fan tutte, K. 588, Act I: Signora Dorabella (Live)",Wolfgang Amadeus Mozart,0,classical,0.579,0.15,7,-19.874,1,0.239,0.96,0,0.381,0.315,103.369,131846,3
4SSRHOL0iZDSRSBz7CkwTd,"Così fan tutte, K. 588, Act I: In uomini, in soldati (Live)",Wolfgang Amadeus Mozart,0,classical,0.457,0.188,5,-16.258,1,0.0588,0.942,0,0.381,0.386,112.485,169333,1
0KLbKToHPksbQBvp8xXyAT,"Così fan tutte, K. 588, Act I: Alla bella Despinetta (Live)",Wolfgang Amadeus Mozart,0,classical,0.419,0.366,0,-13.498,1,0.055,0.961,0.000002,0.381,0.474,129.622,261580,4
612qceiZG6GufckSlWv85j,"Così fan tutte, K. 588, Act I: Cosa avete? Che è nato? (Live)",Wolfgang Amadeus Mozart,0,classical,0.475,0.217,7,-17.967,0,0.111,0.957,0,0.381,0.24,57.537,135361,5
7zF7N8fw5jFgARtg1BhRGt,"Così fan tutte, K. 588, Act I: Temerari! Sortite fuori di questo loco! (Live)",Wolfgang Amadeus Mozart,0,classical,0.382,0.198,10,-15.053,1,0.0536,0.962,0,0.366,0.0985,126.646,79163,1
0drtgG0Byc3JzaSJNuC2fl,"Così fan tutte, K. 588, Act I: Come scoglio immoto resta (Live)",Wolfgang Amadeus Mozart,0,classical,0.288,0.248,5,-13.996,1,0.0646,0.98,0,0.29,0.21,88.674,265484,4
6qK1JNLXVElV5ZBEXcMv3R,"Così fan tutte, K. 588, Act I: Non siate ritrosi (Live)",Wolfgang Amadeus Mozart,0,classical,0.302,0.251,7,-16.16,1,0.0585,0.976,0.000059,0.381,0.658,178.435,90670,4
7frrXXgpETKRuCqOF8yS7n,"Così fan tutte, K. 588, Act I: E avete ancora coraggio (Live)",Wolfgang Amadeus Mozart,0,classical,0.46,0.235,4,-20.343,1,0.239,0.977,0,0.223,0.375,140.851,44237,5
0ivSUEP9aCej2GtosgI7ac,"Così fan tutte, K. 588, Act I: Un'aura amorosa (Live)",Wolfgang Amadeus Mozart,0,classical,0.159,0.138,9,-19.556,1,0.0466,0.984,0.000222,0.381,0.149,182.151,329301,5
3sdSr4R4dOcZKvoZ9APaCX,"Così fan tutte, K. 588, Act I: Ah, che tutta in un momento (Live)",Wolfgang Amadeus Mozart,0,classical,0.355,0.181,2,-18.124,1,0.0392,0.959,0,0.304,0.186,91.921,131381,4
1LhwNIQeVayNRhDIYDVlHi,"Così fan tutte, K. 588, Act I: Si mora, sì, si mora (Live)",Wolfgang Amadeus Mozart,0,classical,0.391,0.262,0,-16.643,0,0.0602,0.972,0.000005,0.381,0.329,93.646,311034,4
5E9JuAjdrTkQtDpvT4Jiim,"Così fan tutte, K. 588, Act I: Eccovi il medico (Live)",Wolfgang Amadeus Mozart,0,classical,0.461,0.271,7,-15.13,1,0.0724,0.962,0.000006,0.381,0.453,76.091,169679,4
68LQEHSa0V5PPxjTv7fTnD,"Così fan tutte, K. 588, Act I: Dove son? Che loco e questo? (Live)",Wolfgang Amadeus Mozart,0,classical,0.358,0.227,10,-15.544,1,0.0398,0.983,0,0.381,0.396,138.386,142275,4
1HtmTwDIKLFAcFn74kKBjp,"Così fan tutte, K. 588, Act I: Dammi un bacio, o mio tesoro (Live)",Wolfgang Amadeus Mozart,0,classical,0.402,0.478,2,-11.516,1,0.0653,0.952,0.000076,0.381,0.373,124.587,186680,4
0dkMZf64ySl4mRQgTCNQmj,"Così fan tutte, K. 588, Act II: Andate là (Live)",Wolfgang Amadeus Mozart,0,classical,0.446,0.222,7,-20.175,1,0.239,0.951,0,0.381,0.267,67.054,141623,3
33t51XCselznGiAqa2RGKM,"Così fan tutte, K. 588, Act II: Una donna a quindici anni (Live)",Wolfgang Amadeus Mozart,0,classical,0.382,0.272,7,-16.198,1,0.0709,0.944,0,0.381,0.312,106.331,167186,3
4BhNJfwNsEEh6hAdfDiHWI,"Così fan tutte, K. 588, Act II: Sorella, cosa dici? (Live)",Wolfgang Amadeus Mozart,0,classical,0.557,0.176,0,-20.332,1,0.16,0.964,0,0.322,0.419,113.803,83875,4
4HEUb1tCRVl9b75HOyRsAn,"Così fan tutte, K. 588, Act II: Prenderò quel brunettino (Live)",Wolfgang Amadeus Mozart,0,classical,0.295,0.231,10,-15.187,1,0.1,0.973,0,0.381,0.21,80.02,195627,1
5ZXbdkA1fIADan7JOmHsQT,"Così fan tutte, K. 588, Act II: Secondate, aurette amiche (Live)",Wolfgang Amadeus Mozart,0,classical,0.197,0.135,3,-23.801,1,0.0416,0.994,0.0309,0.24,0.184,86.653,168777,4
2MibpBS3RpkZpDAjRIIhir,"Così fan tutte, K. 588, Act II: La mano a me date (Live)",Wolfgang Amadeus Mozart,0,classical,0.339,0.296,2,-18.417,1,0.102,0.948,0.000089,0.0974,0.439,70.236,168421,3
6ThLpTHMSa9NZIZQzPjdRX,"Così fan tutte, K. 588, Act II: Oh che bella giornata! (Live)",Wolfgang Amadeus Mozart,0,classical,0.429,0.198,0,-22.184,1,0.239,0.939,0,0.381,0.353,172.28,169419,5
5bRSpC95uJpmOIi0KJtzAi,"Così fan tutte, K. 588, Act II: Il cor vi dono (Live)",Wolfgang Amadeus Mozart,0,classical,0.322,0.163,5,-19.443,1,0.0588,0.974,0,0.102,0.214,98.429,261864,3
4fYkJXg5opcvBdbFQZXZ2k,"Così fan tutte, K. 588, Act II: Barbara! Perché fuggi? (Live)",Wolfgang Amadeus Mozart,0,classical,0.346,0.212,0,-18.39,0,0.0626,0.965,0,0.381,0.201,100.22,82931,4
0cgZspOWmBUHsLIKUqLcby,"Così fan tutte, K. 588, Act II: Ei parte... Senti... Ah no! (Live)",Wolfgang Amadeus Mozart,0,classical,0.41,0.0942,2,-19.681,0,0.0962,0.982,0,0.315,0.0738,76.567,116959,4
5u5fCu834a7gKqva3DqgZ2,"Così fan tutte, K. 588, Act II: Per pietà, ben mio, perdona (Live)",Wolfgang Amadeus Mozart,0,classical,0.266,0.138,4,-18.76,1,0.0622,0.982,0.000002,0.381,0.0388,93.661,447053,3
6WBoaf2okMQsKjhPe5zztl,"Così fan tutte, K. 588, Act II: Amico, abbiamo vinto! (Live)",Wolfgang Amadeus Mozart,0,classical,0.393,0.226,2,-19.37,1,0.239,0.966,0,0.381,0.351,79.755,181085,4
2z0OHKTWixWCESZVU1NyVq,"Così fan tutte, K. 588, Act II: Donne mie, la fate a tanti (Live)",Wolfgang Amadeus Mozart,0,classical,0.496,0.414,7,-16.809,1,0.0821,0.946,0.0949,0.381,0.654,127.401,181602,4
3vRDRamSDgQkWyGZhbAlBL,"Così fan tutte, K. 588, Act II: Come tutto congiura - L'abito di Ferrando (Live)",Wolfgang Amadeus Mozart,0,classical,0.54,0.142,10,-20.252,0,0.239,0.96,0,0.292,0.102,79.952,97724,3
0LpHmDLQZuqJySM4w9UErr,"Così fan tutte, K. 588, Act II: Fra gli amplessi in pochi istanti (Live)",Wolfgang Amadeus Mozart,0,classical,0.24,0.307,9,-14.976,1,0.0666,0.978,0,0.381,0.0708,83.05,325253,3
6iaw47VqRfVT7D04Fv4If6,"Così fan tutte, K. 588, Act II: Tutti accusan le donne (Live)",Wolfgang Amadeus Mozart,0,classical,0.41,0.234,0,-17.533,1,0.0905,0.947,0,0.381,0.381,71.542,57749,1
71Mn8uBDBwBbF5Jq7JldSA,"Così fan tutte, K. 588, Act II: Benedetti i doppi coniugi (Live)",Wolfgang Amadeus Mozart,0,classical,0.349,0.235,3,-16.087,1,0.0332,0.965,0.000118,0.178,0.497,105.654,117954,4
0VqHKmqdZlz47TQeUP36ZK,"Così fan tutte, K. 588, Act II: E nel tuo, nel mio bicchiero (Live)",Wolfgang Amadeus Mozart,0,classical,0.272,0.253,8,-16.71,1,0.0498,0.984,0.000006,0.381,0.196,126.807,117358,1
0tlZ8P7R0bU1uikrQLKmKy,"Così fan tutte, K. 588, Act II: Miei signori, tutto è fatto (Live)",Wolfgang Amadeus Mozart,0,classical,0.425,0.377,4,-14.949,1,0.0567,0.912,0.000002,0.381,0.69,117.018,85341,4
1dKyMWa7h9YLciYmREFh2v,"Così fan tutte, K. 588, Act II: Bella vita militar (Live)",Wolfgang Amadeus Mozart,0,classical,0.342,0.284,2,-14.681,1,0.0504,0.957,0.000005,0.381,0.335,64.848,102456,4
3RlrMwtdLvpAOUIbccfSHt,"Così fan tutte, K. 588, Act II: Sani e salvi, agli amplessi amorosi (Live)",Wolfgang Amadeus Mozart,0,classical,0.309,0.31,10,-14.735,1,0.0826,0.974,0,0.381,0.338,84.834,277613,3
2oJRQSJNX1Xb9AIJTWfugd,"Così fan tutte, K. 588, Act II: A voi s'inchina bella damina (Live)",Wolfgang Amadeus Mozart,0,classical,0.342,0.263,7,-15.537,1,0.0602,0.971,0,0.38,0.242,127.833,182179,3
14GMNNZQWi0EwfWF5MyDLt,"Mass No. 19 in D Minor, K. 626 ""Requiem"": I.-II. Requiem aeternam",Wolfgang Amadeus Mozart,0,classical,0.128,0.212,2,-19.412,0,0.034,0.963,0.5175,0.141,0.0764,85.507,447053,4
7sQDmRShy8sTUacUXGSZwL,"Mass No. 19 in D Minor, K. 626 ""Requiem"": III. Seq. 1, Dies irae",Wolfgang Amadeus Mozart,0,classical,0.354,0.359,7,-15.195,0,0.0322,0.841,0.5175,0.381,0.468,70.671,118800,4
0THUYBiZuUZjVqnZcZvhTR,"Mass No. 19 in D Minor, K. 626 ""Requiem"": III. Seq. 2, Tuba mirum",Wolfgang Amadeus Mozart,0,classical,0.246,0.047,10,-27.216,1,0.0476,0.967,0.000427,0.112,0.113,77.705,250373,4
6DxnAcvBHgBA0kz7vKaVzN,"Mass No. 19 in D Minor, K. 626 ""Requiem"": III. Seq. 3, Rex tremendae",Wolfgang Amadeus Mozart,0,classical,0.156,0.166,7,-20.144,0,0.0355,0.949,0.5175,0.213,0.181,73.173,156867,3
4oDDMZGJyrOW4TsNEITc3h,"Mass No. 19 in D Minor, K. 626 ""Requiem"": III. Seq. 4, Recordare",Wolfgang Amadeus Mozart,0,classical,0.138,0.125,5,-26.078,1,0.0454,0.951,0.5175,0.116,0.0691,168.638,372533,4
2woF9SEaoB2mjZZ5StJrSp,"Mass No. 19 in D Minor, K. 626 ""Requiem"": III. Seq. 5, Confutatis",Wolfgang Amadeus Mozart,0,classical,0.199,0.0218,2,-22.502,0,0.042,0.984,0.5175,0.132,0.0389,130.049,170560,5
4X145IBToatlLKZy1gncWL,"Mass No. 19 in D Minor, K. 626 ""Requiem"": III. Seq. 6, Lacrimosa",Wolfgang Amadeus Mozart,0,classical,0.0849,0.106,2,-23.461,0,0.0411,0.968,0.5175,0.0955,0.0458,84.27,219507,4
5luNjjQwVWZHP3hzbOAsrX,"Mass No. 19 in D Minor, K. 626 ""Requiem"": IV. Offertorium 1, Domine Jesu",Wolfgang Amadeus Mozart,0,classical,0.311,0.282,7,-19.356,0,0.0326,0.981,0.0642,0.113,0.154,84.408,232227,4
5akuH4YgqbNcmtVXi1etvW,"Mass No. 19 in D Minor, K. 626 ""Requiem"": IV. Offertorium 2, Hostias",Wolfgang Amadeus Mozart,0,classical,0.0876,0.111,0,-22.196,0,0.0374,0.969,0.5175,0.0938,0.0529,169.021,302000,4
7quo4FapSMCdZQpDSwrCRQ,"Mass No. 19 in D Minor, K. 626 ""Requiem"": V. Sanctus",Wolfgang Amadeus Mozart,0,classical,0.147,0.245,2,-14.455,1,0.0321,0.9,0.5175,0.108,0.14,63.06,104533,3
1te4SviB5e15U7TyFLgbct,"Mass No. 19 in D Minor, K. 626 ""Requiem"": VI. Benedictus",Wolfgang Amadeus Mozart,0,classical,0.16,0.152,10,-23.752,1,0.0442,0.974,0.5175,0.197,0.141,87.641,330533,4
3Qd4Ip91NkAbl1Xtwc7zyB,"Mass No. 19 in D Minor, K. 626 ""Requiem"": VII. Agnus Dei",Wolfgang Amadeus Mozart,0,classical,0.104,0.203,5,-19.313,1,0.0353,0.964,0.5175,0.075,0.0651,88.238,447053,3
4NBlcQdp7WHiTB9jOW77ts,"Andante spianato et Grande polonaise brillante, Op. 22: Andante spianato",Frédéric Chopin,39,classical,0.354,0.0187,7,-30.854,1,0.0552,0.992,0.5175,0.0771,0.0396,73.323,308613,4
6zc9A2VrdT1kWehPEido7E,"Ballade No. 1 in G Minor, Op. 23",Frédéric Chopin,38,classical,0.321,0.165,7,-18.102,0,0.0422,0.992,0.5175,0.0892,0.0393,74.062,447053,4
4TOUcx6MZ1k31AIYwze7lU,"Grande valse brillante, Op. 18",Frédéric Chopin,15,classical,0.458,0.138,3,-19.34,1,0.0438,0.992,0.5175,0.103,0.36,128.766,303240,4
6z2w5W2cbtVqvMWODeHWoY,"Mazurkas, Op. 24: No. 1 in G Minor",Frédéric Chopin,36,classical,0.443,0.0487,7,-25.464,0,0.053,0.995,0.5175,0.0977,0.0781,129.41,169240,3
0a3IZDTDQThpCJaCFiWtUR,"Mazurkas, Op. 24: No. 2 in C Major",Frédéric Chopin,36,classical,0.453,0.0793,0,-24.528,1,0.0437,0.995,0.5175,0.125,0.215,85.895,142187,4
528041kJtLGN9TtALI1kL2,"Mazurkas, Op. 24: No. 3 in A-Flat Major",Frédéric Chopin,36,classical,0.276,0.0785,8,-26.948,1,0.0522,0.994,0.5175,0.196,0.117,77.771,120306,4
1ZbpwKL08attpMEIUALFuY,"Scherzo No. 2 in B-Flat Minor, Op. 31",Frédéric Chopin,35,classical,0.279,0.0621,1,-21.646,1,0.0458,0.992,0.5175,0.098,0.102,78.029,447053,1
5xEpYKhWWuV9CYzelJQkKF,"Étude in C Minor, Op. 10 No. 12 ""Revolutionary""",Frédéric Chopin,37,classical,0.307,0.127,5,-19.47,0,0.0305,0.99,0.5175,0.265,0.209,106.113,152480,3
3zzKjG9sCvmS4LAQxTR1mu,"Barcarolle in F-Sharp Major, Op. 60",Frédéric Chopin,34,classical,0.36,0.0567,6,-24.565,1,0.0379,0.992,0.5175,0.104,0.0755,68.831,447053,4
1bAN5Rze0o09BQUkl0FHeA,"Waltzes, Op. 34: I. Vivace in A-Flat Major",Frédéric Chopin,14,classical,0.4,0.139,8,-16.614,1,0.0384,0.991,0.5175,0.194,0.182,111.028,324693,4
79toyqrJljDdlffhFYcfzJ,"Andante spianato et Grande polonaise brillante, Op. 22: Grande polonaise brillante",Frédéric Chopin,34,classical,0.332,0.136,3,-20.944,1,0.0381,0.991,0.5175,0.102,0.157,87.67,447053,3
6RW8RBwkuchMEDXDsdVutm,"Waltzes, Op. 64: II. Tempo giusto in C-Sharp Minor",Frédéric Chopin,14,classical,0.335,0.0606,1,-23.899,0,0.0392,0.994,0.5175,0.117,0.3,71.874,176853,3
7z45ZLqSJvwvjLub66UhG4,"Waltzes, Op. 34: II. Lento in A Minor",Frédéric Chopin,14,classical,0.331,0.0305,9,-27.619,0,0.0399,0.994,0.5175,0.0805,0.0936,110.894,287960,4
5qjvnD1JqVymgAYPWc9nya,"Waltz in A-Flat Major, Op. 69 No. 1",Frédéric Chopin,13,classical,0.302,0.0415,8,-23.969,1,0.0438,0.995,0.5175,0.133,0.155,76.212,259933,5
7s2Pu1Fqei0q4VqT0eCTR3,"Waltzes, Op. 64: I. Molto vivace in D-Flat Major ""Minute Waltz""",Frédéric Chopin,13,classical,0.364,0.137,1,-20.76,1,0.0414,0.987,0.5175,0.131,0.563,61.57,116280,4
0SsjI1IAVFscNdIsMw2Y9Q,"Mazurkas, Op. 59: No. 1 in A Minor, Moderato",Frédéric Chopin,33,classical,0.304,0.02,4,-30.854,1,0.0445,0.995,0.5175,0.0698,0.0397,71.356,262573,4
2u0RCHz5kUU2UR0DB5hrCx,"Waltz in A-Flat Major, Op. 42",Frédéric Chopin,13,classical,0.324,0.0905,8,-22.017,1,0.0397,0.993,0.5175,0.0967,0.115,139.876,267373,4
0t4aPo4LstRwelw7H9eXkN,"Waltzes, Op. 34: III. Vivace in F Major",Frédéric Chopin,13,classical,0.421,0.151,5,-21.311,1,0.0489,0.991,0.5175,0.104,0.341,78.947,156493,4
2iXZkgVmlpZfIPP9pcEY4w,"Waltzes, Op. 64: III. Moderato in A-Flat Major",Frédéric Chopin,13,classical,0.278,0.0639,8,-26.472,1,0.0553,0.994,0.5175,0.145,0.175,66.923,253493,5
1GMaKWQ9vvF0mE3UpJam0G,"Waltz in B Minor, Op. 69 No. 2",Frédéric Chopin,13,classical,0.278,0.0545,11,-23.894,0,0.0442,0.992,0.5175,0.0887,0.346,68.289,206253,3
16AHNsv8gO1XeSrKBXiWgj,"Mazurkas, Op. 59: No. 2 in A-Flat Major, Allegretto",Frédéric Chopin,32,classical,0.374,0.0307,8,-27.687,1,0.0417,0.995,0.5175,0.096,0.105,73.117,172760,3
3nF655idKOl3FntHrGEotQ,"Etudes, Op. 25: No. 2 in F Minor",Frédéric Chopin,31,classical,0.251,0.0768,5,-28.802,0,0.0386,0.992,0.5175,0.112,0.256,70.168,97533,5
7D8Zi8IwRHqpOEXgh1sQa6,"Mazurkas, Op. 59: No. 3 in F-Sharp Minor, Vivace",Frédéric Chopin,32,classical,0.293,0.045,1,-27.919,0,0.0427,0.995,0.5175,0.0921,0.142,70.573,224800,4
0Cy0ndlmXmrS6RKOEW0tRP,"Waltz in E Minor, B. 56",Frédéric Chopin,12,classical,0.332,0.076,4,-20.376,1,0.0355,0.989,0.5175,0.0994,0.256,75.557,191587,4
7LSCNN1BYP4WLbnMBw7oq6,"Waltzes, Op. 70: I. Molto vivace in G-Flat Major",Frédéric Chopin,12,classical,0.431,0.0977,6,-21.39,1,0.0443,0.991,0.5175,0.09,0.357,77.44,120547,4
6bt4s0acmU0jlHqweffYUY,"Waltzes, Op. 70: II. Tempo giusto in F Minor",Frédéric Chopin,12,classical,0.33,0.0267,10,-28.23,1,0.0409,0.995,0.5175,0.0884,0.249,139.177,183693,4
2IZIER7gXtz4AMWaSf4ohI,"Waltzes, Op. 70: III. Moderato in D-Flat Major",Frédéric Chopin,12,classical,0.272,0.0459,1,-27.508,1,0.0327,0.996,0.5175,0.109,0.46,91.453,117640,4
6ZF5UhPIuSkAL3v0b4iXcV,"Polonaise-fantaisie in A-Flat Major, Op. 61",Frédéric Chopin,32,classical,0.242,0.0588,11,-24.259,1,0.045,0.994,0.5175,0.108,0.0435,67.074,447053,3
7xra5Cf5kzF3I8d89NWHG1,"Etudes, Op. 25: No. 1 in A-Flat Major ""Aeolian Harp""",Frédéric Chopin,31,classical,0.245,0.0334,8,-28.823,1,0.0398,0.986,0.5175,0.0849,0.0362,93.778,153147,4
7ihkTaK2MtJ5TpcZzhQGg7,"Etudes, Op. 25: No. 5 in E Minor",Frédéric Chopin,31,classical,0.367,0.0706,4,-24.602,1,0.0376,0.991,0.5175,0.177,0.102,136.21,197973,3
2XZ2w2VKJtCFIdthxZaLyT,"Etudes, Op. 25: No. 3 in F Major",Frédéric Chopin,31,classical,0.383,0.214,0,-23.914,1,0.0454,0.993,0.5175,0.133,0.115,133.58,118413,4
1fVHojarsftrllgKQTGWd8,"Etudes, Op. 25: No. 6 in G-Sharp Minor",Frédéric Chopin,30,classical,0.278,0.156,1,-24.952,0,0.0377,0.979,0.5175,0.104,0.217,139.504,135013,3
1A2jmhFQxvGOGHnXgBrvuP,"Etudes, Op. 25: No. 12 in C Minor ""Ocean""",Frédéric Chopin,29,classical,0.262,0.184,5,-20.177,0,0.0335,0.961,0.5175,0.108,0.0385,130.906,181040,4
6k9Nep8ZNt3AxHzAlZgvvy,"Etudes, Op. 25: No. 7 in C-Sharp Minor",Frédéric Chopin,30,classical,0.303,0.00762,1,-30.854,0,0.0385,0.995,0.5175,0.0891,0.0627,69.297,330280,5
1JkCpQyvA96M7hjfN1y4Zv,"Etudes, Op. 25: No. 8 in D-Flat Major",Frédéric Chopin,30,classical,0.355,0.263,1,-23.228,1,0.0528,0.985,0.5175,0.115,0.127,70.221,78040,4
0nEzNI6hLsXNMknEzV4dX9,"Etudes, Op. 25: No. 9 in G-Flat Major ""Butterfly""",Frédéric Chopin,30,classical,0.338,0.252,6,-21.935,1,0.0415,0.987,0.5175,0.154,0.641,108.977,63053,4
717f3N0InCNsu4WT3ZS9Z0,"Etudes, Op. 25: No. 10 in B Minor",Frédéric Chopin,29,classical,0.278,0.189,11,-19.731,1,0.0473,0.991,0.5175,0.102,0.0424,70.575,248760,4
6Peau7C3uIRsMFasMjirKE,"Etudes, Op. 25: No. 11 in A Minor",Frédéric Chopin,29,classical,0.339,0.233,9,-20.746,0,0.0387,0.979,0.5175,0.101,0.0665,115.421,220307,4
1lOVilzLQuYY2fnFrQ76DK,"Waltz in C-Sharp Minor, Op. 64, No. 2: Tempo giusto",Frédéric Chopin,61,classical,0.314,0.0157,1,-30.854,0,0.0356,0.991,0.5175,0.134,0.0939,95.89,199773,4
4xccEE3pSu0NNJOK5d0Z6F,"Impromptu No. 1 in A-Flat Major, Op. 29",Frédéric Chopin,0,classical,0.228,0.154,8,-19.988,1,0.0351,0.992,0.5175,0.0983,0.294,82.072,188227,5
2aPaR6f0DFZRbg4cxoO1vz,"Impromptu No. 2 in F-Sharp Major, Op. 36",Frédéric Chopin,0,classical,0.234,0.117,6,-20.13,1,0.0403,0.988,0.5175,0.101,0.0617,64.042,337293,3
7jCcY0nHuhiEhtzCDKlNgf,"Impromptu No. 3 in G-Flat Major, Op. 51",Frédéric Chopin,0,classical,0.237,0.21,6,-20.04,1,0.0357,0.993,0.5175,0.12,0.296,97.108,259880,3
39diSgkeSLMJQdsrWnoXAm,"Impromptu No. 4 in C-Sharp Major, Op. 66 ""Fantaisie-Impromptu""",Frédéric Chopin,0,classical,0.185,0.196,1,-18.766,1,0.0347,0.991,0.5175,0.0916,0.194,79.787,259427,4
1p6E7j1YIlrJ82hOoG1OM4,"Suite Bergamasque, L. 75: III. Clair de lune",Claude Debussy,61,classical,0.278,0.00448,1,-30.854,1,0.0528,0.993,0.5175,0.0579,0.0391,70.871,333707,1
4rjnWmrSRqXVkFWdKMG3pV,"Le Nozze di Figaro, K. 492: Sinfonia",Wolfgang Amadeus Mozart,63,classical,0.386,0.0738,2,-19.369,1,0.0433,0.839,0.5175,0.155,0.172,142.499,251200,4
3DnLGuX4YU3PGein8vo5Zt,Orfeo et Eurydice: Mélodie for Piano Solo,Christoph Willibald Gluck,65,classical,0.44,0.00506,2,-30.854,0,0.0528,0.995,0.5175,0.0643,0.115,70.188,284640,5
0bcGY7mfG10QfeaDbz97hC,"Nocturne, Op. posth. in C-Sharp Minor: Lento",Frédéric Chopin,62,classical,0.272,0.00397,1,-30.854,0,0.0475,0.992,0.5175,0.0763,0.19,72.059,239973,4
6GzMz3s0K1YKwRVI36CgRx,"Liebestraume, S541/R211 : No. 3: Nocturne in A-Flat Major",Franz Liszt,63,classical,0.343,0.0342,8,-25.591,1,0.0406,0.991,0.5175,0.1,0.0378,60.228,270000,3
2oqgnxjyNYItifLYl9MzaW,"Pavane, Op. 50",Gabriel Fauré,57,classical,0.124,0.0179,6,-30.854,0,0.0404,0.978,0.5175,0.114,0.041,96.272,275680,4
1M2RkUUJ9wXRsW3jN1MCHS,"4 Impromptus, Op.90, D.899: No.4 in A Flat Major: Allegretto",Franz Schubert,57,classical,0.343,0.0209,8,-27.015,1,0.0398,0.987,0.5175,0.126,0.0393,125.242,447053,3
11mr6MSfxepLWMRqASkdVA,"Nocturne in B-Flat Minor, Op. 9, No. 1",Frédéric Chopin,55,classical,0.308,0.0127,3,-28.787,0,0.0377,0.99,0.5175,0.0871,0.0565,67.191,334493,3
2xizRhme7pYeITbH1NLLGt,"Tchaikovsky: Swan Lake, Op. 20, Act 2: No. 10, Scène (Moderato)",Pyotr Ilyich Tchaikovsky,61,classical,0.109,0.167,4,-18.669,0,0.0382,0.91,0.5175,0.109,0.0692,86.554,166867,4
1Ojz92vyPK4fJ5K8RVnV5u,"The Four Seasons - Summer in G Minor, RV. 315: III. Presto",Antonio Vivaldi,59,classical,0.34,0.489,7,-15.316,1,0.0412,0.83,0.5175,0.141,0.468,157.024,167880,3
1QGN2Perfetpju3762mJsk,"Für Elise, WoO 59",Ludwig van Beethoven,61,classical,0.303,0.108,9,-27.433,0,0.0473,0.994,0.5175,0.0805,0.18,126.931,188467,3
5bu9A6uphPWg39RC3ZKeku,"Goldberg Variations, BWV 988: Aria - Remastered",Johann Sebastian Bach,62,classical,0.454,0.0139,4,-29.966,0,0.0514,0.995,0.5175,0.0736,0.244,130.253,184853,4
6LKsT6X9BxMK8ePCDNRLal,"Mozart: Piano Sonata No. 16 in C Major, K. 545: I. Allegro",Wolfgang Amadeus Mozart,62,classical,0.401,0.14,0,-22.696,1,0.0338,0.99,0.5175,0.078,0.326,130.037,283213,4
4ksxLnn1ymLGRKnwhba45Y,"Orchestral Suite No. 3 in D Major, BWV 1068: III. Air, ""On the G String"" (Arr. for Piano)",Johann Sebastian Bach,61,classical,0.5,0.0104,2,-26.764,1,0.0622,0.996,0.5175,0.0573,0.133,114.76,327080,4
6lnttZF0hDaVyVZBEgpJ3I,Beethoven : Symphony No.9 in D minor Op.125 : II Molto vivace,Ludwig van Beethoven,62,classical,0.364,0.189,2,-22.125,0,0.0425,0.964,0.5175,0.0769,0.283,111.408,447053,4
1JNeBVg2sg4dFS9ATks6el,"The Four Seasons, Violin Concerto in E Major, Op. 8 No. 1, RV 269 ""Spring"": I. Allegro",Antonio Vivaldi,46,classical,0.422,0.179,4,-11.929,1,0.0352,0.607,0.0256,0.114,0.18,109.019,208296,4
41XTpzfiJYzo3qJ67fMEIl,"Piano Sonata No.30 in E Major, Op. 109: I. Vivace ma non troppo. Adagio espressivo",Ludwig van Beethoven,47,classical,0.312,0.0528,4,-25.993,1,0.0405,0.979,0.5175,0.0786,0.0553,109.298,233907,4
3qwVqJyXKNiPZLz9VBMd6r,"The Four Seasons, Violin Concerto No. 2 in G Minor, RV 315 ""Summer"": III. Presto",Antonio Vivaldi,60,classical,0.333,0.465,7,-18.452,1,0.0462,0.837,0.5175,0.291,0.641,169.952,153573,3
0o8yaPUuL3OYb76DmRYMPz,"The Four Seasons, Violin Concerto in F Minor, Op. 8 No. 4, RV 297 ""Winter"": I. Allegro non molto",Antonio Vivaldi,44,classical,0.41,0.331,5,-13.072,0,0.0754,0.788,0.457,0.082,0.289,79.068,201804,4
2liBowLE24FOeSH91ghj0L,"The Four Seasons, Violin Concerto in G Minor, Op. 8 No. 2, RV 315 ""Summer"": III. Presto",Antonio Vivaldi,44,classical,0.295,0.55,7,-10.048,0,0.0407,0.73,0.449,0.12,0.42,78.393,162382,3
7mc0Utpiw6B6mMhwpE7UYv,"The Four Seasons, Violin Concerto in E Major, Op. 8 No. 1, RV 269 ""Spring"": II. Largo e pianissimo sempre",Antonio Vivaldi,44,classical,0.202,0.0728,1,-22.878,0,0.0467,0.972,0.0546,0.122,0.0767,88.278,159817,3
6gWwQ7XbsyyRnY8yQknxwY,"The Four Seasons, Violin Concerto in E Major, Op. 8 No. 1, RV 269 ""Spring"": III. Danza pastorale. Allegro",Antonio Vivaldi,43,classical,0.297,0.154,4,-12.955,1,0.0381,0.54,0.0528,0.0991,0.174,96.092,246452,4
5kOea77L9hhu0bto96iNMo,"The Four Seasons, Violin Concerto in G Minor, Op. 8 No. 2, RV 315 ""Summer"": I. Allegro non moto",Antonio Vivaldi,43,classical,0.253,0.185,7,-15.135,0,0.0518,0.538,0.0111,0.073,0.0931,170.78,299723,3
7LbVb0dWTk1yJURCqnqLxQ,"The Four Seasons, Violin Concerto in G Minor, Op. 8 No. 2, RV 315 ""Summer"": II. Adagio - Presto",Antonio Vivaldi,42,classical,0.204,0.0227,10,-29.382,1,0.0489,0.907,0.000184,0.0981,0.0396,88.45,138095,3
6S5sYOYetFeSibQ3pagydX,"The Four Seasons, Violin Concerto in F Major, Op. 8 No. 3, RV 293 ""Autumn"": I. Allegro",Antonio Vivaldi,42,classical,0.444,0.193,5,-14.678,1,0.0426,0.886,0.136,0.0645,0.19,130.123,300031,4
1sKegG6SlNAGystKEFPMy7,"The Four Seasons, Violin Concerto in F Minor, Op. 8 No. 4, RV 297 ""Winter"": III. Allegro",Antonio Vivaldi,42,classical,0.298,0.225,5,-13.693,0,0.0611,0.837,0.0581,0.314,0.31,176.034,193099,3
0mjT194sWauS2YBwxM2ZhS,Suite Bergamasque: Clair de Lune,Claude Debussy,60,classical,0.375,0.00607,1,-29.405,1,0.0501,0.992,0.5175,0.0562,0.0445,67.978,314120,5
1IfWCStvOwZCMc0aEHGYoN,"The Four Seasons, Violin Concerto in F Major, Op. 8 No. 3, RV 293 ""Autumn"": III. Allegro",Antonio Vivaldi,41,classical,0.458,0.282,0,-12.687,1,0.0424,0.831,0.188,0.146,0.389,170.315,180620,3
3UCkSy4kbnW02zvLJPRTiT,"Symphony No. 7 in A Major, Op. 92: II. Allegretto",Ludwig van Beethoven,59,classical,0.229,0.00756,4,-26.971,0,0.0398,0.894,0.0639,0.104,0.0399,131.936,447053,4
5QZkaNZTc84YxJiTX3V3Xx,"Piano Sonata No. 14 In C Sharp Minor, Op. 27, No. 2 -""Moonlight"": 3. Presto agitato",Ludwig van Beethoven,38,classical,0.267,0.103,1,-23.276,0,0.0431,0.99,0.5175,0.0958,0.0723,163.819,445160,4
2MVOB3jyi7uZgWp8uRLF2q,"Stabat Mater, RV 621: I. Stabat Mater dolorosa",Antonio Vivaldi,15,classical,0.251,0.0466,5,-23.326,0,0.0387,0.839,0.1,0.11,0.0679,105.794,186093,4
3MRQn2RYo2VLYMoStnLRxu,"Ravel: Pavane pour une infante défunte, M. 19",Maurice Ravel,59,classical,0.491,0.0176,4,-26.911,0,0.0644,0.994,0.5175,0.0985,0.0901,125.793,346587,3
662XmdJbRLzBOraMLCAMxQ,"Stabat Mater, RV 621: II. Cuius animam gementem",Antonio Vivaldi,13,classical,0.355,0.0275,0,-22.106,0,0.0411,0.952,0.000003,0.103,0.0588,62.687,105547,4
0vacSFNj1ko3QBmkgZ8KG2,"Stabat Mater, RV 621: III. O quam tristis",Antonio Vivaldi,13,classical,0.322,0.0531,5,-22.336,0,0.0433,0.924,0.000041,0.161,0.495,91.659,105813,4
7mxAZpaYmsErnGc4oRNwSE,"Stabat Mater, RV 621: VI. Pro peccatis",Antonio Vivaldi,13,classical,0.433,0.0481,5,-22.563,0,0.0543,0.87,0.000008,0.141,0.312,77.841,102253,1
6RiCG6JlkjiqEJzYdrOdTg,"Stabat Mater, RV 621: IV. Quis est homo",Antonio Vivaldi,13,classical,0.184,0.0267,5,-25.652,0,0.0392,0.787,0.0188,0.111,0.0379,95.016,202000,4
6aoPbfWO5MJbILyxcCL2dH,"Stabat Mater, RV 621: V. Quis non posset",Antonio Vivaldi,12,classical,0.337,0.00939,0,-26.6,0,0.0522,0.976,0.000002,0.069,0.0399,126.651,115933,4
3FqRDNnhcDIxJbohK3bjLs,"Stabat Mater, RV 621: VII. Eia Mater",Antonio Vivaldi,12,classical,0.372,0.00596,0,-30.854,0,0.0512,0.947,0,0.0601,0.0651,117.13,209053,4
5SrAwsEKVNVNCCF1QJQD0f,"Stabat Mater, RV 621: VIII. Fac ut ardeat",Antonio Vivaldi,12,classical,0.303,0.0316,5,-24.383,0,0.0486,0.951,0.000002,0.105,0.204,90.418,105493,5
1GxyxyGgHGexd8RZpbK7Qm,"Symphony No. 4 in B-Flat Major, Op. 60: III. Menuetto. Allegro vivace",Ludwig van Beethoven,42,classical,0.324,0.0412,10,-20.622,1,0.0402,0.946,0.5175,0.122,0.194,137.448,343240,3
7hT9WYJGYB1NuxqDEA6zXb,"Nocturne No.2 In E Flat, Op.9 No.2",Frédéric Chopin,53,classical,0.444,0.0154,3,-28.87,1,0.0443,0.986,0.5175,0.118,0.0814,106.52,278413,3
0jdek9fUDlGc4RHls1eevG,"Gloria in D Major, RV589: 3. Laudamus te",Antonio Vivaldi,0,classical,0.459,0.3,6,-13.511,1,0.0439,0.985,0.00557,0.229,0.525,123.388,125640,4
0RTW1EcDA9FbOZaJATTwp6,"Gloria In D Major, RV589: 1. Gloria in excelsis",Antonio Vivaldi,0,classical,0.459,0.316,1,-13.473,1,0.0313,0.962,0.433,0.152,0.272,128.119,141440,4
4ccjhDtB5nRdhvpJP4iwU1,"Violin Concerto No. 3 in F Major, RV 293 ""L'autunno"": II. Adagio molto",Antonio Vivaldi,0,classical,0.19,0.0453,11,-30.854,0,0.0364,0.553,0.357,0.381,0.0375,112.487,175400,4
18rOMlBMrwtbMgqv5Vh9kA,"Violin Concerto No. 4 in F Minor, RV 297 ""L'inverno"": I. Allegro non molto",Antonio Vivaldi,0,classical,0.457,0.215,5,-17.339,0,0.0599,0.856,0.5175,0.349,0.315,159.187,207200,4
3NQv48OzjCjaYv6Xuqfpoo,"Violin Concerto No. 1 in E Major, RV 269 ""La primavera"": III. Allegro",Antonio Vivaldi,0,classical,0.295,0.0968,4,-16.014,1,0.0372,0.85,0.5175,0.147,0.332,91.041,248733,4
5gcRgZTnrawxQB5ZCpVGyX,"Violin Concerto No. 2 in G Minor, RV 315 ""L'estate"": I. Allegro",Antonio Vivaldi,0,classical,0.3,0.219,7,-17.637,0,0.0472,0.824,0.373,0.131,0.0983,138.536,322693,4
00zJDVXhQvGixkoMC45crr,"Trio pour piano et violoncelle en Mi Bémol Majeur, D. 929, Op. 100: II. Andante con moto",Franz Schubert,52,classical,0.305,0.0289,0,-22.509,0,0.0337,0.979,0.257,0.0881,0.0913,95.851,447053,4
3YJrnXT1UNpRgnc7lcgXSF,"Rêverie, L. 68: Rêverie",Claude Debussy,56,classical,0.296,0.00896,7,-30.854,0,0.0394,0.994,0.5175,0.0825,0.0673,69.432,256000,3
3fBcEP2ETh5lRPbHSyfIsC,"Piano Sonata No. 14 In C Sharp Minor, Op. 27, No. 2 -""Moonlight"": 1. Adagio sostenuto",Ludwig van Beethoven,35,classical,0.141,0.00242,1,-30.854,0,0.0416,0.995,0.5175,0.113,0.103,168.391,316440,3
7yuzd6qmCKHuH39HZXjZ3k,"Schwanengesang, D. 957: IV. Ständchen",Franz Schubert,55,classical,0.214,0.0196,2,-27.86,0,0.046,0.994,0.5175,0.0651,0.181,167.025,189307,4
00dv0WjqxxKjxEA5bflnMO,"Symphony No. 4 in B-Flat Major, Op. 60: I. Adagio - Allegro vivace",Ludwig van Beethoven,37,classical,0.306,0.0944,5,-19.748,1,0.0387,0.783,0.135,0.0629,0.208,147.98,447053,4
1okQeekaBL7DzFxS0j1s7l,"Nisi Dominus, RV 608: IV. Cum dederit",Antonio Vivaldi,56,classical,0.132,0.0083,7,-30.221,0,0.0616,0.978,0.00393,0.132,0.0391,80.347,310253,4
0lKG4C7vJLJfFNatdHSJCt,"Symphony No. 5 in C Minor, Op. 67: I. Allegro con brio",Ludwig van Beethoven,36,classical,0.373,0.23,0,-17.802,0,0.048,0.896,0.5175,0.0845,0.186,99.571,419467,4
6VWeMkuPm8doJ99OvkZaD6,"Piano Sonata No. 6 In F Major, Op. 10, No. 2: 1. Allegro",Ludwig van Beethoven,32,classical,0.399,0.0793,0,-24.342,1,0.0352,0.99,0.5175,0.0708,0.3,98.913,341745,4
7gXWx5DBR5MfsFBzPm9zSS,"Chopin: Ballade No. 1 in G Minor, Op. 23: (Largo - Moderato - Meno mosso - Presto con fuoco)",Frédéric Chopin,58,classical,0.215,0.245,7,-14.514,0,0.0426,0.993,0.5175,0.109,0.0397,69.561,447053,3
0tBgJYy3XQt0psfjU66ctD,"Piano Sonata No. 6 In F Major, Op. 10, No. 2: 2. Allegretto",Ludwig van Beethoven,31,classical,0.434,0.0169,1,-30.854,1,0.0462,0.995,0.5175,0.0847,0.0446,70.84,289214,1
6a8qqQc6c7cehv7oJpQ24e,"Symphony No. 4 in B-Flat Major, Op. 60: II. Adagio",Ludwig van Beethoven,35,classical,0.227,0.02,3,-26.006,1,0.0403,0.922,0.5175,0.0984,0.117,73.906,447053,4
5NQUoKadDilI7mjtMg0495,"Piano Sonata No. 23 In F Minor, Op. 57 -""Appassionata"": 1. Allegro assai",Ludwig van Beethoven,31,classical,0.249,0.0987,1,-22.659,1,0.0399,0.987,0.5175,0.0527,0.0382,87.379,447053,4
3c8eKtFMZD54n1VornIfpx,"Piano Sonata No. 6 In F Major, Op. 10, No. 2: 3. Presto",Ludwig van Beethoven,30,classical,0.351,0.26,5,-23.151,1,0.0404,0.992,0.5175,0.0876,0.639,162.656,235957,4
2tNL30V82wwEc5DACO34h7,"Symphony No. 5 in C Minor, Op. 67: II. Andante con moto",Ludwig van Beethoven,34,classical,0.187,0.0135,8,-22.414,1,0.0358,0.897,0.324,0.0742,0.065,90.358,447053,3
75q6MelzE9eqr321LPo5yo,"Piano Sonata No. 23 In F Minor, Op. 57 -""Appassionata"": 2. Andante con moto",Ludwig van Beethoven,29,classical,0.334,0.00631,1,-30.854,1,0.0472,0.994,0.5175,0.115,0.114,104.703,432394,4
3haRumVpPjBfcOcuR6c6We,"Piano Sonata No. 23 In F Minor, Op. 57 -""Appassionata"": 3. Allegro ma non troppo",Ludwig van Beethoven,29,classical,0.278,0.226,10,-21.96,0,0.04,0.99,0.5175,0.0919,0.136,144.218,447053,4
6lGkcxaYR1Ivqne9qPGhGo,"Symphony No. 4 in B-Flat Major, Op. 60: IV. Allegro ma non troppo",Ludwig van Beethoven,34,classical,0.355,0.291,5,-19.287,1,0.0462,0.826,0.5175,0.316,0.396,145.432,404960,4
1NyAOkuUi9WnNKJYr0zMm5,"Symphony No. 5 in C Minor, Op. 67: III. Allegro",Ludwig van Beethoven,33,classical,0.313,0.0764,0,-21.857,1,0.0416,0.77,0.5175,0.381,0.211,94.408,447053,4
4uj6vdlVIyrEvualCRgNrx,"Piano Sonata No. 29 In B Flat Major, Op. 106 -""Hammerklavier"": 1. Allegro",Ludwig van Beethoven,29,classical,0.373,0.143,10,-22.36,1,0.0405,0.987,0.5175,0.114,0.114,121.714,447053,4
0XhqlfhV8V4QteIuquRydU,"Piano Sonata No. 32 In C Minor, Op. 111: 1. Maestoso - Allegro con brio ed appassionato",Ludwig van Beethoven,28,classical,0.413,0.132,5,-22.589,0,0.048,0.989,0.5175,0.0791,0.196,123.772,447053,3
4T4Gyimm03GCMtig9gZVmT,"Symphony No. 5 in C Minor, Op. 67: IV. Allegro",Ludwig van Beethoven,32,classical,0.308,0.301,0,-14.633,1,0.0361,0.827,0.5175,0.249,0.313,86.35,447053,4
7bAje0vvfFxbEYzIU0SK1A,"Piano Sonata No. 32 In C Minor, Op. 111: 2. Arietta (Adagio molto semplice e cantabile)",Ludwig van Beethoven,28,classical,0.287,0.0393,0,-25.699,1,0.0451,0.99,0.5175,0.078,0.0395,73.153,447053,4
7ogqidU5KkUWxRDgWwRkVt,Concerto for Piano and Orchestra No. 23 in A major: II. Adagio,Wolfgang Amadeus Mozart,58,classical,0.208,0.0133,6,-28.633,0,0.0362,0.989,0.5175,0.234,0.0397,85.135,417680,3
6XG8i039CVJHXFEsfcMmIj,"Piano Sonata No. 14 In C Sharp Minor, Op. 27, No. 2 -""Moonlight"": 2. Allegretto",Ludwig van Beethoven,26,classical,0.448,0.0179,1,-30.854,1,0.0538,0.996,0.5175,0.141,0.327,102.111,130507,1
4BxmNvVDeNV725LDLslaAB,"Piano Sonata No. 29 In B Flat Major, Op. 106 -""Hammerklavier"": 3. Adagio sostenuto",Ludwig van Beethoven,26,classical,0.293,0.00971,2,-29.225,1,0.0501,0.991,0.5175,0.111,0.0369,71.564,447053,3
2aPfdOKj92ecjty20tKQ4N,"Piano Sonata No. 29 In B Flat Major, Op. 106 -""Hammerklavier"": 2. Scherzo. Assai vivace",Ludwig van Beethoven,26,classical,0.405,0.0857,10,-23.713,1,0.0379,0.989,0.5175,0.127,0.155,109.209,148493,1
1mY79gG1m5lrEPCtqDcyMQ,"Piano Sonata No. 29 In B Flat Major, Op. 106 -""Hammerklavier"": 4. Largo - Allegro risoluto",Ludwig van Beethoven,25,classical,0.326,0.144,10,-23.79,1,0.0376,0.986,0.5175,0.115,0.184,130.51,447053,3
5NWMOWDQihtzHAzPKqELsc,"String Quartet No. 7, Op. 59 No. 1 ""Rasumovsky"" (Remastered): I. Allegro",Ludwig van Beethoven,31,classical,0.302,0.174,5,-17.662,1,0.0415,0.882,0.5175,0.0938,0.3,81.208,447053,4
36moTPn7XH1fJLmtfQpajF,"Piano Sonata No.17 in D Minor, Op. 31 No.2 ""The Tempest"": III. Allegretto",Ludwig van Beethoven,26,classical,0.209,0.182,7,-23.821,0,0.0387,0.984,0.5175,0.082,0.143,125.963,368187,1
3DI9fGouKBgJlzQJVXYCe3,"Piano Sonata No. 8 in C Minor, Op. 13 ""Pathétique"": I. Grave - Allegro di molto e con brio",Ludwig van Beethoven,6,classical,0.423,0.17,5,-24.147,0,0.0551,0.983,0.5175,0.0772,0.0816,75.51,447053,4
6rqyG1xZSJyTEguGQh6Hj8,"String Quartet No. 7, Op. 59 No. 1 ""Rasumovsky"" (Remastered): II. Allegretto vivace e semore scherzando",Ludwig van Beethoven,29,classical,0.473,0.218,10,-20.073,1,0.0751,0.872,0.5175,0.0925,0.349,171.431,447053,4
1VmNXS19ueGACbp3AtGTky,"Piano Sonata No. 2 in A Major, Op. 2 No. 2: III. Scherzo. Allegretto",Ludwig van Beethoven,26,classical,0.356,0.0884,9,-26.4,1,0.0408,0.994,0.5175,0.124,0.19,92.659,196480,3
0y1jptUuRZYnlB2YeSflCh,"Piano Sonata No. 8 in C Minor, Op. 13 'Pathétique': II. Adagio cantabile",Ludwig van Beethoven,5,classical,0.34,0.00782,8,-30.854,1,0.0384,0.995,0.5175,0.106,0.107,99.322,333800,4
57VeHAQM4rZ54LCWP6Ri8K,"Piano Sonata No.17 in D Minor, Op. 31 No.2 ""The Tempest"": II. Adagio",Ludwig van Beethoven,28,classical,0.377,0.00965,10,-30.854,1,0.0432,0.992,0.5175,0.0691,0.0828,134.594,399867,4
6anJnQtZvm8yIQ0z6EvQag,"Piano Sonata No. 8 in C Minor, Op. 13 ""Pathétique"": III. Rondo (Allegro)",Ludwig van Beethoven,5,classical,0.38,0.103,5,-25.561,0,0.038,0.987,0.5175,0.109,0.249,107.518,257840,4
12ixWiVhr85Ikg6pOGuufj,"Piano Sonata No. 2 in A Major, Op. 2 No. 2: I. Allegro vivace",Ludwig van Beethoven,27,classical,0.374,0.122,9,-25.077,1,0.0415,0.992,0.5175,0.0896,0.268,143.939,408747,4
0FPYKJUWLoxL0LERAegomU,"String Quartet No. 7, Op. 59 No. 1 ""Rasumovsky"" (Remastered): III. Adagio molto e mesto",Ludwig van Beethoven,28,classical,0.186,0.153,5,-19.936,0,0.0416,0.848,0.449,0.197,0.0689,89.544,447053,4
5uXUP0d3xnjeA2Y98ljFuN,"Piano Sonata No.20 in G Major, Op. 49 No.2: I. Allegro ma non troppo",Ludwig van Beethoven,26,classical,0.369,0.107,2,-28.329,1,0.0349,0.991,0.5175,0.221,0.591,85.075,240640,4
4kuK6OfpJEYAt0PPdj9AGx,"String Quartet No. 7, Op. 59 No. 1 ""Rasumovsky"" (Remastered): IV. Allegro",Ludwig van Beethoven,27,classical,0.478,0.257,5,-16.115,1,0.0418,0.827,0.11,0.099,0.359,118.545,381453,4
56iXWCNWhQQgF3XIfIK6sS,"Piano Sonata No. 2 in A Major, Op. 2 No. 2: II. Largo appassionato",Ludwig van Beethoven,26,classical,0.365,0.00596,2,-30.207,1,0.0426,0.995,0.5175,0.072,0.244,97.524,341080,4
688T7aVGomCvoPqH4YL9yc,"Piano Sonata No.20 in G Major, Op. 49 No.2: II. Tempo di Menuetto",Ludwig van Beethoven,26,classical,0.291,0.0573,7,-28.273,1,0.0382,0.99,0.5175,0.135,0.428,137.489,180200,4
4WxcmJapL6nPtaQdvwNaSY,"Piano Sonata No. 2 in A Major, Op. 2 No. 2: IV. Rondo. Grazioso",Ludwig van Beethoven,26,classical,0.17,0.105,9,-26.141,1,0.038,0.989,0.5175,0.0825,0.264,67.206,383787,4
08mhyg61x3AElBdngh58gj,"Piano Sonata No.17 in D Minor, Op. 31 No.2 ""The Tempest"": I. Largo – Allegro",Ludwig van Beethoven,26,classical,0.316,0.146,2,-23.21,0,0.0496,0.988,0.5175,0.125,0.0444,132.409,447053,5
3naQh87Rv9LztF9xbmghtC,"String Quartet No. 8, Op. 59 No. 2 ""Rasumovsky"" (Remastered): II. Molto adagio",Ludwig van Beethoven,26,classical,0.145,0.112,4,-20.394,1,0.0411,0.933,0.5175,0.155,0.0594,90.413,447053,4
6HGzj1FMXVBAi2AtBCbhCQ,"Serenade in E Major for Strings, Op. 22: II. Menuetto",Antonín Dvořák,58,classical,0.184,0.0878,9,-19.386,1,0.0409,0.74,0.5175,0.225,0.163,81.679,432533,3
4lzWjgA104PoeC0Zrf8nck,"String Quartet No. 8, Op. 59 No. 2 ""Rasumovsky"" (Remastered): I. Allegro",Ludwig van Beethoven,27,classical,0.289,0.174,7,-17.135,1,0.0627,0.922,0.5175,0.162,0.146,79.352,447053,4
6GgyLgSEjnZvX3YsrxZe1d,"String Quartet No. 9, Op. 59 No. 3 ""Rasumovsky"" (Remastered): I. Introduzione: Andante con moto - Allegro vivace",Ludwig van Beethoven,25,classical,0.341,0.136,0,-19.019,1,0.0406,0.854,0.332,0.231,0.224,150.467,447053,4
5sZ9hw52scwfORcnZrxeXB,"Piano Sonata No.30 in E Major, Op. 109: II. Prestissimo",Ludwig van Beethoven,24,classical,0.222,0.0942,4,-21.885,0,0.0339,0.985,0.5175,0.14,0.211,171.07,140547,4
4aBC2U4rYW4G4w3mQbbbMK,"String Quartet No. 9, Op. 59 No. 3 ""Rasumovsky"" (Remastered): III. Menuetto. Grazioso",Ludwig van Beethoven,25,classical,0.337,0.105,0,-18.916,1,0.0374,0.905,0.31,0.106,0.352,115.865,331667,3
5ui6h2zsgiuhFVdBj1IAcW,"String Quartet No. 8, Op. 59 No. 2 ""Rasumovsky"" (Remastered): III. Allegretto",Ludwig van Beethoven,26,classical,0.413,0.157,4,-16.721,1,0.0437,0.927,0.128,0.141,0.393,92.524,390107,4
5mG2t74ozibPYzOF84RZqh,"String Quartet No. 8, Op. 59 No. 2 ""Rasumovsky"" (Remastered): IV. Finale. Presto",Ludwig van Beethoven,25,classical,0.455,0.184,0,-16.049,1,0.0959,0.903,0.154,0.117,0.494,163.647,314107,4
1s4rGg0Y8y4eDhhlt71xzm,"String Quartet No. 9, Op. 59 No. 3 ""Rasumovsky"" (Remastered): II. Andante con moto quasi Allegretto",Ludwig van Beethoven,25,classical,0.145,0.0994,9,-22.615,0,0.0521,0.852,0.187,0.119,0.156,73.827,447053,4
3RwPGfgDvlT1ZmpSGa2zJ0,"String Quartet No. 10, Op. 74 ""Harp"" (Remastered): I. Poco adagio - Allegro",Ludwig van Beethoven,24,classical,0.267,0.125,3,-19.762,1,0.0487,0.914,0.512,0.157,0.152,72.178,447053,4
7GJFaA5NogrY2klYLeZ7Lc,"String Quartet No. 9, Op. 59 No. 3 ""Rasumovsky"" (Remastered): IV. Allegro molto",Ludwig van Beethoven,24,classical,0.426,0.386,0,-14.073,1,0.0357,0.822,0.5175,0.169,0.562,154.879,335480,4
4LBDQSvlhrluvwQUTzJGJV,"Piano Sonata No.30 in E Major, Op. 109: III. Gesangvoll, mit innigster Empfindung. Andante molto cantabile ed espressivo",Ludwig van Beethoven,23,classical,0.326,0.066,4,-25.89,1,0.0437,0.988,0.5175,0.0764,0.0398,131.34,447053,4
6UbL3WpZoOJdyvmcW0oyfP,"String Quartet No. 10, Op. 74 ""Harp"" (Remastered): II. Adagio ma non troppo",Ludwig van Beethoven,24,classical,0.118,0.143,8,-22.383,1,0.0443,0.939,0.5175,0.131,0.039,89.826,447053,3
6nGghgQp5VcgQnxRmfl5ey,"String Quartet No. 10, Op. 74 ""Harp"" (Remastered): III. Presto",Ludwig van Beethoven,23,classical,0.555,0.27,0,-17.404,1,0.0373,0.885,0.5175,0.359,0.654,94.067,300147,4
3wVznV7xoGlEnrU99A8qAv,"String Quartet No. 10, Op. 74 ""Harp"" (Remastered): IV. Allegretto con variazioni",Ludwig van Beethoven,23,classical,0.393,0.133,3,-19.026,1,0.044,0.9,0.5175,0.279,0.492,113.911,405133,4
2YU5RjtmV8fMwfF8EzOAOh,"Symphony No.7 in A Major, Op.92: 2. Allegretto",Ludwig van Beethoven,6,classical,0.116,0.046,4,-24.452,0,0.04,0.839,0.5175,0.111,0.0385,63.473,447053,4
7bZUzAmvWssCCxAWKvh8wZ,"Piano Sonata No. 14 (quasi una Fantasia) in C-Sharp Minor, Op. 27 No.2 ""Moonlight"": I. Adagio sostenuto",Ludwig van Beethoven,0,classical,0.178,0.00309,1,-30.854,0,0.0421,0.993,0.5175,0.128,0.0688,67.706,269293,4
4quuOkAA7DzvVDNY6s7hgu,"Piano Sonata No. 15 in D Major, Op. 28 ""Pastorale"": I. Allegro",Ludwig van Beethoven,0,classical,0.299,0.0416,2,-25.784,1,0.045,0.992,0.5175,0.0914,0.0723,66.821,447053,4
7kZlzKxT42wf7k9lu6euNA,"Piano Sonata No. 15 in D Major, Op. 28 ""Pastorale"": II. Andante",Ludwig van Beethoven,0,classical,0.455,0.0183,2,-29.408,1,0.0594,0.991,0.5175,0.0797,0.14,135.484,438707,1
3K2324OgIyMZK4rnO7fOhW,"Piano Sonata No. 15 in D Major, Op. 28 ""Pastorale"": III. Scherzo et Trio. Allegro vivace",Ludwig van Beethoven,0,classical,0.507,0.0591,2,-25.509,1,0.0507,0.994,0.5175,0.0972,0.344,99.566,135040,4
3XOwAGRH5SJv9SWGM68MV4,"Piano Sonata No. 15 in D Major, Op. 28 ""Pastorale"": IV. Rondo. Allegro non troppo",Ludwig van Beethoven,0,classical,0.314,0.0934,2,-22.934,1,0.0427,0.988,0.5175,0.13,0.151,87.664,291147,4
42JKa75CdlllhMXCuSCBZe,"Piano Sonata No. 23 in F Minor, Op. 57 ""Appassionata"": I. Allegro assai",Ludwig van Beethoven,0,classical,0.198,0.059,5,-26.3,0,0.0434,0.968,0.5175,0.0988,0.0393,166.628,447053,3
0fatnQIgsYo194jqKy5kVu,"Piano Sonata No. 23 in F Minor, Op. 57 ""Appassionata"": II. Andante con moto",Ludwig van Beethoven,0,classical,0.158,0.00267,1,-30.854,1,0.0431,0.989,0.5175,0.107,0.159,71.009,378067,4
6HaOY1oKAu3pRM8na6DNQF,"Piano Sonata No. 23 in F Minor, Op. 57 ""Appassionata"": III. Allegro, ma non troppo",Ludwig van Beethoven,0,classical,0.264,0.199,10,-22.335,0,0.0369,0.975,0.5175,0.0845,0.102,143.902,447053,4
0kJCGoFZLSLa2vPFGjz9Kr,"Sonata No. 26 for Piano in E-Flat Major, Op. 81a ""Les Adieux"": I. Das Lebewohl. Adagio - Allegro",Ludwig van Beethoven,0,classical,0.365,0.0336,3,-26.413,1,0.0426,0.993,0.5175,0.0698,0.115,113.224,440160,4
7sn6gapRXCVkj8Ld7U7FQg,"Sonata No. 26 for Piano in E-Flat Major, Op. 81a ""Les Adieux"": II. Abwesenheit. Andante espressivo",Ludwig van Beethoven,0,classical,0.405,0.00421,7,-30.854,1,0.0451,0.992,0.5175,0.0922,0.108,68.415,203907,3
2Wcwg4MDJ49mtMRRV0SMjj,"Sonata No. 26 for Piano in E-Flat Major, Op. 81a ""Les Adieux"": III. Das Wiedersehn. Vivacissimamente",Ludwig van Beethoven,0,classical,0.311,0.14,10,-24.429,1,0.04,0.991,0.5175,0.106,0.204,160.676,326973,1
5Zs21H0agV07nLhjojM1wL,"Piano Sonata No. 28 in A Major, Op. 101: I. Etwas lebhaft, und mit der innigsten Empfindung. Allegretto ma non troppo",Ludwig van Beethoven,0,classical,0.481,0.0129,4,-28.363,1,0.0672,0.994,0.5175,0.0742,0.0705,135.897,237720,3
3UGfTt8cdvRPA3E0wY60Jl,"Piano Sonata No. 28 in A Major, Op. 101: II. Lebhaft, Marschmässig. Vivace alla marcia",Ludwig van Beethoven,0,classical,0.318,0.058,5,-25.11,1,0.034,0.985,0.5175,0.0879,0.128,150.556,357667,4
0iE3D5dHAast0eaUU4tWe5,"Piano Sonata No. 28 in A Major, Op. 101: III. Langsam und sehnsuchtsvoll. Adagio, ma non troppo, con affetto",Ludwig van Beethoven,0,classical,0.494,0.00259,9,-30.854,0,0.0469,0.993,0.5175,0.11,0.0652,70.156,167013,4
3Znk1PEN3EqCYvgWcoFw0K,"Piano Sonata No. 28 in A Major, Op. 101: IV. Geschwind, doch nicht zu sehr, und mit Entschlossenheit. Allegro",Ludwig van Beethoven,0,classical,0.395,0.11,9,-22.524,1,0.0383,0.991,0.5175,0.09,0.25,126.43,431147,4
0AIVUF8CPRZyku0Ce8Ts48,"Bagatelle No. 25 in A Minor for Piano, WoO 59 ""Für Elise""",Ludwig van Beethoven,0,classical,0.251,0.0162,9,-30.854,0,0.0418,0.99,0.5175,0.0631,0.0777,142.323,173960,4
1FnK5CuXMumjYRzRY3ad5r,"Violin Sonata No. 9 in A Major, Op. 47 ""Kreutzer"": I. Adagio sostenuto - Presto",Ludwig van Beethoven,0,classical,0.379,0.18,9,-19.725,0,0.0499,0.957,0.447,0.0446,0.146,145.809,447053,4
4Bt0uyJ52FWZJF8av8GMVv,"Violin Sonata No. 9 in A Major, Op. 47 ""Kreutzer"": II. Var. 1, Andante con Variazioni: Andante",Ludwig van Beethoven,0,classical,0.282,0.0182,5,-28,1,0.0372,0.968,0.381,0.208,0.174,96.223,146627,4
2yqVIY1uTPHvlGMj3DL8OS,"Violin Sonata No. 9 in A Major, Op. 47 ""Kreutzer"": II. Var. 2, Andante con Variazioni: Variation I",Ludwig van Beethoven,0,classical,0.516,0.0751,5,-28.52,1,0.0528,0.985,0.5175,0.154,0.581,81.606,126720,4
4Ry84YZ9Bwc7YpWkxMCyFr,"Violin Sonata No. 9 in A Major, Op. 47 ""Kreutzer"": II. Var. 3, Andante con Variazioni: Variation II",Ludwig van Beethoven,0,classical,0.554,0.158,5,-27.197,1,0.0503,0.927,0.235,0.115,0.814,126.788,111320,4
2F5BHPLxHqHyGKFZX0Hz92,"Violin Sonata No. 9 in A Major, Op. 47 ""Kreutzer"": II. Var. 4, Andante con Variazioni: Variation III",Ludwig van Beethoven,0,classical,0.14,0.0699,10,-24.657,0,0.0491,0.962,0.0574,0.129,0.0709,175.079,172587,3
1S3Ku68b0qP5j1MiFYkvtB,"Violin Sonata No. 9 in A Major, Op. 47 ""Kreutzer"": II. Var. 5, Andante con Variazioni: Variation IV",Ludwig van Beethoven,0,classical,0.193,0.0343,5,-30.67,1,0.0482,0.962,0.162,0.138,0.118,75.126,348840,4
2KivvlIew2sp0rb4oWgq4t,"Violin Sonata No. 9 in A Major, Op. 47 ""Kreutzer"": III. Presto",Ludwig van Beethoven,0,classical,0.404,0.142,9,-21.835,1,0.0434,0.971,0.335,0.0751,0.228,94.064,447053,4
6i8rizME289V3KAeJcFVX2,"Symphony No. 6 in F Major, Op. 68 ""Pastoral"": I. Allegro ma non troppo (Awakening of cheerful feelings on arriving in the country)",Ludwig van Beethoven,0,classical,0.301,0.0851,0,-20.06,1,0.035,0.951,0.5175,0.0915,0.219,111.638,315440,4
4ln9GFJf70KpI7vkb8K1j1,"Symphony No. 6 in F Major, Op. 68 ""Pastoral"": II. Andante molto moto (Scene by the brook)",Ludwig van Beethoven,0,classical,0.0953,0.0201,10,-30.854,1,0.0419,0.961,0.465,0.0804,0.08,74.644,447053,3
1BtyUfXqWiFFs4K8wJfX2P,"Symphony No. 6 in F Major, Op. 68 ""Pastoral"": III. Allegro (Merry gathering of the country folk)",Ludwig van Beethoven,0,classical,0.342,0.0762,5,-22.356,1,0.0436,0.966,0.333,0.174,0.431,142.924,324000,4
4CKpc9IqB66dEnJv5kTNwl,"Symphony No. 6 in F Major, Op. 68 ""Pastoral"": IV. Allegro (Storm and tempest)",Ludwig van Beethoven,0,classical,0.144,0.267,0,-19.406,1,0.0523,0.87,0.5175,0.109,0.0569,81.967,240107,4
7tXG3OhjwBSz1FxrOCiaL4,"Symphony No. 6 in F Major, Op. 68 ""Pastoral"": V. Allegretto (Shepherds' Song. Happy and thankful feelings after the storm)",Ludwig van Beethoven,0,classical,0.0997,0.0721,5,-20.815,1,0.0389,0.967,0.5175,0.0792,0.0673,175.939,447053,3
6A8tC6e9DLPd5iEZRX1CrC,"Impromptus, D 899, Op. 90: III. Andante",Franz Schubert,58,classical,0.265,0.0184,6,-27.585,1,0.0362,0.993,0.5175,0.0865,0.0423,64.471,397147,4
086sjLPEqdKBgTxbTeCLCv,Rêverie,Claude Debussy,59,classical,0.251,0.00904,5,-30.854,1,0.0406,0.995,0.5175,0.0779,0.0819,62.225,233400,4
0jOnZhF75V68VsBObWx2XO,"The Swan (From ""Carnival of the Animals, R. 125"")",Camille Saint-Saëns,62,classical,0.169,0.0161,9,-30.854,0,0.0442,0.986,0.5175,0.0805,0.0573,128.143,174267,3
59cPOVxrn3Yjwydl1pullI,"Wiegenlied, Op. 49, No. 4 (Arr. for Cello and Piano)",Johannes Brahms,60,classical,0.205,0.00832,3,-30.854,1,0.0506,0.989,0.5175,0.104,0.215,77.781,109800,1
6A6vSsLkXoTJZ8cA4vtznl,"Canon in D Major, P.37",Johann Pachelbel,63,classical,0.404,0.125,2,-17.933,1,0.0434,0.988,0.5175,0.113,0.227,106.399,288853,4
41jwqis6FPDjSKvP80zGtr,"Chopin: Nocturne No. 2 in E-Flat Major, Op. 9 No. 2",Frédéric Chopin,56,classical,0.363,0.022,3,-28.246,1,0.031,0.988,0.5175,0.109,0.0912,67.391,280867,4
59eTbibtvvBIGj27eN3zqq,Le Cygne,Camille Saint-Saëns,57,classical,0.121,0.0579,7,-26.618,1,0.0427,0.98,0.5175,0.11,0.0394,95.557,215000,4
0oM6BbdHGhEza0gG8Y06pK,"Quartet in G Minor for Piano, Violin, Viola and Cello, K. 478: II. Andante",Wolfgang Amadeus Mozart,61,classical,0.32,0.0428,10,-24.863,1,0.0367,0.977,0.5175,0.191,0.173,66.667,418133,3
1jkymffjn9YGUfZxj6zx39,"Requiem in D Minor, Op. 48: IV. Pie Jesu (Ed. Marc Rigaudière)",Gabriel Fauré,58,classical,0.183,0.0303,10,-27.999,1,0.0448,0.964,0.5175,0.108,0.0422,69.003,183293,4
7njAZhca4o80qQdCgyEWya,"The Four Seasons, Violin Concerto No. 4 in F Minor, RV 297 ""Winter"": II. Largo",Antonio Vivaldi,58,classical,0.33,0.0649,3,-25.176,1,0.0443,0.898,0.000062,0.0931,0.34,83.398,117907,4
05yzhEWkmVXiigqWfcNTQS,"Après un rêve, Op. 7, No. 1",Gabriel Fauré,55,classical,0.187,0.0306,5,-27.399,0,0.0404,0.991,0.5175,0.0979,0.036,96.639,160227,4
1Fye8VOMOlXxtBo02TpNWD,"Ständchen (From Schwanengesang, D957)",Franz Liszt,57,classical,0.311,0.0075,2,-30.619,1,0.0397,0.994,0.5175,0.0877,0.0387,68.138,375920,3
4a2qoYY6xINDXtUOBFbJ6d,"Klarinettenkonzert A-Dur, K. 622: 2. Adagio (Jenseits von Afrika): II. Adagio",Wolfgang Amadeus Mozart,58,classical,0.122,0.0182,2,-27.89,1,0.0383,0.967,0.5175,0.0735,0.0473,77.59,447053,3
5PwaPGDCqwyWqoh7PjQooK,"Ma mère l'oye, M. 60 (Version for Piano Duo): III. Laideronnette, imperatrice des pagodes",Maurice Ravel,57,classical,0.331,0.0119,3,-30.854,0,0.0372,0.983,0.5175,0.057,0.108,132.905,187200,4
2nnXe7n3Vivs7OfQKRsfWD,"Vivaldi: Violin Concerto in G Minor, RV 315 ""L'estate"" (No. 2 from ""Il cimento dell'armonia e dell'inventione"", Op. 8): III. Presto",Antonio Vivaldi,56,classical,0.362,0.569,7,-15.394,0,0.0345,0.876,0.5175,0.327,0.746,148.692,173427,3
1SnBGYOIHcWcuVL1YCcjix,"Schubert: Piano Trio in E-Flat Major, D. 929: II. Andante con moto",Franz Schubert,44,classical,0.232,0.0529,0,-18.353,0,0.041,0.966,0.361,0.0978,0.0863,87.996,447053,4
5sfdmuCeUFhEgRannFioS8,"Album for the Young, Op. 39, TH 141: No. 24, The Organ-Grinder's Song",Pyotr Ilyich Tchaikovsky,27,classical,0.634,0.0184,4,-22.188,0,0.0828,0.993,0.5175,0.0977,0.115,64.655,114067,4
6FreP1ES04V8f4DA042hfb,"Album for the Young, Op. 39, TH 141: No. 12, Russian Song",Pyotr Ilyich Tchaikovsky,25,classical,0.568,0.13,10,-18.122,1,0.218,0.996,0.5175,0.112,0.416,71.458,47227,1
4qHC5WExqiNf80X6mbIqlZ,"Album for the Young, Op. 39, TH 141: No. 13, Peasant Prelude",Pyotr Ilyich Tchaikovsky,24,classical,0.387,0.38,2,-17.916,1,0.111,0.986,0.5175,0.0986,0.264,178.881,44237,3
1bz6aCzahaafy6xyd5EPAa,"Album for the Young, Op. 39, TH 141: No. 20, The Witch Baba Yaga",Pyotr Ilyich Tchaikovsky,24,classical,0.292,0.323,0,-18.927,1,0.199,0.993,0.5175,0.129,0.353,197.686,47787,4
7bEO1yogMN8Yqzlqiznfjc,"Piano Quartet in E-Flat Major, Op.16: II. Andante cantabile",Ludwig van Beethoven,62,classical,0.0854,0.0642,10,-26.589,1,0.0434,0.95,0.5175,0.0786,0.0766,60.2,447053,4
50VVlZROGaROAwNqAMxA6B,"Kinderszenen, Op. 15: VII. Träumerei",Robert Schumann,59,classical,0.453,0.00715,5,-30.854,1,0.0709,0.995,0.5175,0.0647,0.257,135.407,186200,3
1LgjqqeUpcACk4a94SiinY,Claire De Lune,Claude Debussy,62,classical,0.428,0.0108,1,-27.554,1,0.0425,0.993,0.5175,0.0812,0.0397,68.661,316747,4
5t0E9V1RiHBflzs71pfGGG,"Piano Sonata No. 14 in C-Sharp Minor, Op. 27 No. 2 ""Moonlight"": I. Adagio sostenuto",Ludwig van Beethoven,61,classical,0.205,0.00644,1,-30.854,0,0.0604,0.995,0.5175,0.115,0.147,163.137,315200,3
5MpayeDmtJwgCpxQOkVBtN,"""La donna è mobile""",Giuseppe Verdi,52,classical,0.366,0.174,6,-14.047,1,0.0384,0.963,0.000011,0.085,0.389,67.893,146000,3
10yXfuLcIilEbs2JrMU7oY,Le Carnaval des animaux: Le Carnaval des animaux: Aquarium,Camille Saint-Saëns,52,classical,0.243,0.0195,9,-30.854,0,0.044,0.97,0.5175,0.0858,0.0393,126.724,161293,4
3WXihZyREYjtzDjTfArJN2,"Hungarian Dance No.5 In G Minor, WoO 1 No. 5",Johannes Brahms,54,classical,0.358,0.167,7,-16,0,0.0354,0.899,0.5175,0.103,0.601,144.561,138707,4
1R6BlIEjCe4JiC3tUbMk9A,"Préludes - Book 2, L.123: 1. Brouillards",Claude Debussy,37,classical,0.248,0.0151,7,-30.854,1,0.0346,0.993,0.5175,0.143,0.0375,133.01,156747,4
0igLGiKYSIoFoXRllbPvfe,"Piano Concerto No. 21 in C Major, K. 467: II. Andante",Wolfgang Amadeus Mozart,58,classical,0.15,0.0493,5,-23.149,1,0.0372,0.978,0.5175,0.0952,0.067,181.665,425720,3
2egYFLjRGuzt8lYM1Yznz2,"Schwanengesang, D. 957: Schwanengesang, D. 957: Ständchen",Franz Schubert,53,classical,0.302,0.0237,2,-26.404,1,0.0416,0.985,0.000011,0.0955,0.049,125.733,254560,4
67P27XJlQeJWf3YC7G8Taf,"Mozart: Piano Sonata No. 11 in A Major, K. 331, ""Alla Turca"": I. Andante grazioso",Wolfgang Amadeus Mozart,62,classical,0.403,0.126,9,-23.126,1,0.0404,0.992,0.5175,0.0601,0.259,99.826,447053,4
4Weo3vMehKR84QR3gEgwm8,"Symphony No. 3 in F Major, Op. 90: III. Poco allegretto",Johannes Brahms,55,classical,0.0818,0.0218,0,-28.778,0,0.0409,0.965,0.5175,0.104,0.0616,172.879,374733,3
2u9VGZmVz7Rm01SfDgzcfA,"Liebestraum No. 3 in A-Flat Major, S. 541 / 3",Franz Liszt,54,classical,0.279,0.0292,8,-26.804,1,0.0406,0.987,0.5175,0.104,0.0338,136.732,293147,3
5xXjqFnvQbxZglR1sGm0Yc,"24 Préludes, Op. 28: No.15 in D flat major - Sostenuto",Frédéric Chopin,58,classical,0.36,0.0177,1,-23.79,1,0.0432,0.992,0.5175,0.127,0.0384,70.353,339947,4
5u5aVJKjSMJr4zesMPz7bL,"Clair de Lune, L. 32",Claude Debussy,59,classical,0.335,0.00532,1,-30.854,1,0.0376,0.994,0.5175,0.0621,0.0397,65.832,268000,4
3nxaPqAOxUxkLhIhbvmv4t,Violin Concerto BWV 1042 in E Major: Violin Concerto BWV 1042 in E Major: I. Allegro,Johann Sebastian Bach,59,classical,0.441,0.319,3,-13.99,1,0.0392,0.829,0,0.0765,0.671,99.419,447053,4
2Y2Kr2tyEXXJL4oezlitvd,"Rêverie, L. 68",Claude Debussy,18,classical,0.262,0.0134,5,-30.854,1,0.0394,0.99,0.5175,0.0922,0.106,64.979,328280,3
05p2JYxi4cI8G8Eg0MwZfR,"Rêverie, L. 68",Claude Debussy,11,classical,0.251,0.00904,5,-30.854,1,0.0406,0.995,0.5175,0.0779,0.0819,62.225,233400,4
5LZFAq8L8Eq1lurqqVZUoU,"Estampes, L. 100: III. Jardins sous la pluie",Claude Debussy,10,classical,0.238,0.0627,4,-23.752,1,0.0335,0.995,0.5175,0.0799,0.0373,94.285,231933,4
0pG27rqb1plz9lJC6NEL8J,"Préludes - Book 2, L.123: 1. Brouillards",Claude Debussy,0,classical,0.248,0.0151,7,-30.854,1,0.0346,0.993,0.5175,0.143,0.0375,133.01,156747,4
06TPA6bq8qYJRVaALZfX4U,"Préludes - Book 2, L.123: 2. Feuilles mortes",Claude Debussy,0,classical,0.406,0.0033,1,-30.854,1,0.0466,0.994,0.5175,0.127,0.0373,126.837,145213,3
1MYiN9NB9utGSliSkPD3yd,"Préludes - Book 2, L.123: 3. La puerta del vino",Claude Debussy,0,classical,0.367,0.0135,8,-27.874,1,0.038,0.993,0.5175,0.0935,0.0397,74.05,157080,4
54BzIDEEW0vxsoaFY9Ldet,"Préludes - Book 2, L.123: 4. Les fées sont d'exquises danseuses",Claude Debussy,0,classical,0.275,0.0322,8,-30.381,1,0.0365,0.992,0.5175,0.14,0.0436,70.671,179787,4
3ErOyLSrIprDazqFAphBU3,"Préludes - Book 2, L.123: 5. Bruyères",Claude Debussy,0,classical,0.318,0.0222,8,-30.854,1,0.0378,0.994,0.5175,0.176,0.0812,129.083,140067,4
7jQbJnMiF4tH1wo9wto8gB,"Préludes - Book 2, L.123: 6. General Lavine - eccentric",Claude Debussy,0,classical,0.403,0.0612,0,-24.28,1,0.0363,0.993,0.5175,0.193,0.189,108.401,136800,4
1dcruszqFuU40RXrvu8eU6,"Préludes - Book 2, L.123: 7. La terrasse des audiences du clair de lune",Claude Debussy,0,classical,0.402,0.00936,6,-30.854,1,0.0431,0.991,0.5175,0.0792,0.0328,99.956,214653,4
6mwelemv4OsO033OobTxvq,"Préludes - Book 2, L.123: 8. Ondine",Claude Debussy,0,classical,0.208,0.0395,4,-30.854,1,0.0343,0.992,0.5175,0.121,0.0365,71.552,168720,5
2cDgm4EkgIXm0ewkaQOUqn,"Préludes - Book 2, L.123: 9. Hommage à S. Pickwick, Esq., P.P.M.P.C.",Claude Debussy,0,classical,0.367,0.0521,5,-25.342,1,0.0452,0.987,0.5175,0.114,0.152,78.817,147333,4
7zOBHqpN6Mn9U0XsNdxiDI,"Préludes - Book 2, L.123: 10. Canope",Claude Debussy,0,classical,0.423,0.00374,0,-30.854,1,0.0529,0.993,0.5175,0.163,0.0774,78.356,144773,4
5z1KmRo8uMUdWGURTxtuTM,"Préludes - Book 2, L.123: 11. Les tierces alternées",Claude Debussy,0,classical,0.26,0.0808,0,-29.519,0,0.0362,0.991,0.5175,0.0902,0.0641,139.535,147867,4
5DHW5NnaRXVEXligSGnZmi,"Préludes - Book 2, L.123: 12. Feux d'artifice",Claude Debussy,0,classical,0.331,0.14,8,-22.444,1,0.0371,0.991,0.5175,0.0897,0.0328,114.096,245587,4
7k4NaFT52mNCboRbmmmtgt,"En blanc et noir, L.134: 1. Avec emportement",Claude Debussy,0,classical,0.247,0.0839,11,-25.362,0,0.0324,0.993,0.5175,0.0658,0.0548,68.008,253587,4
7zTzSVCP0fX2KGspLo0ZGe,"En blanc et noir, L.134: 2. Lent. Sombre",Claude Debussy,0,classical,0.361,0.0128,0,-28.782,0,0.044,0.988,0.5175,0.107,0.0681,92.816,431187,4
69C1ayBSpn8Yvw6BMlbFxB,"En blanc et noir, L.134: 3. Scherzando",Claude Debussy,0,classical,0.246,0.055,2,-29.706,0,0.0375,0.994,0.5175,0.128,0.0358,75.06,249947,4
4UZ02bpjxGOaueyPfjgCJ9,"Première Rhapsodie, L. 116",Claude Debussy,0,classical,0.296,0.0975,6,-21.656,1,0.0425,0.992,0.5175,0.117,0.0375,133.702,447053,4
6F9e8sXIbbhnJ3k8e266Jl,"Petite Pièce For Clarinet And Piano, L. 120",Claude Debussy,0,classical,0.25,0.0369,4,-27.122,0,0.0475,0.992,0.5175,0.081,0.0676,73.246,136297,4
4AsDqHSP0aJjxXgyt7vZjY,"String Quartet In G Minor, Op.10, L. 85: 1. Animé et très décidé",Claude Debussy,0,classical,0.188,0.126,6,-20.218,0,0.0433,0.978,0.5175,0.098,0.103,82.182,383133,4
6XbI44PMkh7jnpIh7GzfvC,"String Quartet In G Minor, Op.10, L. 85: 2. Scherzo (Assez vif et bien rythmé)",Claude Debussy,0,classical,0.437,0.118,0,-25.394,0,0.0399,0.964,0.5175,0.0887,0.349,84.641,225400,4
2SYlG4bXyEG6Ws753itbOT,"String Quartet In G Minor, Op.10, L. 85: 3. Andantino doucement expressif",Claude Debussy,0,classical,0.0665,0.0163,6,-30.854,1,0.0514,0.978,0.176,0.084,0.0333,55.424,447053,3
2O8LuiX7LqCPUALuXj0uM8,"String Quartet In G Minor, Op.10, L. 85: 4. Très modéré - Très mouvementé - Très animé",Claude Debussy,0,classical,0.272,0.156,7,-20.603,1,0.0482,0.98,0.5175,0.101,0.0472,138.847,426053,4
70IyUEvEdM0NX6Q2ZPJulQ,"Sonata In G Minor For Violin & Piano, L. 140: 1. Allegro vivo",Claude Debussy,0,classical,0.271,0.0524,0,-23.777,0,0.0445,0.972,0.0112,0.0985,0.0576,106.133,310253,3
6Prcrx60iIwVt49gfTBuHY,"Sonata In G Minor For Violin & Piano, L. 140: 2. Intermède (Fantasque et léger)",Claude Debussy,0,classical,0.387,0.102,10,-24.732,0,0.0468,0.959,0.173,0.381,0.0923,105.49,243667,4
4B2TIMKj8hLbpKzWdMSIxY,"Sonata In G Minor For Violin & Piano, L. 140: 3. Finale (Très animé)",Claude Debussy,0,classical,0.338,0.123,7,-23.133,1,0.0473,0.965,0.0396,0.234,0.111,131.406,267200,4
7Jk63zhyrb28L9RQ2FkPUJ,"Beau Soir, L.6",Claude Debussy,0,classical,0.131,0.016,6,-30.854,0,0.0506,0.945,0.0589,0.124,0.0348,90.674,185240,3
6vl7EcLsiOdicZLoJY0S6i,"Sonata in D Minor for Cello & Piano, L.135: 1. Prologue (lent)",Claude Debussy,0,classical,0.186,0.00874,2,-28.936,0,0.0408,0.985,0.5175,0.0994,0.0745,101.43,276440,4
1FxmGYfRluUOwEqdGCPfjx,"Sonata in D Minor for Cello & Piano, L.135: 2. Sérénade (Modérément animé)",Claude Debussy,0,classical,0.411,0.0184,7,-30.635,1,0.0481,0.987,0.5175,0.0781,0.0854,75.33,193373,3
68sTzQUGzoN6gU7zieVhne,"Sonata in D Minor for Cello & Piano, L.135: 3. Finale (Animé)",Claude Debussy,0,classical,0.302,0.0717,8,-25.209,1,0.0409,0.989,0.5175,0.0753,0.173,101.792,222733,4
0AOCwEIv1T6LVJeZvf2FoM,"Sonata For Flute, Viola And Harp, L. 137: 1. Pastorale",Claude Debussy,0,classical,0.197,0.0248,5,-29.728,1,0.0506,0.986,0.5175,0.101,0.0375,71.234,419760,3
57sUGcxueZkPWWat4GhdLB,"Sonata For Flute, Viola And Harp, L. 137: 2. Interlude",Claude Debussy,0,classical,0.27,0.0368,6,-27.974,1,0.0501,0.993,0.5175,0.0912,0.0442,115.973,358867,3
1WyqaGZrRFweM3nesH9APH,"Sonata For Flute, Viola And Harp, L. 137: 3. Finale",Claude Debussy,0,classical,0.286,0.0769,6,-24.793,1,0.0409,0.99,0.5175,0.131,0.0476,99.154,301440,4
42VjVsbCIbsck2592f2DTL,"Syrinx For Solo Flute, L.129",Claude Debussy,0,classical,0.29,0.021,8,-29.571,0,0.0565,0.991,0.5175,0.0984,0.149,70.77,164520,5
2r1FiNXh5mDNEP8K07YRVp,"Bizet: Carmen, WD 31, Act 1 Scene 4: No. 5, Havanaise, ""L'amour est un oiseau rebelle"" (Carmen, Chorus)",Georges Bizet,52,classical,0.363,0.115,2,-17.325,1,0.0689,0.976,0,0.0992,0.231,134.424,262147,4
64gNY91aF5i2tOdjHn60hL,"Le carnaval des animaux, R. 125 (Arr. for 2 Pianos & Orchestra): XIII. Le cygne",Camille Saint-Saëns,56,classical,0.2,0.0128,7,-30.854,1,0.0446,0.99,0.5175,0.103,0.0572,77.847,153133,3
67PSa2ZYjTtS01UWrxkKAy,Sicilienne Op.78,Gabriel Fauré,56,classical,0.215,0.0252,3,-27.395,1,0.0484,0.994,0.5175,0.12,0.134,136.736,232996,3
53zrZribB4xc2uRzZXWKCT,"2 Arabesques, L. 66: No. 1 in E Major",Claude Debussy,57,classical,0.252,0.00676,4,-30.854,1,0.0358,0.991,0.5175,0.062,0.0897,109.115,273413,3
1eXE00uNpofvgvnUQZhtOT,"String Quartet No. 14 in D Minor, D. 810 ""Death and the Maiden"": I. Allegro",Franz Schubert,11,classical,0.337,0.157,2,-16.624,0,0.0489,0.927,0.5175,0.143,0.109,116.539,447053,4
7Hp03n5kMp0rzYww2dEgX0,"String Quartet No. 14 in D Minor, D. 810 ""Death and the Maiden"": II. Andante con moto",Franz Schubert,10,classical,0.259,0.0661,7,-20.606,0,0.045,0.94,0.322,0.11,0.0731,97.704,447053,4
4i2XB3lA2krUNs6HpZRP9K,"String Quartet No. 13 in A Minor, D. 804 ""Rosamunde"" (Remastered): I. Allegro ma non troppo",Franz Schubert,26,classical,0.226,0.168,9,-19.519,0,0.0563,0.88,0.5175,0.121,0.0808,97.328,447053,4
2uVtoIYCWfqDGLK8pLvL6t,"String Quartet No. 14 in D Minor, D. 810 ""Death and the Maiden"": IV. Presto",Franz Schubert,9,classical,0.426,0.147,2,-17.44,0,0.0417,0.885,0.5175,0.169,0.301,92.929,447053,4
4pH0QYfmCMM4VJkLUIzc1I,"String Quartet No. 14 in D Minor, D. 810 ""Death and the Maiden"": III. Scherzo - Allegro molto - Trio",Franz Schubert,9,classical,0.422,0.0773,9,-18.929,1,0.0458,0.953,0.5175,0.0784,0.295,97.249,218200,4
1JYfykkVGSQDI2HoU9CFsz,"Piano Sonata No. 21 in B-Flat Major, Op. Posth., D. 960: III. Scherzo. Allegro vivace con delicatezza",Franz Schubert,26,classical,0.524,0.0542,5,-26.569,0,0.0494,0.994,0.5175,0.114,0.413,117.423,267280,1
5GKf0MdmaXqkVubCCEzmeb,"Piano Sonata No. 21 in B-Flat Major, Op. Posth., D. 960: IV. Allegro ma non troppo",Franz Schubert,23,classical,0.397,0.0735,10,-23.914,1,0.0437,0.993,0.5175,0.12,0.184,147.4,447053,4
20tAiJVtD1Tstps08fGHkd,"Piano Sonata No. 21 in B-Flat Major, Op. Posth., D. 960: I. Molto moderato",Franz Schubert,25,classical,0.402,0.0256,10,-27.638,1,0.0489,0.992,0.5175,0.102,0.0426,104.622,447053,4
2VLKrbdzuPUVg2gyHwwsOM,"String Quartet No. 13 in A Minor, D. 804 ""Rosamunde"" (Remastered): II. Andante",Franz Schubert,23,classical,0.232,0.0887,0,-22.731,1,0.0475,0.931,0.5175,0.075,0.061,128.171,447053,3
76BiWkqa3Nlhazw3MEeK3v,"String Quartet No. 13 in A Minor, D. 804 ""Rosamunde"" (Remastered): III. Menuetto: Allegretto",Franz Schubert,23,classical,0.173,0.0962,4,-21.358,0,0.0449,0.944,0.5175,0.0806,0.0709,85.446,447053,4
2w2uMmxjM0LzlB4gx5Ejqh,"Piano Sonata No. 21 in B-Flat Major, Op. Posth., D. 960: II. Andante sostenuto",Franz Schubert,22,classical,0.414,0.00453,1,-30.189,0,0.0584,0.994,0.5175,0.0887,0.0391,72.699,447053,3
38NkEpXEa6XN7hr7PFsfTE,"String Quartet No. 13 in A Minor, D. 804 ""Rosamunde"" (Remastered): IV. Allegro moderato",Franz Schubert,22,classical,0.439,0.0917,9,-16.031,1,0.046,0.935,0.461,0.0609,0.27,97.089,437533,4
4iEnc0nmSUZ3waY1z703xn,"Fantasie in F Minor, Op. 103, D. 940",Franz Schubert,21,classical,0.501,0.0576,1,-23.505,1,0.0513,0.993,0.5175,0.0733,0.146,110.845,447053,4
0KcQNPAFJ5zYbBxFnpxDJy,"String Quartet No. 9, D. 173 (Remastered): I. Allegro con brio",Franz Schubert,21,classical,0.428,0.204,7,-15.715,0,0.0507,0.868,0.5175,0.121,0.322,109.419,380920,4
3OOgDVFKsp8hp4eR9Om1Ve,"The Seasons, Op. 37a, TH 135: I. January. By the Fireside",Pyotr Ilyich Tchaikovsky,30,classical,0.333,0.144,4,-22.479,1,0.0464,0.994,0.5175,0.0709,0.0993,68.945,243720,3
01Bw3RmkswKhiTSHNIjXMX,"String Quartet No. 9, D. 173 (Remastered): II. Andantino",Franz Schubert,21,classical,0.249,0.0595,10,-25.003,1,0.0441,0.928,0.5175,0.249,0.0976,135.408,444907,4
1kXNXGgZ7X8oW6wuFqnHtP,"Symphony No. 9 in C Major, D. 944 ""The Great"": I. Andante - Allegro ma non troppo",Franz Schubert,22,classical,0.31,0.248,0,-13.079,1,0.0369,0.938,0.5175,0.0817,0.129,124.606,447053,4
5af52kz9CBLaBnJNkSWO8a,"String Quartet No. 15 in G Major, Op. 161 (Remastered): I. Allegro molto moderato",Franz Schubert,20,classical,0.381,0.0895,7,-18.996,1,0.0422,0.913,0.301,0.202,0.0938,107.704,447053,4
4xEsg3Kmsjwe6N5J1R4wcq,"The Seasons, Op. 37a, TH 135: II. February. Carnival",Pyotr Ilyich Tchaikovsky,29,classical,0.336,0.22,2,-18.516,0,0.0371,0.992,0.5175,0.13,0.395,132.721,178373,4
5BaSw4jIFS32kPJesdSapq,"String Quartet No. 15 in G Major, Op. 161 (Remastered): II. Andante un poco moto",Franz Schubert,18,classical,0.229,0.0406,4,-21.472,0,0.0449,0.965,0.5175,0.103,0.0542,95.595,447053,3
551QYeB6QaF4ou1PfHLSI1,"String Quartet No. 15 in G Major, Op. 161 (Remastered): IV. Allegro assai",Franz Schubert,16,classical,0.463,0.164,7,-16.969,1,0.0595,0.881,0.336,0.118,0.534,76.012,447053,4
6OaHtq4LWYK3d9LTfg8Y8s,"Symphony No. 9 in C Major, D. 944 ""The Great"": II. Andante con moto",Franz Schubert,20,classical,0.259,0.0987,9,-14.005,0,0.0348,0.962,0.5175,0.107,0.0964,103.532,447053,4
3lIe2CyKh6CG6EqeXsxXRc,"String Quartet No. 15 in G Major, Op. 161 (Remastered): III. Scherzo (Allegro vivace); Trio (Allegretto)",Franz Schubert,17,classical,0.336,0.0637,7,-20.845,1,0.0412,0.937,0.466,0.171,0.376,159.405,429107,3
1Gv7NFjApuvHWAkENgjC4H,"Symphony No. 9 in C Major, D. 944 ""The Great"": III. Scherzo. Allegro vivace - Trio",Franz Schubert,18,classical,0.384,0.252,7,-13.451,1,0.034,0.943,0.5175,0.276,0.184,117.936,447053,3
5yhdjD5APQyFBmSm5XiuZA,"Symphony No. 9 in C Major, D. 944 ""The Great"": IV. Finale. Allegro vivace",Franz Schubert,18,classical,0.313,0.314,0,-11.869,1,0.0345,0.934,0.5175,0.0724,0.185,117.276,447053,4
4ulgaJOFox2IZA9Sl2Okju,"The Seasons, Op. 37a, TH 135: III. March. Song of the Lark",Pyotr Ilyich Tchaikovsky,28,classical,0.367,0.0604,7,-24.943,0,0.048,0.994,0.5175,0.0969,0.0655,134.777,133387,3
4X8X5pBv1nCsJV53XdUjdj,"The Seasons, Op. 37a, TH 135: VI. June. Barcarolle",Pyotr Ilyich Tchaikovsky,28,classical,0.368,0.177,7,-22.251,0,0.0469,0.994,0.5175,0.143,0.169,126.56,246120,4
1ihCvnyIFMPVc0rynJ0wj7,"The Seasons, Op. 37a, TH 135: IV. April. Snowdrop",Pyotr Ilyich Tchaikovsky,28,classical,0.277,0.151,10,-23.162,1,0.0342,0.994,0.5175,0.122,0.0781,130.19,139107,3
2nnkebANytFlxQOdpbM9vy,"弦楽四重奏曲 第 14番 ニ短調 死と乙女, D.810: 3. Allegro molto",Franz Schubert,11,classical,0.453,0.0426,9,-21.888,1,0.0489,0.984,0.364,0.232,0.378,126.565,249400,4
14BkHSfBkwmX9cvbdkL3u9,"The Seasons, Op. 37a, TH 135: V. May. May Nights",Pyotr Ilyich Tchaikovsky,28,classical,0.273,0.0845,2,-22.914,1,0.0502,0.992,0.5175,0.129,0.132,70.318,239747,4
7AkBz1duOVSxJunpu36jJf,"The Seasons, Op. 37a, TH 135: VII. July. Song of the Reaper",Pyotr Ilyich Tchaikovsky,27,classical,0.366,0.157,10,-18.994,1,0.0373,0.993,0.5175,0.112,0.39,130.529,109960,4
2gziLSYD55WBoOUqcBmzuy,"弦楽四重奏曲 第 13番 イ短調 ロザムンデ, D.804 作品 29: 2. Andante",Franz Schubert,11,classical,0.235,0.0494,0,-23.768,1,0.0438,0.973,0.367,0.0719,0.0613,84.999,393480,4
6Xmug8L9pvBkWtRXKeESdj,"弦楽四重奏曲 第 13番 イ短調 ロザムンデ, D.804 作品 29: 3. Menuetto. Allegretto",Franz Schubert,10,classical,0.285,0.0375,9,-23.971,1,0.0511,0.98,0.335,0.119,0.113,97.237,411133,4
391o0a4EmOYcAKX44sfYfe,"弦楽四重奏曲 第 13番 イ短調 ロザムンデ, D.804 作品 29: 4. Allegro moderato",Franz Schubert,9,classical,0.415,0.0434,9,-22.068,1,0.0406,0.971,0.00337,0.0899,0.208,92.767,447053,4
2O0toyQzlQxXXI4iNPvlY5,"The Seasons, Op. 37a, TH 135: X. October. Autumn Song",Pyotr Ilyich Tchaikovsky,27,classical,0.331,0.069,2,-24.122,0,0.0626,0.993,0.5175,0.0837,0.0793,65.005,237507,4
5bRVNy98PwtONQRV1DtBeu,"The Seasons, Op. 37a, TH 135: VIII. August. The Harvest",Pyotr Ilyich Tchaikovsky,27,classical,0.373,0.233,11,-19.254,0,0.041,0.992,0.5175,0.0871,0.341,98.844,205053,4
5c3N7S9NqUjI8cpRVEF0Or,"Piano Sonata No. 21 in B-Flat Major, D. 960: I. Molto moderato",Franz Schubert,0,classical,0.351,0.0123,10,-27.515,1,0.0469,0.992,0.5175,0.066,0.0384,98.815,447053,4
1FK9I1FBIrG9C1yZw6i6fU,"Winterreise, Op. 89, D. 911: No. 1, Gute Nacht",Franz Schubert,0,classical,0.412,0.0787,0,-19.633,0,0.0387,0.988,0.000055,0.118,0.157,102.058,335173,4
5ezpg9xmV4o33GTqu0FmaT,"Piano Sonata No. 21 in B-Flat Major, D. 960: II. Andante sostenuto",Franz Schubert,0,classical,0.343,0.00148,1,-30.854,0,0.0455,0.993,0.5175,0.0742,0.053,72.491,447053,3
6ufi9JYsnEbvHbsB2wjQHA,"Piano Sonata No. 21 in B-Flat Major, D. 960: III. Scherzo. Allegro vivace con delicatezza",Franz Schubert,0,classical,0.408,0.0402,5,-28.209,0,0.0398,0.992,0.5175,0.116,0.329,106.238,275747,4
5DfWGP9q4l7b0FtZjZFNNi,"Winterreise, Op. 89, D. 911: No. 2, Die Wetterfahne",Franz Schubert,0,classical,0.577,0.208,3,-14.003,1,0.0527,0.978,0.00543,0.141,0.314,75.116,99107,4
31Jak2YM16LDqcJHcaP7TT,"Piano Sonata No. 21 in B-Flat Major, D. 960: IV. Allegro ma non troppo",Franz Schubert,0,classical,0.434,0.0381,10,-22.349,1,0.047,0.993,0.5175,0.0702,0.154,118.862,447053,4
2fLMajQSLvGFPc0qptXsq9,"Winterreise, Op. 89, D. 911: No. 3, Gefror'ne Tränen",Franz Schubert,0,classical,0.449,0.0625,6,-17.442,1,0.0375,0.993,0.0038,0.113,0.116,96.548,144227,4
0MD88xbbcW4mFvKXX0qfV5,"Winterreise, Op. 89, D. 911: No. 4, Erstarrung",Franz Schubert,0,classical,0.404,0.286,6,-13.416,1,0.0417,0.957,0.0271,0.116,0.262,94.298,151280,4
5Gt85I3Z5g1KACnSB28ph4,"3 Klavierstücke, D. 946: No. 1 in E-Flat Minor",Franz Schubert,0,classical,0.305,0.0246,3,-20.771,0,0.0485,0.994,0.5175,0.129,0.0766,70.57,384160,4
3Vu96VZApcgt2W1XfbCJ2t,"3 Klavierstücke, D. 946: No. 2 in E-Flat Major",Franz Schubert,0,classical,0.237,0.0135,3,-29.096,1,0.0487,0.995,0.5175,0.0904,0.0551,63.913,447053,4
51sFLCZOwvlWdUgbNUVHf6,"Winterreise, Op. 89, D. 911: No. 5, Der Lindenbaum",Franz Schubert,0,classical,0.236,0.0686,2,-21.856,1,0.0558,0.982,0.0438,0.1,0.082,79.705,301667,5
1S3Ui9HNGcPoXGq72spRn5,"3 Klavierstücke, D. 946: No. 3 in C Major",Franz Schubert,0,classical,0.403,0.0928,3,-18.861,0,0.0462,0.993,0.5175,0.118,0.0756,136.529,338013,4
1JR9Q0JgJwEkjolKJa6bWs,"Winterreise, Op. 89, D. 911: No. 6, Wasserflut",Franz Schubert,0,classical,0.247,0.0592,2,-18.397,0,0.0602,0.975,0.00147,0.12,0.0555,75.285,274280,3
2z3a1qXO8INcbkssketyTr,"Winterreise, Op. 89, D. 911: No. 7, Auf dem Flusse",Franz Schubert,0,classical,0.366,0.0591,2,-16.217,1,0.0437,0.979,0.001,0.116,0.105,102.311,220160,4
5xEdROkJf1ICprAKPw2C2K,"Winterreise, Op. 89, D. 911: No. 8, Rückblick",Franz Schubert,0,classical,0.502,0.28,0,-14.992,1,0.0471,0.965,0.202,0.104,0.566,108.808,114893,3
6CkEvZMeQbS8Ye7QmXwnAm,"Winterreise, Op. 89, D. 911: No. 9, Irrlicht",Franz Schubert,0,classical,0.358,0.0729,5,-19.097,1,0.0688,0.985,0.000004,0.131,0.109,81.017,155627,4
0ISyWbpldU8K4XucUut2uI,"Winterreise, Op. 89, D. 911: No. 10, Rast",Franz Schubert,0,classical,0.332,0.0587,10,-20.366,0,0.0429,0.977,0.000421,0.139,0.0715,89.711,205547,4
7cIKCHKStKAxjFA8QFcosi,"Winterreise, Op. 89, D. 911: No. 11, Frühlingstraum",Franz Schubert,0,classical,0.318,0.0686,7,-21.173,1,0.0668,0.983,0.00189,0.141,0.166,173.563,242160,4
0jQOPLhVCGPdcMXVAivEB5,"Winterreise, Op. 89, D. 911: No. 12, Einsamkeit",Franz Schubert,0,classical,0.384,0.128,9,-15.267,0,0.0433,0.975,0.00122,0.103,0.0716,132.781,155520,4
11MX9SErDxb3PMaKbR9iT6,"Winterreise, Op. 89, D. 911: No. 13, Die Post",Franz Schubert,0,classical,0.498,0.15,6,-14.273,1,0.0454,0.977,0.414,0.106,0.167,97.068,120893,4
5lNf4I2unsWvZtDw1zHXxt,"Winterreise, Op. 89, D. 911: No. 14, Der greise Kopf",Franz Schubert,0,classical,0.372,0.0812,10,-18.733,0,0.0565,0.964,0.0121,0.0946,0.0859,102.542,171213,4
40q3P4pKfl5fHoIKgvIjqQ,"Winterreise, Op. 89, D. 911: No. 15, Die Krähe",Franz Schubert,0,classical,0.335,0.0981,6,-18.158,1,0.0427,0.99,0.00209,0.176,0.139,83.658,112560,4
3vbzkSekVtrNt65KNvvIgE,"Winterreise, Op. 89, D. 911: No. 16, Letzte Hoffnung",Franz Schubert,0,classical,0.444,0.105,1,-18.375,1,0.0425,0.986,0.00643,0.147,0.183,82.769,127347,4
5VAXv7x2zY4LyjuVlJkRgq,"Winterreise, Op. 89, D. 911: No. 17, Im Dorfe",Franz Schubert,0,classical,0.3,0.136,0,-19.138,1,0.0435,0.979,0.0156,0.109,0.0852,86.266,189200,5
5s1Yl3sJdGe3ZlqWf1VMOc,"Winterreise, Op. 89, D. 911: No. 19, Täuschung",Franz Schubert,0,classical,0.438,0.155,7,-19.351,1,0.11,0.981,0.0673,0.115,0.209,80.921,75333,4
4pz4qOLbFtNwXLhQhgsAXN,"Winterreise, Op. 89, D. 911: No. 20, Der Wegweiser",Franz Schubert,0,classical,0.373,0.0606,10,-20.427,0,0.0414,0.984,0.0488,0.142,0.0464,82.803,262973,4
1BWUM70CztPYo6IyqF8So0,"Winterreise, Op. 89, D. 911: No. 21, Das Wirtshaus",Franz Schubert,0,classical,0.367,0.0459,3,-20.504,1,0.0415,0.991,0.00362,0.128,0.0695,69.065,250320,4
2GFD3A6j0bOjmrKagAVvty,"Winterreise, Op. 89, D. 911: No. 23, Die Nebensonnen",Franz Schubert,0,classical,0.24,0.0777,7,-18.325,1,0.0529,0.957,0.202,0.104,0.0428,169.475,189667,3
3TzosGeBzeIyRHAfdMioLD,"Winterreise, Op. 89, D. 911: No. 24, Der Leiermann",Franz Schubert,0,classical,0.429,0.014,7,-30.356,0,0.0562,0.983,0.000089,0.0889,0.132,132.208,217053,3
7B2tOU8ZxGSlc7VdymlT6E,"The Seasons, Op. 37a, TH 135: IX. September. The Hunt",Pyotr Ilyich Tchaikovsky,27,classical,0.347,0.254,7,-16.628,1,0.0454,0.992,0.5175,0.0995,0.424,139.356,166293,4
1EGuMRa3ue8dEppOa7dNo9,"The Seasons, Op. 37a, TH 135: XI. November. Troika",Pyotr Ilyich Tchaikovsky,26,classical,0.426,0.142,4,-20.51,1,0.044,0.991,0.5175,0.152,0.38,118.247,186027,4
5xOrU1co5JNNHIulmZ8qKx,"The Seasons, Op. 37a, TH 135: XII. December. Christmas",Pyotr Ilyich Tchaikovsky,27,classical,0.3,0.147,8,-21.895,1,0.0416,0.989,0.5175,0.114,0.141,123.635,232773,4
7LFkSwslYfYzVVbKzUNATZ,"Album for the Young, Op. 39, TH 141: No. 4, Hobbyhorse",Pyotr Ilyich Tchaikovsky,25,classical,0.388,0.0506,7,-24.571,1,0.0653,0.995,0.5175,0.121,0.436,200.05,78360,4
7jXKhK7oNCbPb32Xjk6ur3,"Album for the Young, Op. 39, TH 141: No. 15, Italian Song",Pyotr Ilyich Tchaikovsky,24,classical,0.392,0.159,2,-21.762,1,0.0433,0.994,0.5175,0.121,0.679,122.686,45267,1
4Gzt7jnLCtOlqjmeKnUt0z,"Album for the Young, Op. 39, TH 141: No. 16, Old French Song",Pyotr Ilyich Tchaikovsky,25,classical,0.488,0.0573,7,-24.87,0,0.078,0.996,0.5175,0.106,0.598,84.521,59853,4
46jWP9M12ntNZHGqa7eYBA,"Album for the Young, Op. 39, TH 141: No. 6, My New Dolly",Pyotr Ilyich Tchaikovsky,27,classical,0.617,0.0338,7,-25.591,0,0.0608,0.995,0.5175,0.127,0.508,108.948,142147,4
7zABvJXyuBHWEo39BONTB6,"Album for the Young, Op. 39, TH 141: No. 8, Dolly's Funeral",Pyotr Ilyich Tchaikovsky,25,classical,0.307,0.184,3,-19.827,1,0.0441,0.989,0.5175,0.114,0.407,121.711,68453,1
0Bci4nd8atz6IlYHGZYOhE,"Album for the Young, Op. 39, TH 141: No. 7, Dolly Is Ill",Pyotr Ilyich Tchaikovsky,25,classical,0.503,0.0405,0,-25.624,0,0.0709,0.995,0.5175,0.116,0.115,72.399,96707,4
0bxRaxeRzfisIqXfDwx1vH,"Album for the Young, Op. 39, TH 141: No. 10, Polka",Pyotr Ilyich Tchaikovsky,25,classical,0.389,0.137,2,-21.688,0,0.0546,0.994,0.5175,0.127,0.669,150.804,68493,3
4lx7zA16YCMmarbSDtjf2N,"Album for the Young, Op. 39, TH 141: No. 9, Waltz",Pyotr Ilyich Tchaikovsky,25,classical,0.227,0.31,10,-22.256,1,0.0662,0.995,0.5175,0.122,0.372,76.026,44237,3
3C58dNlHCjthufLWCTUE1U,"Album for the Young, Op. 39, TH 141: No. 11, Mazurka",Pyotr Ilyich Tchaikovsky,25,classical,0.41,0.131,5,-19.886,1,0.102,0.995,0.5175,0.13,0.639,98.632,44307,3
1NeT1sDL8OmEgXgVcsfBJT,"Album for the Young, Op. 39, TH 141: No. 17, German Song",Pyotr Ilyich Tchaikovsky,25,classical,0.313,0.265,3,-20.026,1,0.0608,0.989,0.5175,0.135,0.158,109.63,61573,1
0QHDaWDBoYukXskSh9JM1K,"Album for the Young, Op. 39, TH 141: No. 18, Neapolitan Song",Pyotr Ilyich Tchaikovsky,25,classical,0.501,0.164,3,-20.41,1,0.0412,0.994,0.5175,0.0861,0.766,91.348,71600,4
4yc8RSLVaFl0Zvu01JLyLb,"Album for the Young, Op. 39, TH 141: No. 21, Sweet Dreams",Pyotr Ilyich Tchaikovsky,24,classical,0.38,0.0312,0,-24.99,1,0.0422,0.996,0.5175,0.101,0.124,84.814,122893,3
3rYn9rryshZ5HjfXoQt0yq,"Album for the Young, Op. 39, TH 141: No. 23, At Church",Pyotr Ilyich Tchaikovsky,24,classical,0.313,0.0904,7,-24.318,1,0.0463,0.993,0.5175,0.131,0.232,75.213,49533,3
5ZPbqdt0JiuUnxHUyEeKLg,La Fille Aux Cheveux De Lin L. 117,Claude Debussy,57,classical,0.372,0.00297,6,-30.854,1,0.057,0.995,0.5175,0.0587,0.226,89.567,207600,3
6aQiWv8bkWXRfmJy98P76q,"Album for the Young, Op. 39, TH 141: No. 22, The Lark",Pyotr Ilyich Tchaikovsky,24,classical,0.509,0.191,7,-22.489,1,0.0621,0.986,0.5175,0.123,0.171,101.166,65640,4
7bE6QPRWtuvNPjq0CK0v4n,"Swan Lake, Op. 20, Act I: No. 1, Scène",Pyotr Ilyich Tchaikovsky,0,classical,0.314,0.299,2,-16.192,1,0.0456,0.944,0.5175,0.0991,0.0648,74.602,344893,4
2IHB6G3adsEV9u030eEIij,"Swan Lake, Op. 20, Act I: No. 2, Valse",Pyotr Ilyich Tchaikovsky,0,classical,0.259,0.103,9,-17.429,1,0.0412,0.962,0.5175,0.147,0.0885,104.02,436533,3
4PGxfNxPJxhwCATiMbExqf,"Swan Lake, Op. 20, Act I: No. 3, Scène",Pyotr Ilyich Tchaikovsky,0,classical,0.258,0.122,2,-19.745,1,0.0468,0.964,0.5175,0.241,0.222,135.379,223800,4
02kCRsRDI5u9RxX5sw3718,"Swan Lake, Op. 20, Act I: No. 4, Pas de trois",Pyotr Ilyich Tchaikovsky,0,classical,0.285,0.0718,10,-19.658,1,0.0416,0.963,0.5175,0.0595,0.116,116.612,447053,4
0pUTeDoppJq5J11PDgIcVA,"Swan Lake, Op. 20, Act I: No. 5, Pas de deux",Pyotr Ilyich Tchaikovsky,0,classical,0.216,0.134,2,-20.053,1,0.055,0.917,0.5175,0.192,0.124,80.861,447053,4
03krvdekRNd4wtouPmB1Rc,"Swan Lake, Op. 20, Act I: No. 6, Pas d'action",Pyotr Ilyich Tchaikovsky,0,classical,0.218,0.0717,4,-20.629,1,0.0395,0.974,0.5175,0.122,0.188,64.937,118760,4
5NaEwLhvQ6IhkJOsf9X4Vu,"Swan Lake, Op. 20, Act I: No. 7, Sujet",Pyotr Ilyich Tchaikovsky,0,classical,0.303,0.0103,4,-30.854,1,0.0305,0.927,0.5175,0.123,0.102,91.247,44373,4
2B27sjvvXgqZCKTRo24gxo,"Swan Lake, Op. 20, Act I: No. 8, Danse des coupes",Pyotr Ilyich Tchaikovsky,0,classical,0.53,0.393,4,-15.484,1,0.0409,0.809,0.5175,0.135,0.498,122.459,304733,3
4BseXES0lzmRX1n1IZEFSi,"Swan Lake, Op. 20, Act I: No. 9, Finale",Pyotr Ilyich Tchaikovsky,0,classical,0.267,0.187,4,-19.204,1,0.0388,0.891,0.5175,0.0832,0.172,116.135,159427,3
3J6Ct9veTAHDyLhlC64DIH,"Swan Lake, Op. 20, Act II: No. 10, Scène",Pyotr Ilyich Tchaikovsky,0,classical,0.245,0.159,4,-18.838,0,0.0355,0.914,0.5175,0.127,0.096,66.388,166933,4
10wSMr5pg8duDHwb2qStG7,"Swan Lake, Op. 20, Act II: No. 11, Scène",Pyotr Ilyich Tchaikovsky,0,classical,0.147,0.122,7,-18.749,1,0.0405,0.968,0.5175,0.363,0.0955,74.083,299040,4
54EYjgkIKCkZhzrSqtYg35,"Swan Lake, Op. 20, Act II: No. 12, Scène",Pyotr Ilyich Tchaikovsky,0,classical,0.296,0.146,11,-18.941,0,0.0385,0.957,0.5175,0.108,0.142,123.801,199493,4
3e4p7K9mLzwoLJz6pd0t8d,"Swan Lake, Op. 20, Act II: No. 13, Danses des cygnes",Pyotr Ilyich Tchaikovsky,0,classical,0.265,0.0666,1,-22.209,0,0.0423,0.942,0.5175,0.0769,0.0725,144.025,447053,3
6dks2JkAusSv7j6IkKtXAr,"Swan Lake, Op. 20, Act II: No. 14, Scène",Pyotr Ilyich Tchaikovsky,0,classical,0.0851,0.162,4,-19.117,0,0.0404,0.94,0.5175,0.137,0.068,79.331,180627,3
3vHnYXsX6n3LYFd3bn6N8e,"Swan Lake, Op. 20, Act III: No. 16, Danses du corps de ballet et des nains",Pyotr Ilyich Tchaikovsky,0,classical,0.399,0.218,0,-18.348,1,0.0488,0.94,0.5175,0.1,0.235,126.727,162533,4
22EaMjLT7UQPT666CjS309,"Swan Lake, Op. 20, Act III: No. 17, La sortie des invités et la valse",Pyotr Ilyich Tchaikovsky,0,classical,0.258,0.056,8,-21.168,1,0.0352,0.971,0.5175,0.295,0.107,96.286,447053,3
41yALLeN7ja39MLWD87yze,"Swan Lake, Op. 20, Act III: No. 18, Scène",Pyotr Ilyich Tchaikovsky,0,classical,0.325,0.193,5,-17.51,0,0.0333,0.962,0.5175,0.381,0.411,78.884,97867,4
6o6je5rzuJR4UT1TrCkZtN,"Swan Lake, Op. 20, Act III: No. 19, Pas de six",Pyotr Ilyich Tchaikovsky,0,classical,0.3,0.0851,7,-18.013,0,0.0384,0.944,0.5175,0.0945,0.15,100.677,447053,4
0UNTh4BEOu9FTt7q4HHLx1,"Swan Lake, Op. 20, Act III: Appendix I, Pas de deux",Pyotr Ilyich Tchaikovsky,0,classical,0.278,0.126,2,-19.407,1,0.0436,0.949,0.5175,0.077,0.066,152.676,447053,4
2EPWMnuip1KuX1cPuLi5tZ,"Swan Lake, Op. 20, Act III: No. 20, Danse hongrois (Csárdás)",Pyotr Ilyich Tchaikovsky,0,classical,0.216,0.114,9,-19.221,0,0.0464,0.969,0.5175,0.101,0.0917,80.625,174600,4
0QPGkKwP2fnk2MC98CCFM8,"Swan Lake, Op. 20, Act III: Appendix II, Danse russe",Pyotr Ilyich Tchaikovsky,0,classical,0.318,0.0548,9,-20.91,0,0.059,0.927,0.487,0.381,0.235,72.552,263133,4
3E9kRGEzDWmzWDbecUzGbr,"Swan Lake, Op. 20, Act III: No. 21, Danse espagnole",Pyotr Ilyich Tchaikovsky,0,classical,0.337,0.168,6,-19.884,0,0.0348,0.885,0.263,0.115,0.516,126.212,150027,3
0UBVWVFclKysvjb8nZHVTx,"Swan Lake, Op. 20, Act III: No. 22, Danse napolitaine",Pyotr Ilyich Tchaikovsky,0,classical,0.367,0.148,2,-18.885,1,0.0632,0.933,0.5175,0.116,0.574,147.342,139773,4
2dfMpWtXnFUmEpEtaH4EVp,"Swan Lake, Op. 20, Act III: No. 23, Mazurka",Pyotr Ilyich Tchaikovsky,0,classical,0.283,0.314,7,-17.135,1,0.0421,0.831,0.253,0.0667,0.46,183.696,250160,3
5YmD14f54m0WyijdIxo6Ze,"Swan Lake, Op. 20, Act III: No. 24, Scene",Pyotr Ilyich Tchaikovsky,0,classical,0.226,0.218,0,-15.078,1,0.0396,0.952,0.5175,0.279,0.242,67.181,220467,4
1olKRxl459zJ0mwZ6NG3ji,"Swan Lake, Op. 20, Act IV: No. 25, Entr'acte",Pyotr Ilyich Tchaikovsky,0,classical,0.273,0.00575,1,-30.854,1,0.0375,0.965,0.5175,0.0935,0.04,82.856,111667,4
6XTl3P6rFHwsSxfXH8EAxi,"Swan Lake, Op. 20, Act IV: No. 26, Scene",Pyotr Ilyich Tchaikovsky,0,classical,0.447,0.033,11,-25.285,1,0.0384,0.975,0.5175,0.123,0.0419,110.66,143000,4
6DMSBoxt6XLdG3Ht71L9pB,"Swan Lake, Op. 20, Act IV: No. 27, Danses des petits cygnes",Pyotr Ilyich Tchaikovsky,0,classical,0.21,0.0154,10,-29.716,0,0.0397,0.986,0.5175,0.139,0.106,102.965,264173,4
3Sck2h6JQ9iX5sw9WMaf6R,"Swan Lake, Op. 20, Act IV: No. 28, Scene",Pyotr Ilyich Tchaikovsky,0,classical,0.164,0.227,8,-17.422,0,0.0481,0.946,0.5175,0.369,0.183,72.997,184867,4
6QvtaFY5tn1tXfP2BLSuNk,"Swan Lake, Op. 20, Act IV: No. 29, Scene finale",Pyotr Ilyich Tchaikovsky,0,classical,0.191,0.347,11,-16.071,1,0.0431,0.877,0.5175,0.337,0.0727,134.888,400427,4
0VQMAup2VdeQWLCvM14Uz2,"The Four Seasons, Violin Concerto No. 2 in G Minor, RV 315 ""L'estate"": III. Tempo impetuoso d'estate",Antonio Vivaldi,53,classical,0.364,0.571,6,-15.596,1,0.0453,0.874,0.5175,0.121,0.38,84.899,150667,1
08h8ICqh9extUqzotddLRQ,"Saint-Saëns / Transc. Vidal: Le Cygne (From Le Carnaval des animaux, R. 125) [Transc. Vidal]",Camille Saint-Saëns,56,classical,0.193,0.0329,7,-28.228,1,0.046,0.972,0.5175,0.0978,0.0366,82.165,208040,3
2e8MxBgVWMSQmxb2zcuCoq,"Die Walkure, Act III: Ride of the Valkyries",Richard Wagner,55,classical,0.251,0.219,7,-16.781,1,0.0323,0.929,0.5175,0.0824,0.0965,89.997,325000,3
2pmIi2tzVNQg9euVmTgGws,"Was mir behagt, ist nur die muntre Jagd, BWV 208: IX. Schafe können sicher weiden (Arr. for Piano)",Johann Sebastian Bach,41,classical,0.397,0.0101,10,-30.854,1,0.0432,0.994,0.5175,0.0702,0.167,98.814,290520,4
1upQiytDIEZfl9ItruoXuC,"Handel: Keyboard Suite in D Minor, HWV 437: III. Sarabande (Arr. for Orchestra)",George Frideric Handel,53,classical,0.204,0.0331,2,-24.044,0,0.0487,0.927,0.5175,0.0954,0.0547,116.2,207267,3
2dnezM4C6QtmiCvrPhTtp2,"Nocturne in B Major, Op. 9, No. 3",Frédéric Chopin,51,classical,0.315,0.0447,6,-26.296,1,0.0428,0.993,0.5175,0.0936,0.0788,133.876,411533,4
3jQa7pofP3CHRTt4Xnoyt6,"La Traviata / Act 1: ""Libiamo ne'lieti calici""",Giuseppe Verdi,51,classical,0.424,0.214,10,-17.688,1,0.0763,0.962,0.000029,0.381,0.282,113.211,175507,4
49UFcP1xlcuxwkrCgDhxos,3 Gymnopédies: No.1,Erik Satie,52,classical,0.425,0.00472,7,-30.854,1,0.0479,0.996,0.5175,0.0985,0.484,81.93,190560,3
7nHvS6UUhz2gJhj8TIROLX,"Adagio for Strings, Op. 11",Samuel Barber,57,classical,0.0876,0.0865,10,-20.431,0,0.0457,0.912,0.5175,0.0906,0.0298,86.437,447053,4
0CJuLeZpCdqrqoCMXWZw8k,"The Nutcracker - Ballet, Op.71, Act II: No. 13 - Waltz of the Flowers",Pyotr Ilyich Tchaikovsky,56,classical,0.249,0.124,2,-20.496,1,0.0425,0.946,0.5175,0.0501,0.0993,111.333,415800,4
6qy0hAuX6FKJWXSJZKx7Lj,"Andante in E-flat Major, Op.9, No.2",Jean-Yves Thibaudet,52,classical,0.445,0.0332,3,-23.939,1,0.049,0.993,0.5175,0.102,0.0524,63.038,227280,4
27NuoejNilotHbMBZgbkoU,"Romeo And Juliet, Op.64 / Act 1: Dance of the Knights",Sergei Prokofiev,51,classical,0.201,0.0628,0,-20.923,1,0.0396,0.808,0.5175,0.381,0.113,78.221,306500,3
6uILUw1lRfF6k3jLzEvSE0,"Piano Concerto In G Major, M. 83: 2. Adagio assai",Maurice Ravel,53,classical,0.0992,0.00845,1,-30.854,0,0.0383,0.972,0.5175,0.0806,0.0374,84.78,447053,4
5erj8jK6bq8MWFnDVv2HtI,String Quartet in F Major: II. Assez vif - Très rythmé,Maurice Ravel,54,classical,0.286,0.0439,5,-24.745,1,0.042,0.925,0.5175,0.147,0.0932,152.867,389213,3
4WjvJ6Ok5CLXokNX4YHbSS,"Waltz No. 7 in C-Sharp Minor, Op. 64, No. 2",Frédéric Chopin,52,classical,0.305,0.0272,1,-30.854,0,0.042,0.994,0.5175,0.115,0.151,79.243,218093,3
2XCE5GUZvDvoHc5Llo0iek,Tannhäuser: Overture,Richard Wagner,51,classical,0.0821,0.128,4,-16.584,1,0.0346,0.872,0.5175,0.107,0.0427,78.015,447053,4
12wHScGeETTpp7Rjek9MCJ,Canon & Gigue,Johann Pachelbel,56,classical,0.332,0.218,1,-15.772,1,0.0392,0.527,0.238,0.223,0.538,124.63,316267,4
7dMKKLuDqwGxPN29dmale9,"Piano Concerto No. 1 in B-Flat Minor, Op. 23: Allegro non troppo e molto maestoso",Pyotr Ilyich Tchaikovsky,55,classical,0.265,0.169,10,-16.814,0,0.036,0.976,0.5175,0.0903,0.0399,81.013,447053,4
6OwavBgVS1N4lAXZ2zKUfc,Scherzos: No. 2 in B flat minor Op. 31 - Presto,Frédéric Chopin,56,classical,0.382,0.0847,1,-21.505,1,0.0421,0.988,0.5175,0.103,0.0638,131.392,447053,4
2mPd1593fOWtbSGqA0VVcS,"Violin Concerto In E Minor, Op.64, MWV O14: 1. Allegro molto appassionato",Felix Mendelssohn,51,classical,0.278,0.151,4,-19.607,0,0.042,0.917,0.122,0.273,0.167,99.212,447053,4
3RZMjQIfUlfTpcuZqdVPtn,"Valse ""La plus que lente""",Claude Debussy,56,classical,0.135,0.065,7,-22.832,1,0.0507,0.986,0.5175,0.103,0.0574,75.444,274427,4
6ATIfePEUyYc8e8wLlJ3cz,"Nocturne in F Major, Op. 15, No. 1",Frédéric Chopin,50,classical,0.191,0.0271,5,-25.818,1,0.0397,0.993,0.5175,0.0525,0.0733,65.186,260427,3
7fcDQg8prLdJwim6Ey7neB,"Piano Concerto No. 2 in C Minor, Op. 18: I. Moderato",Sergei Rachmaninoff,53,classical,0.124,0.106,0,-22.245,0,0.0394,0.972,0.5175,0.0802,0.0456,78.658,447053,4
7B6ZK1XnaLeCKwlS1TUAMA,Jazz Suite No.2: 6. Waltz II,Dmitri Shostakovich,51,classical,0.179,0.179,0,-17.838,0,0.0319,0.975,0.5175,0.0758,0.432,185.851,225760,3
1YR19v5F9iZidRL9pJMtzJ,"Swan Lake, Op. 20, Act II No. 10: Act II By a Lake: No. 10. Scene: Moderato",Pyotr Ilyich Tchaikovsky,53,classical,0.218,0.114,4,-20.316,0,0.0365,0.837,0.5175,0.114,0.121,87.554,160267,4
53KU8BrYZuxZOb3jqDm4ix,"Serenade In G Major: Eine Kleine Nachtmusik, K. 525: I. Allegro",Wolfgang Amadeus Mozart,56,classical,0.39,0.0432,6,-24.344,1,0.0506,0.723,0.000303,0.108,0.326,147.436,447053,4
7MjEk3ha3TdVVfeYryOIAq,Pavane pour une infante défunte,Maurice Ravel,55,classical,0.275,0.0036,4,-30.854,0,0.0592,0.994,0.5175,0.0646,0.154,62.969,342680,4
1g4eJ28gfl9zEjsDKkkrij,"The Four Seasons - Violin Concerto in G Minor, RV 315, ""L'estate"" (Summer): I. Allegro non molto",Antonio Vivaldi,54,classical,0.312,0.126,7,-19.108,0,0.0452,0.756,0.0166,0.095,0.068,141.565,325787,5
2FRnxuLDZ4vSdvER2Xzrv2,Chopin : Nocturne No.2 in E flat major Op.9 No.2,Frédéric Chopin,56,classical,0.402,0.0208,3,-27.294,1,0.0449,0.99,0.5175,0.097,0.0862,94.457,309640,3
05utSpK1EFNOnj98Aqy5Si,Estampes: I. Pagodes. Modérément animé,Claude Debussy,55,classical,0.229,0.0174,11,-29.373,1,0.0356,0.99,0.5175,0.0799,0.0889,68.331,368533,3
664fcA80WZzNL7uJWcCkLe,"Nocturne in C-Sharp Minor, B. 49",Frédéric Chopin,54,classical,0.315,0.0146,1,-30.854,0,0.0447,0.991,0.5175,0.0776,0.112,130.274,244067,3
5NGtFXVpXSvwunEIGeviY3,Gymnopédie No. 1,Erik Satie,59,classical,0.469,0.0128,7,-30.854,1,0.119,0.994,0.5175,0.0941,0.354,72.765,205867,3
5HeUslmQihhRWrB65zUIr9,"Schwanengesang, D. 957: 4. Ständchen In D Minor (Arr. For Violin And Piano)",Franz Schubert,51,classical,0.235,0.0561,2,-23.311,1,0.0442,0.95,0.29,0.119,0.0518,107.619,271560,4
0aFCf29QYiBxfUAvnUKpVs,"Vier Impromptus, op.90 D.899: Vier Impromptus, op.90 D.899: III. Andante mosso, G flat major",Franz Schubert,55,classical,0.187,0.00914,6,-30.854,1,0.0362,0.993,0.5175,0.109,0.0383,67.144,350107,4
0dzl6bBvsIAfHLlTbBObTW,"An der schönen blauen Donau, Op.314",Johann Strauss II,51,classical,0.233,0.0252,2,-24.824,1,0.0346,0.975,0.5175,0.143,0.0936,94.736,447053,4
54cHPuXqHXA1Dik5xXouml,"Requiem in D Minor, K. 626 (Süssmayr - Dutron 2016 completion): I. Introitus - Requiem æternam",Wolfgang Amadeus Mozart,53,classical,0.169,0.137,2,-20.632,0,0.032,0.954,0.5175,0.155,0.0558,90.246,267200,4
3PhgLgizo2xXv288dD41RH,"Nocturne in F-Sharp Major, Op. 15, No. 2",Frédéric Chopin,49,classical,0.281,0.0293,6,-26.591,1,0.0441,0.993,0.5175,0.1,0.0774,84.758,225440,4
4tXktBBrKGTebkYjvzFA3i,"Brandenburg Concerto No. 3 in G Major, BWV 1048: I. [Allegro]",Johann Sebastian Bach,56,classical,0.567,0.369,6,-14.772,1,0.041,0.879,0.00478,0.126,0.891,101.105,332320,4
25hkRq63EvIcVsG4RK7Ljz,"Turandot, Atto III: ""Nessun Dorma""",Giacomo Puccini,51,classical,0.196,0.275,2,-14.796,1,0.0405,0.97,0.468,0.0908,0.102,82.348,190293,4
2kAgCRZPG3YQR2VMqRvLmb,The Lark Ascending,Ralph Vaughan Williams,56,classical,0.0811,0.0122,4,-30.854,0,0.0511,0.902,0.308,0.0648,0.0384,74.554,447053,4
5FqJNBp7c52R45ngSPriK0,"Nocturne in G Minor, Op. 15, No. 3",Frédéric Chopin,49,classical,0.537,0.021,2,-24.47,0,0.0574,0.993,0.5175,0.166,0.116,114.814,263000,4
5stPdVFNnyEahYLpWs2akd,Flower duet from Lakme - Remasterisé en 1987,Léo Delibes,54,classical,0.224,0.121,11,-19.321,1,0.0447,0.97,0.5175,0.264,0.0481,89.567,210720,1
39TNsojSjrTcpA8fPAnSIE,Carmina Burana: I. Fortuna Imperatrix Mundi: O Fortuna,Carl Orff,50,classical,0.264,0.264,2,-15.813,0,0.0307,0.952,0.271,0.13,0.431,155.622,145600,3
1IM8x4lxZVOOP9gpQD6c5s,"Danse macabre in G Minor, Op. 40",Camille Saint-Saëns,53,classical,0.442,0.181,7,-20.419,0,0.0443,0.906,0.5175,0.0598,0.172,115.884,432133,4
6JV3m7TDJ9gsJNHp0e4MWM,"Vivaldi: Violin Concerto in E Major, RV 269 ""La primavera"" (No. 1 from ""Il cimento dell'armonia e dell'inventione"", Op. 8): I. Allegro",Antonio Vivaldi,55,classical,0.575,0.174,4,-14.423,1,0.0424,0.883,0.5175,0.108,0.381,113.134,187720,4
5ib9giBSAv5Mcgr25qZtra,"Peer Gynt Suite No. 1, Op. 46: I. Morning Mood",Edvard Grieg,53,classical,0.136,0.0362,4,-24.515,1,0.0402,0.969,0.5175,0.125,0.0364,64.904,232880,3
75sKdwz69Hx5iDmBN3PEsL,"Chopin: Nocturne No. 1 in B-Flat Minor, Op. 9 No. 1",Frédéric Chopin,49,classical,0.308,0.0202,1,-27.843,1,0.0381,0.992,0.5175,0.106,0.0368,70.506,279800,3
4a8dR8XKOBOMxUSr8UT58W,"Concerto en ré mineur, BWV 974: II. Adagio",Johann Sebastian Bach,52,classical,0.354,0.0322,2,-27.492,0,0.0435,0.992,0.5175,0.104,0.0638,67.872,253413,4
3wyRI3xz6s5pJW7AOx1MqM,"String Quartet in F Major, M. 35: II. Assez vif, tres rhythme",Maurice Ravel,55,classical,0.291,0.0475,0,-24.061,1,0.0409,0.966,0.5175,0.114,0.122,160.035,366813,3
1PCMHr32vdaBbniN2DrMTw,"Schubert: Ave Maria, D. 839",Franz Schubert,47,classical,0.174,0.0599,10,-26.998,1,0.0406,0.96,0.0946,0.0926,0.0396,133.709,341427,3
3SOZcwfezNCWKs2vukSELD,"Also sprach Zarathustra, Op.30, TrV 176: Prelude (Sonnenaufgang)",Richard Strauss,47,classical,0.115,0.301,0,-13.321,1,0.0449,0.637,0.5175,0.154,0.0409,77.276,109667,4
7yYahzQswcPRJocRYtLxLo,"Concerto in F Major, HWV 334: II. Allegro",George Frideric Handel,42,classical,0.33,0.24,4,-14.847,1,0.0341,0.926,0.5175,0.176,0.418,130.27,166707,3
35Vr2kHdYygoyV4iopYtyI,"Water Music Suite No. 3 in G Major, HWV 350: XXI. Affetuoso",George Frideric Handel,0,classical,0.625,0.0643,6,-24.109,0,0.0483,0.874,0.0224,0.253,0.842,121.047,44237,4
0zqalXN0773baz0Of9iXbn,"Water Music Suite No. 2 in D Major, HWV 349: XV. Bourée",George Frideric Handel,0,classical,0.63,0.34,1,-14.498,1,0.0349,0.878,0.5175,0.104,0.883,109.809,86800,4
0disdU0kFQaVHHDLbywlWa,"Water Music Suite No. 3 in G Major, HWV 350: XVIII. Rigaudon",George Frideric Handel,0,classical,0.585,0.169,6,-24.178,1,0.0407,0.772,0.178,0.11,0.736,127.529,77867,4
4JuvR6eIIstvY2OCd8hDr8,"Sonata No. 1 in F Minor, Op. 120: III. Allegretto grazioso",Johannes Brahms,43,classical,0.246,0.0804,8,-21.226,1,0.0525,0.988,0.5175,0.15,0.246,154.588,250032,3
2hSGkmyQeu41jw9ROqDQB4,"Nocturne in C-Sharp Minor, Op. 27, No. 1",Frédéric Chopin,48,classical,0.367,0.0273,9,-22.794,1,0.0361,0.99,0.5175,0.206,0.0474,110.032,278493,4
0BrFvLsC8ydsHIz6jghMPo,"Il Trovatore / Act 3: ""Di quella pira""",Giuseppe Verdi,35,classical,0.36,0.366,0,-11.636,1,0.0683,0.975,0.00229,0.375,0.386,80.491,203613,4
2OMCOq8H6caZacNtcfYpxu,"String Quartet No. 12 in F Major, Op. 96 'The American': II. Lento",Antonín Dvořák,54,classical,0.102,0.0406,2,-23.355,0,0.046,0.903,0.508,0.0998,0.0714,86.82,427587,3
0NsT5ZvFOZj8KfwcBc54vF,"The Nutcracker, Op. 71, Act II Tableau III Scene 14c: Pas de deux - Variation II ""Dance of the Sugar-Plum Fairy""",Pyotr Ilyich Tchaikovsky,32,classical,0.109,0.00905,11,-30.854,0,0.0329,0.911,0.5175,0.259,0.0636,89.692,123107,3
0LBqo6KlaHk64AGT4NdAun,"Attila, Act I, Scene 1: Liberamente or piangi ... Oh! Nel fuggente nuvolo",Giuseppe Verdi,36,classical,0.204,0.0413,7,-22.757,0,0.061,0.978,0.000152,0.097,0.0563,75.485,358453,4
2zyrvYvb069q0139XdJqZd,Rhapsody on a Theme of Paganini: V. Variation XVIII,Sergei Rachmaninoff,56,classical,0.146,0.133,1,-18.292,1,0.039,0.977,0.5175,0.0971,0.0581,174.494,163413,4
5JVnUqrqMucmT7mSmfopfC,"Les quatre saisons, L'été: Presto",Antonio Vivaldi,33,classical,0.333,0.492,0,-12.894,0,0.0356,0.903,0.5175,0.2,0.483,156.223,162600,3
5zhuWncJsBKrQ1HhmAKNAg,In the Hall of the Mountain King from Peer Gynt Suite No. 1,Edvard Grieg,56,classical,0.442,0.219,7,-17.568,1,0.057,0.926,0.5175,0.144,0.587,118.777,144733,4
2KpsuZQ9np6tQh9fgFWLno,"La forza del destino, Act IV, Scene 6: Pace! Pace, mio Dio!",Giuseppe Verdi,32,classical,0.329,0.0916,3,-17.952,1,0.0504,0.977,0.000007,0.153,0.0426,83.559,352733,1
6buEKARnrUAUtYu864wpQl,"Orchestral Suite No.3 in D Major, BWV 1068: Jean-Sébastien BACH : Suite n° 3 pour orchestre BWV 1068 Aria",Johann Sebastian Bach,32,classical,0.0938,0.158,2,-22.778,1,0.0372,0.755,0.5175,0.151,0.0539,87.214,343133,1
1CmQNMIlAuv4ViwfckOAJz,"Symphony No.9 In E Minor, Op.95, B.178 ""From The New World"": Antonin DVORAK : Symphonie n° 9 « Du nouveau monde », op.95. Allegro con fuoco (extrait) - Excerpt",Antonín Dvořák,32,classical,0.392,0.231,4,-15.431,0,0.0319,0.921,0.5175,0.111,0.563,139.302,125733,4
0A1hikCZltXS35BWBhrjuR,"Turandot / Act 3: ""Nessun dorma!""",Giacomo Puccini,51,classical,0.245,0.315,2,-11.555,1,0.0364,0.955,0.00156,0.095,0.126,85.807,180480,4
0xQi7EhVaNifeC87BFU9cf,"Fauré : Élégie in C minor, Op.24",Gabriel Fauré,53,classical,0.116,0.0367,8,-24.148,1,0.0426,0.971,0.5175,0.0798,0.0397,88.255,447053,4
1vVePSojmx1R3P6F3WH1bo,"Sérénade, Op. 15, R. 114 (Version for Orchestra)",Camille Saint-Saëns,44,classical,0.171,0.0149,3,-30.854,1,0.0428,0.928,0.5175,0.115,0.0391,126.164,373080,1
5v87Hw46uATsE0F1q7Qrem,"Vivaldi: Le quattro stagioni (The Four Seasons), Concerto No. 1 in E Major, RV 269, 'La primavera': I. Allegro",Antonio Vivaldi,30,classical,0.45,0.129,4,-18.022,1,0.0372,0.782,0.5175,0.119,0.166,104.348,198560,4
2fteBRbyEj2Lo7Lr17xXgu,"Ouverture dans le style français, BWV 831: Ouverture dans le style français, BWV 831: V. Sarabande",Johann Sebastian Bach,57,classical,0.451,0.0287,11,-30.854,0,0.052,0.996,0.5175,0.0779,0.221,89.017,243560,4
41g83Usxjh9TRoxNGGqTTU,"Orfeo ed Euridice, Wq. 30 - Arranged Sgambati / Act 2: Melodie dell'Orfeo",Christoph Willibald Gluck,49,classical,0.279,0.00461,2,-30.854,0,0.0439,0.989,0.5175,0.0638,0.039,69.813,181547,5
0QEFHt8kAUYKspSDzmZcMZ,"Il trovatore, Act I, Scene 2: Tacea la notte placida ... Di tale amor che dirsi",Giuseppe Verdi,26,classical,0.359,0.0984,8,-17.372,1,0.0509,0.972,0.000004,0.08,0.0496,138.37,413133,4
6Fn1nJXDFywPRM4J6KsTr2,"Berceuse In D Flat, Op.57",Frédéric Chopin,49,classical,0.319,0.0712,1,-26.415,1,0.0379,0.988,0.5175,0.141,0.0835,95.365,292547,4
5mIJx80ZGuzZDq3LIYbUdW,Gnossienne No. 3 (Adapted by Tamar Halperin and Guy Sternberg),Erik Satie,51,classical,0.403,0.0591,9,-21.592,0,0.035,0.994,0.5175,0.126,0.0392,97.111,140244,4
7xbSnLP4DxhsQceoi04q5y,"Luisa Miller, Act II, Scene 1: Tu puniscimi, o Signore",Giuseppe Verdi,21,classical,0.29,0.0459,9,-19.705,1,0.0584,0.969,0,0.292,0.0466,86.638,187013,1
6LYtiPsdn0JbGLf5PVzbFh,"Otello, Act IV, Scene 2: Ave Maria, piena di grazia",Giuseppe Verdi,21,classical,0.178,0.0154,8,-27.273,1,0.0455,0.933,0.000008,0.111,0.0366,91.527,324067,4
6WK6PgqSgVfeMZNiYUajdc,"Serse: Aria ""Ombra mai fù"" (Atto I, scena 1)",George Frideric Handel,53,classical,0.193,0.095,4,-23.482,1,0.0468,0.935,0.277,0.109,0.0419,107.44,183333,4
0LjUDeIeSNyJh8lSxGJkwU,"Nabucco, Act II, Scenes 1 & 2: Anch'io dischiuso un giorno ... Salgo già del trono aurato",Giuseppe Verdi,20,classical,0.341,0.115,7,-16.346,1,0.0576,0.975,0.000023,0.136,0.0647,137.548,369320,4
3rtI15HU59yloY5h2jl0BL,"Stiffelio, Act I, Scene 6: Tosto ei disse! ... A te ascenda, o Dio clemente",Giuseppe Verdi,19,classical,0.251,0.0649,3,-20.874,1,0.0643,0.968,0.000023,0.0981,0.0389,81.281,233533,3
1nEKg1xdANxPH7dXsCRCSA,"Nocturne in D-Flat Major, Op. 27, No. 2",Frédéric Chopin,48,classical,0.33,0.0239,1,-27.774,1,0.037,0.991,0.5175,0.0699,0.049,132.152,335667,3
6g5ytflo5H3S3IsAVI6Esu,"Don Carlo, Act IV, Scene 1: Tu che le vanità ... Francia, nobile suol",Giuseppe Verdi,19,classical,0.224,0.109,1,-18.222,1,0.0483,0.971,0.00134,0.0691,0.0382,83.656,447053,4
0aZVErjI3LRSvCDVstYYu6,"Simon Boccanegra, Act I, Scene 1: Come in quest'ora bruna",Giuseppe Verdi,19,classical,0.281,0.0425,3,-22.39,1,0.0504,0.906,0.000002,0.0502,0.0393,114.525,380027,3
6P5pMRV7DpxG9gcdfUyh5T,"Aida / Act 1: ""Se quel guerrier io fossi!..Celeste Aida""",Giuseppe Verdi,22,classical,0.295,0.232,10,-16.905,1,0.0435,0.983,0.00377,0.231,0.104,101.507,281307,4
6DwmcWvNL8EcnBQnAkJZfT,"3 Songs, Op. 5: No. 1, Chant d'automne",Gabriel Fauré,36,classical,0.328,0.0808,10,-25.056,1,0.0458,0.993,0.5175,0.0997,0.0674,81.267,217373,4
7IlVoA6vMbr0ago6cPWvrq,"Il Trovatore / Act 3: ""Ah sì ben mio""",Giuseppe Verdi,22,classical,0.304,0.17,1,-17.573,1,0.044,0.992,0.0014,0.102,0.108,102.138,191440,4
3C4JNyv2NAT72xm0cDKl0v,"The Nutcracker, Op. 71: Act II Tableau 3: Variation 2: Dance of the Sugar-Plum Fairy",Pyotr Ilyich Tchaikovsky,55,classical,0.323,0.0114,4,-30.854,0,0.0343,0.893,0.5175,0.171,0.134,112.378,141373,4
0SeH6D69U59m3APL1lnwAg,"La forza del destino / Act 3: ""La vita è inferno...Oh, tu che in seno agl'angeli""",Giuseppe Verdi,20,classical,0.22,0.0928,5,-20.565,1,0.0429,0.977,0.0127,0.0919,0.0633,94.901,447053,3
1tJMU0fIpNAKXbFzGTdioX,"La forza del destino / Act 4: ""Invano Alvaro""",Giuseppe Verdi,18,classical,0.354,0.191,4,-16.093,1,0.0585,0.986,0.000205,0.0856,0.125,99.981,447053,3
7nxhzJPdBov4aEtVnogPq2,"Don Carlo / Act 2: ""È lui! desso! L'infante!... Dio, che nell'alma infondere""",Giuseppe Verdi,18,classical,0.315,0.2,0,-17.227,1,0.0551,0.985,0.00133,0.1,0.212,88.622,415907,3
7yMSBYlmVEZYZS6V1SLrth,"Nocturnes, Op. 9: No. 2 in E-Flat Major. Andante",Frédéric Chopin,55,classical,0.422,0.0163,3,-26.561,1,0.0399,0.989,0.5175,0.177,0.108,64.079,274040,4
5u9ElNLpYA7X16KGErxoVa,"Otello / Act 1: ""Già nella notte densa""",Giuseppe Verdi,17,classical,0.195,0.149,4,-20.528,1,0.0494,0.986,0.0214,0.124,0.0389,71.294,447053,3
68nWxbZo4fQFSx96QOkd2g,"Otello / Act 2: ""Oh! Mostruosa colpa!... Sì, per ciel marmoreo, giuro!”",Giuseppe Verdi,16,classical,0.382,0.294,9,-14.027,1,0.0515,0.979,0.00212,0.109,0.275,136.183,281307,4
0mepSyK0YvhS6JfX1WL3tj,"Otello / Act 4: ""Niun mi tema""",Giuseppe Verdi,15,classical,0.262,0.0887,4,-19.637,0,0.0433,0.986,0.12,0.376,0.0403,114.523,339800,4
4PrQHOSScICh9cJXFoE9SV,"Otello / Act 3: ""Dio! mi potevi scagliar tutti i mali""",Giuseppe Verdi,16,classical,0.233,0.216,3,-17.117,1,0.045,0.982,0.17,0.129,0.0607,96.618,277307,4
2qspLJIbR4qj4X17dZAB1u,"""Trout"" Quintet in A, Op. 114 (Die Forelle/La Truite): ""Trout"" Quintet in A, Op. 114 (Die Forelle/La Truite): II. Andante",Franz Schubert,54,classical,0.325,0.0716,0,-26.806,1,0.0516,0.95,0.5175,0.12,0.148,121.363,401933,4
0p6eXDSAFhKm9CB192DLeB,"Choral ""Jesu, meine Freude"" de la Cantate ""Herz und Mund Tat und Leben"" en sol majeur, BWV 147",Johann Sebastian Bach,54,classical,0.298,0.0357,7,-30.854,1,0.0403,0.995,0.5175,0.123,0.425,67.197,209600,4
43Umv2j6pP9wYudJVDnQ96,"Concerto in F Major, HWV 334: IV. Adagio",George Frideric Handel,27,classical,0.16,0.0855,1,-24.176,0,0.0407,0.928,0.5175,0.153,0.0368,78.902,145733,1
3qURLCQx6PHG9HYrN4Yr0r,"Ding Dong! Merrily on High - Herz und Mund und Tat und Leben, BWV 147: Jesu, bleibet meine Freude (arr. C.M. Taylor for piano)",Johann Sebastian Bach,57,classical,0.381,0.0156,5,-25.499,1,0.0499,0.994,0.5175,0.12,0.329,124.711,272910,4
2DbqWA7kNhDc9rAFp7iubd,"Concerto in F Major, HWV 334: I. Ouverture",George Frideric Handel,26,classical,0.251,0.22,4,-14.111,1,0.038,0.946,0.5175,0.138,0.229,62.119,101867,4
29lSFmkyOROiwKMLSrf0cv,"Concerto in B-Flat Major, HWV 332: I. Ouverture",George Frideric Handel,24,classical,0.188,0.113,4,-16.97,1,0.0324,0.766,0.27,0.381,0.437,87.585,84813,4
4qAe3CRDEmLDzgUU6sjOMD,"Concerto in F Major, HWV 334: VI. Allegro",George Frideric Handel,24,classical,0.419,0.258,4,-15.283,1,0.0415,0.947,0.5175,0.157,0.576,115.097,258987,4
5wW0YVyBtY8Ymzk7nQWR13,"Concerto in F Major, HWV 334: III. Allegro ma non troppo",George Frideric Handel,25,classical,0.442,0.074,4,-17.051,1,0.0424,0.991,0.5175,0.136,0.52,118.61,188747,4
1XuQ4YCDxtrk4aNk9kNDIs,"Concerto in F Major, HWV 334: V. Andante larghetto",George Frideric Handel,24,classical,0.367,0.112,4,-16.621,1,0.041,0.955,0.5175,0.219,0.389,122.321,203387,3
4GRDiNU8fkizXz4rDX9gS5,"Serenade In G Major: Eine Kleine Nachtmusik, K. 525: I. Allegro",Wolfgang Amadeus Mozart,53,classical,0.39,0.0432,6,-24.344,1,0.0506,0.723,0.000303,0.108,0.326,147.436,447053,4
0uZkUxHaoNSzs9NKQc4o4J,"Symphony No. 8 in F Major, Op. 93: IV. Allegro vivace",Ludwig van Beethoven,55,classical,0.35,0.169,0,-22.365,1,0.0449,0.891,0.445,0.268,0.141,134,447053,4
5Sq4aNomWrCCjoRbnxZvwY,"Concerto in B-Flat Major, HWV 332: II. Allegro ma non troppo",George Frideric Handel,23,classical,0.303,0.238,5,-10.292,1,0.0394,0.93,0.5175,0.0615,0.388,72.013,96280,4
44tbc6Poi1MriOmHgao6ig,"Concerto in B-Flat Major, HWV 332: III. Allegro",George Frideric Handel,23,classical,0.356,0.191,9,-17.793,1,0.0309,0.889,0.5175,0.19,0.414,101.335,151467,4
50nk2ogyGh1bp0q0NuC54a,"Concerto in B-Flat Major, HWV 332: IV. Largo",George Frideric Handel,22,classical,0.194,0.0288,1,-21.167,0,0.0392,0.86,0.346,0.0714,0.0822,134.28,149440,4
4eRvedT9xpFJ1e3ue3sfNI,"Concerto in B-Flat Major, HWV 332: V. A tempo ordinario",George Frideric Handel,22,classical,0.451,0.189,9,-18.21,1,0.0324,0.853,0.277,0.381,0.835,108.001,96507,4
6hdalUpOrIAd2HxONPHORF,"Concerto in B-Flat Major, HWV 332: VI. Alle breve moderato",George Frideric Handel,22,classical,0.176,0.142,9,-20.067,1,0.04,0.921,0.5175,0.119,0.19,103.589,141933,4
3wXdFr3wXlrEfkSjzRidf2,"Concerto in B-Flat Major, HWV 332: VII. Minuet",George Frideric Handel,22,classical,0.442,0.232,9,-16.588,1,0.0316,0.901,0.5175,0.123,0.684,106.939,133213,4
5eFLEdW57v7qiQgE5iMoUm,"Concerto in F Major, HWV 333: I. Pomposo",George Frideric Handel,22,classical,0.201,0.102,4,-14.8,1,0.0334,0.97,0.304,0.148,0.117,77.887,106320,4
6f16p0bfTwBJJBKcNWMXgI,"Concerto in F Major, HWV 333: II. Allegro",George Frideric Handel,22,classical,0.295,0.237,4,-16.356,1,0.0382,0.944,0.5175,0.14,0.409,137.178,117267,3
0pjihW1ohOxrgyrYUN9KzL,"Concerto in F Major, HWV 333: V. Allegro ma non troppo",George Frideric Handel,21,classical,0.42,0.216,4,-18.149,1,0.0328,0.918,0.399,0.309,0.395,101.94,228427,3
4if2amiMoGjjMfdCa24dIx,"Concerto in F Major, HWV 333: III. A tempo giusto",George Frideric Handel,21,classical,0.422,0.116,4,-16.455,1,0.0331,0.977,0.427,0.229,0.382,108.65,172493,4
3vK11VdBB3qQdbh19QPFsz,"Concerto in F Major, HWV 333: IV. Largo",George Frideric Handel,21,classical,0.217,0.076,1,-20.113,0,0.037,0.956,0.5175,0.12,0.061,104.114,133733,1
60pjmVGxPJavLkwXwDKIYv,"Concerto in F Major, HWV 333: VI. A tempo ordinario",George Frideric Handel,21,classical,0.415,0.186,4,-18.41,1,0.0388,0.945,0.5175,0.12,0.324,115.189,206667,4
1nGDsTkP1npeWj4hJ9s9pw,"Nocturnes, Op. 27: No. 2 in D-Flat Major",Frédéric Chopin,54,classical,0.394,0.00948,1,-27.572,1,0.045,0.993,0.5175,0.112,0.0423,132.018,376440,4
1uyf0QMDvD6IDDhqUqtupx,"Water Music Suite No. 1 in F Major, HWV 348: III. Allegro",George Frideric Handel,0,classical,0.53,0.3,4,-16.843,1,0.0373,0.969,0.5175,0.214,0.468,127.873,151333,3
1mGLFVWoQ2fVeTUq3f7MNr,"Water Music Suite No. 3 in G Major, HWV 350: XIX. Menuet",George Frideric Handel,0,classical,0.516,0.0277,6,-25.434,0,0.0361,0.838,0.00694,0.145,0.302,107.552,72733,3
1DAliwRN32fXG1KKbVSBPk,"Water Music Suite No. 3 in G Major, HWV 350: XX. Menuet",George Frideric Handel,0,classical,0.46,0.0269,6,-22.897,0,0.0396,0.866,0.494,0.325,0.421,137.277,111093,3
4zpY8AdawlSSt6GyzXkeTH,"Water Music Suite No. 3 in G Major, HWV 350: XXII. Cantabile",George Frideric Handel,0,classical,0.528,0.109,6,-24.428,0,0.0611,0.912,0.5175,0.107,0.176,119.441,73333,4
47R3BkkW2dKYEo5DEiPImX,"Water Music Suite No. 1 in F Major, HWV 348: I. Overture (Largo-Allegro)",George Frideric Handel,0,classical,0.479,0.244,4,-17.038,1,0.0382,0.921,0.5175,0.134,0.45,122.665,203800,4
5l3Uu77j4lf03puACY5gVi,"Water Music Suite No. 1 in F Major, HWV 348: II. Adagio e staccato",George Frideric Handel,0,classical,0.264,0.0363,1,-24.209,0,0.0411,0.971,0.5175,0.109,0.0704,99.219,128707,4
5zva6B68Jxc0KVnb92pboZ,"Water Music Suite No. 1 in F Major, HWV 348: IV. Andante",George Frideric Handel,0,classical,0.382,0.17,4,-17.81,1,0.0367,0.971,0.5175,0.142,0.169,128.636,289093,3
1NSQiaYSlAW1nOZdJ1Anxw,"Water Music Suite No. 1 in F Major, HWV 348: V. Tempo di minuetto",George Frideric Handel,0,classical,0.386,0.0715,4,-18.875,1,0.0494,0.879,0.0621,0.0947,0.539,182.086,201000,3
6daEzoikBnzbtVtXsvv9UQ,"Water Music Suite No. 1 in F Major, HWV 348: VI. Air",George Frideric Handel,0,classical,0.333,0.0412,4,-24.077,1,0.0381,0.972,0.5175,0.121,0.281,90.931,150707,4
2jS4CMn4kekLhmOTK8lqwM,"Aria mit 30 Veränderungen, BWV 988 ""Goldberg Variations"": Aria - Live",Johann Sebastian Bach,55,classical,0.188,0.0622,7,-28.152,1,0.0472,0.992,0.5175,0.0711,0.313,65.982,218267,3
1Q9JMojxHHF6JbEJAKJLgj,Les Baricades Mistérieuses (6e ordre),François Couperin,53,classical,0.191,0.0946,10,-25.59,1,0.0365,0.99,0.5175,0.101,0.348,110.502,100347,4
64c8QVrjRqLhESYaYWQxBP,"Rusalka, Op. 114, B. 203, Act I: Lieblicher Mond (Song to the Moon)",Antonín Dvořák,52,classical,0.179,0.0703,6,-22.884,1,0.0526,0.989,0.414,0.171,0.0367,63.284,390198,3
5nDCLUaSp8ctWkAX74SgA7,"Water Music Suite No. 1 in F Major, HWV 348: VII. Minuet",George Frideric Handel,0,classical,0.371,0.0636,4,-18.131,1,0.0401,0.967,0.5175,0.201,0.312,73.85,165667,1
5kOAM2ojv5FOqSK6XNunwb,"Water Music Suite No. 1 in F Major, HWV 348: IX. Hornpipe",George Frideric Handel,0,classical,0.603,0.119,4,-22.201,1,0.0371,0.936,0.498,0.381,0.928,114.187,157293,3
7HBxW625ccaHON9wyuzJs5,"Water Music Suite No. 1 in F Major, HWV 348: X. Allegro moderato",George Frideric Handel,0,classical,0.264,0.103,1,-20.892,0,0.0398,0.955,0.5175,0.117,0.301,181.207,188640,4
56ZJLrgTbtAZElKpgF9KHh,"Water Music Suite No. 2 in D Major, HWV 349: XI. Andante-Allegro",George Frideric Handel,0,classical,0.544,0.179,1,-15.825,1,0.0363,0.952,0.517,0.153,0.351,112.327,127560,4
7jrf0p6rJKn0MyWdAUDMii,"Water Music Suite No. 2 in D Major, HWV 349: XII. Alla Hornpipe",George Frideric Handel,0,classical,0.608,0.214,1,-15.724,1,0.0366,0.906,0.5175,0.102,0.41,117.043,242307,3
3KF9x6oYE0o8onRdCGMQtI,"Water Music Suite No. 2 in D Major, HWV 349: XIV. Lentement",George Frideric Handel,0,classical,0.375,0.0807,1,-16.741,1,0.036,0.955,0.5175,0.0665,0.322,101.324,86173,4
1Y8OFiVmrltEfsXtTXhOKF,"Water Music Suite No. 3 in G Major, HWV 350: XVI. Menuet",George Frideric Handel,0,classical,0.247,0.0339,6,-24.245,1,0.0458,0.919,0.000005,0.157,0.159,100.697,164000,3
62NUoXaM1xfwCgetfVeiCs,"Piano Trio in D Minor, Op. 120: I. Allegro, ma non troppo",Gabriel Fauré,18,classical,0.172,0.106,7,-19.025,0,0.0414,0.986,0.5175,0.0643,0.0794,87.969,364360,3
2ILk4GHtNVfiu92ExKte4V,"Symphony in C Major, WD 33: I. Allegro vivo",Georges Bizet,0,classical,0.457,0.26,7,-14.549,1,0.0385,0.95,0.5175,0.0539,0.222,84.593,427547,4
7CQkduKNG5eYhRC2pJeMtI,"Symphony in C Major, WD 33: II. Adagio",Georges Bizet,0,classical,0.237,0.0983,9,-19.28,0,0.0402,0.939,0.5175,0.101,0.0541,125.26,447053,3
3Ku7sTyNOcbETESGpcoH2H,"Symphony in C Major, WD 33: III. Scherzo. Allegro vivace",Georges Bizet,0,classical,0.209,0.323,7,-14.649,1,0.0417,0.925,0.5175,0.141,0.278,63.348,323200,4
2Sa0FGteFs9it44b68pW6M,"Symphony in C Major, WD 33: IV. Finale. Allegro vivace",Georges Bizet,0,classical,0.301,0.356,0,-12.962,1,0.0334,0.886,0.5175,0.242,0.427,148.64,371280,4
4U8fV1yxRnpgqfQ4VZiiNE,Vocalise 13,Gabriel Fauré,14,classical,0.259,0.0788,7,-24.506,1,0.0584,0.991,0.425,0.0777,0.17,76.453,70213,3
2zjLDSWUnvHJ5fVasm9CKC,"3 Songs, Op. 8: No. 3, Ici-bas!",Gabriel Fauré,16,classical,0.272,0.0416,7,-25.754,0,0.0509,0.995,0.00793,0.0904,0.131,159.434,95813,3
1EGFCxKCQ3isMnlPzEW8G1,"Nocturne No.1 in B flat minor, Op.9 No.1",Frédéric Chopin,48,classical,0.342,0.0179,1,-24.846,1,0.0387,0.982,0.5175,0.0831,0.0382,61.757,334053,4
11FsYNe5iya5FIZzzSorqP,"3 Songs, Op. 8: No. 1, Au bord de l'eau",Gabriel Fauré,16,classical,0.346,0.0087,5,-28.612,0,0.0627,0.994,0.000011,0.0698,0.0885,123.141,168413,4
3j5Pp84h3JgN84hp7C4oSC,Tristesse d'Olympio,Gabriel Fauré,14,classical,0.359,0.126,4,-21.104,0,0.0532,0.989,0.0147,0.0965,0.117,75.993,258547,4
4qpdx0Cm6AiOQsGiAJMViv,"Symphony No. 4 in E Minor, Op. 98: I. Allegro non troppo",Johannes Brahms,29,classical,0.181,0.155,4,-15.208,0,0.0387,0.94,0.5175,0.0856,0.1,76.191,447053,4
3ZpKepmzg1oYN105FuN1L4,"2 Songs, Op. 46: No. 2, Clair de lune",Gabriel Fauré,14,classical,0.294,0.0297,10,-23.171,0,0.0625,0.994,0.0257,0.102,0.071,63.521,195307,3
3GIinvDCi2LlQdxPCH1ECa,"Polonaise No. 15 in B-Flat Minor, ""Adieu""",Frédéric Chopin,53,classical,0.351,0.0269,10,-28.267,0,0.0378,0.992,0.5175,0.116,0.0899,68.506,327480,4
40LV5vGdTCuu2zfl4zLZxd,"3 Songs, Op. 18: No. 3, Automne",Gabriel Fauré,14,classical,0.336,0.0751,7,-22.524,1,0.049,0.995,0.5175,0.0835,0.0389,69.464,155973,4
0AGOfSDb6s9hoxuj3FaGpm,"The Carnival of the Animals, R. 125: XIII. The Swan",Camille Saint-Saëns,56,classical,0.197,0.0527,7,-24.809,1,0.0432,0.991,0.5175,0.0731,0.0386,82.876,193373,4
4Ptkuqavt7BTwhFVMoZaXE,"4 Songs, Op. 51: No. 3, Spleen",Gabriel Fauré,13,classical,0.166,0.0379,2,-24.605,0,0.0421,0.994,0.389,0.0776,0.105,171.857,131333,4
74fdHc5PDldqaHk7rJgpdN,"Pelléas et Mélisande, Op. 80: Chanson de Mélisande",Gabriel Fauré,13,classical,0.311,0.0283,10,-28.093,1,0.0545,0.99,0.00664,0.136,0.0393,129.375,176427,5
1XpLZej1HKEsXXMeXJuuRn,"4 Songs, Op. 39: No. 4, Les roses d'Ispahan",Gabriel Fauré,12,classical,0.312,0.0338,2,-24.076,1,0.0612,0.992,0.000337,0.0793,0.0503,67.904,194973,3
5w0oByGvnBhRkWsVfEuRAw,"2 Songs, Op. 76: No. 1, Le parfum impérissable",Gabriel Fauré,12,classical,0.264,0.0774,9,-22.001,1,0.0538,0.992,0.000014,0.111,0.0398,97.848,155773,4
1FuJ95FoHM4oNs7lJ2siXM,"2 Songs, Op. 83: No. 2, Soir",Gabriel Fauré,12,classical,0.306,0.0684,1,-19.705,1,0.0498,0.991,0.00349,0.135,0.0599,130.122,124093,4
5ZiQ8yaejOvNj5u13qeDHT,"4 Songs, Op. 51: No. 4, La rose (Ode anacreontique)",Gabriel Fauré,12,classical,0.284,0.15,3,-20.684,1,0.0528,0.992,0.0046,0.14,0.117,74.297,153480,4
6QhAOWoBY4gHcbTbplYnd3,"Sérénade du Bourgeois gentilhomme, Op. Posth.",Gabriel Fauré,10,classical,0.314,0.166,6,-21.46,1,0.0556,0.991,0.0539,0.109,0.0595,63.591,86560,3
5ppA0SeHzOzVoLOiO6aC7s,"Ave Maria, Op. 93",Gabriel Fauré,11,classical,0.236,0.0879,11,-23.38,1,0.0658,0.987,0.00352,0.106,0.0339,176.33,118240,4
7oxGaj4KWpdD89ORKqalYd,Vocalise 24,Gabriel Fauré,11,classical,0.148,0.0452,8,-26.902,1,0.0585,0.99,0.5175,0.0728,0.0372,78.527,96520,3
6JoT2QRzUZ8IpkamI6WkeN,"Chopin: Piano Sonata No. 2 in B-Flat Minor, Op. 35, ""Funeral March"": III. Marche funèbre (Lento)",Frédéric Chopin,52,classical,0.311,0.00326,1,-24.979,1,0.0614,0.993,0.5175,0.0803,0.0656,66.356,447053,4
7LcypCVM2DeybABIv1Ydaa,Pergolesi: Stabat mater: I. Stabat mater dolorosa,Giovanni Battista Pergolesi,46,classical,0.172,0.0362,4,-22.325,0,0.0414,0.982,0.0235,0.111,0.0366,138.045,269360,3
7vCj4115ZWtzUb09CPb9HQ,Vocalise-étude,Gabriel Fauré,10,classical,0.19,0.0297,2,-24.79,0,0.0513,0.995,0.5175,0.0762,0.0395,75.094,200627,4
3hehdAcOe1DX031OmrsiUl,"Le don silencieux, Op. 92",Gabriel Fauré,10,classical,0.372,0.0409,6,-25.674,0,0.0662,0.992,0.000882,0.0845,0.128,64.575,128653,3
4gNHdnRfMlZX0bDKyXhuje,"Mirages, Op. 113: No. 2, Reflets dans l'eau",Gabriel Fauré,9,classical,0.314,0.0437,10,-26.843,1,0.0526,0.987,0.0247,0.094,0.0386,64.297,237387,4
2G1G7cjPofxuaR7lcSQBAx,"Chanson, Op. 94",Gabriel Fauré,9,classical,0.434,0.102,6,-23.41,0,0.132,0.995,0.0117,0.0797,0.0668,76.193,75013,3
1Ed4UEAAdjAgLqD8bhGYMM,"Mirages, Op. 113: No. 1, Cygne sur l'eau",Gabriel Fauré,9,classical,0.245,0.122,5,-22.788,1,0.0532,0.991,0.00921,0.0764,0.0684,90.697,185627,1
7HaFNXALsct9WRDt73945X,"Mirages, Op. 113: No. 3, Jardin nocturne",Gabriel Fauré,9,classical,0.234,0.0462,5,-26.185,0,0.0467,0.988,0.0186,0.0854,0.0801,68.542,167827,4
3pxdcnSLOFxz7wWgL8lNOH,"Mirages, Op. 113: No. 4, Danseuse",Gabriel Fauré,9,classical,0.318,0.0835,2,-23.977,0,0.0474,0.993,0.458,0.0619,0.152,70.029,139800,4
2Fe96O0WzaqTggbUoiNf8n,"Nocturne in B Major, Op. 32, No. 1",Frédéric Chopin,47,classical,0.431,0.0115,11,-30.787,1,0.0487,0.994,0.5175,0.0844,0.149,127.194,274773,3
1wOkMy9o0zmLq7JFA3Lz7u,"Piano Trio in D Minor, Op. 120: II. Andantino",Gabriel Fauré,0,classical,0.0951,0.0545,10,-22.797,1,0.0423,0.984,0.5175,0.108,0.0378,85.332,447053,4
7syMZVRuWCkHPP9S8cYXS0,"Piano Trio in D Minor, Op. 120: III. Finale. Allegro vivo",Gabriel Fauré,0,classical,0.219,0.144,2,-18.071,1,0.0369,0.988,0.5175,0.0968,0.162,86.503,287267,3
3B9V1Pk08426YY6dR5tv5T,"Andante for Violin and Piano in B-Flat, Op. 75",Gabriel Fauré,0,classical,0.196,0.163,10,-18.628,1,0.0464,0.939,0.127,0.0847,0.0395,101.848,245413,5
39qgwfMBlZ4BF3Bd2wZIvo,"Nocturne in E Minor No. 12, Op. 107",Gabriel Fauré,0,classical,0.23,0.067,0,-23.287,1,0.0348,0.988,0.5175,0.078,0.0374,74.973,387613,4
4xeY6W5UQkJxldCYwe34kC,"Papillon for Cello and Piano in A Major, Op. 77",Gabriel Fauré,0,classical,0.267,0.123,6,-24.422,0,0.0422,0.988,0.5175,0.107,0.314,134.286,176307,4
623LpecSSSH0IbQhrkF1vC,"Violin Sonata in A Major No. 1, Op. 13: I. Allegro molto",Gabriel Fauré,0,classical,0.274,0.166,9,-17.604,1,0.0483,0.955,0.00396,0.0739,0.0971,126.956,447053,4
2oQWKmA3MHhwC9xpG8qKPs,"Violin Sonata in A Major No. 1, Op. 13: II. Andante",Gabriel Fauré,0,classical,0.133,0.0642,2,-20.63,0,0.0473,0.962,0.0139,0.0774,0.0399,57.019,408507,4
6CUoLtZVb6s5DTEcN9Qd5h,"Violin Sonata in A Major No. 1, Op. 13: III. Scherzo. Allegro vivo",Gabriel Fauré,0,classical,0.328,0.121,2,-22.479,1,0.0424,0.971,0.0924,0.099,0.33,76.913,231307,4
5gH0hTEpflCH8ZWKdoiSLx,"Violin Sonata in A Major No. 1, Op. 13: IV. Finale. Allegro quasi presto",Gabriel Fauré,0,classical,0.247,0.152,2,-17.936,1,0.0481,0.971,0.0896,0.0586,0.086,100.521,320733,3
3ZQQkSAa5JuElC74xcTSRE,"Nocturne No. 11 in F-Sharp, Op. 104",Gabriel Fauré,0,classical,0.402,0.0172,2,-28.816,1,0.0534,0.993,0.5175,0.0664,0.0454,120.263,245347,4
3AWuNAcCGKJQRcUfx3g3Wv,"Cello Sonata No. 2 in G Minor, Op. 117: I. Allegro",Gabriel Fauré,0,classical,0.148,0.0902,0,-23.058,0,0.0395,0.985,0.5175,0.0677,0.128,86.589,403680,4
3nAe4kwVzlc8iqdA6qLpYX,"Cello Sonata No. 2 in G Minor, Op. 117: II. Andante",Gabriel Fauré,0,classical,0.125,0.0418,8,-25.597,1,0.0407,0.98,0.5175,0.0683,0.0463,87.969,415827,4
1MkWg76jh2uGZs2JgfLYw3,"Cello Sonata No. 2 in G Minor, Op. 117: III. Finale. Allegro vivo",Gabriel Fauré,0,classical,0.21,0.112,3,-21.974,1,0.0445,0.99,0.5175,0.156,0.206,73.13,286893,3
7rwMQHtY8mCEnDrwMWxL31,"L'Horizon chimérique, Op. 118: I. ""La mer est infinie""",Gabriel Fauré,0,classical,0.271,0.116,2,-19.713,1,0.0592,0.991,0.000316,0.073,0.0418,78.363,91280,1
2TvihmaJOlz519b2MovIUO,"L'Horizon chimérique, Op. 118: II. ""Je me suis embarqué""",Gabriel Fauré,0,classical,0.241,0.0667,1,-21.623,1,0.0431,0.982,0.000293,0.122,0.073,68.423,147947,3
7yLhKhkJNifCfQPZfaIPx8,"L'Horizon chimérique, Op. 118: III. ""Diane, Séléné""",Gabriel Fauré,0,classical,0.224,0.0271,3,-26.335,1,0.0476,0.99,0.000017,0.103,0.0352,94.723,114040,4
7n9ybOERbFm7Tt3X4UsW3b,"L'Horizon chimérique, Op. 118: IV. ""Vaisseaux, nous vous aurons aimés""",Gabriel Fauré,0,classical,0.324,0.0689,7,-23.036,1,0.0622,0.977,0,0.0912,0.0694,78.32,105347,1
4XIjQH9y5HTgkmcZcFrg92,"Romance for Cello and Piano in A Major, Op. 69",Gabriel Fauré,0,classical,0.0959,0.0445,1,-26.493,0,0.0511,0.988,0.5175,0.111,0.104,84.938,208680,4
6LTKhB2Vy30OSP8j2nIKy1,"Berceuse for Violin and Piano in D Major, Op. 16",Gabriel Fauré,0,classical,0.19,0.0436,2,-26.605,1,0.0489,0.969,0.00292,0.0936,0.151,99.155,196373,3
1DR8XfgIxR37r4YkA0hHL9,"Cello Sonata No. 1 in D Minor, Op. 109: I. Allegro",Gabriel Fauré,0,classical,0.273,0.0839,7,-22.229,0,0.0379,0.982,0.5175,0.0859,0.15,137.299,324080,3
2y6GBGmoQABWFkS3UYqVZE,"Cello Sonata No. 1 in D Minor, Op. 109: II. Andante",Gabriel Fauré,0,classical,0.0962,0.0253,3,-25.08,1,0.0401,0.99,0.5175,0.0585,0.0646,86.175,402667,3
13XNJ31TjMfJHcNrIId4Iz,"Cello Sonata No. 1 in D Minor, Op. 109: III. Finale. Allegro commodo",Gabriel Fauré,0,classical,0.16,0.0791,7,-23.002,1,0.0413,0.986,0.5175,0.0923,0.0744,89.288,406653,4
5kPbS7QpBB5zZzYRNOOaxN,"Romance for Violin and Piano in B-Flat Major, Op. 28",Gabriel Fauré,0,classical,0.229,0.0904,10,-21.145,1,0.0492,0.937,0.00233,0.0848,0.17,97.281,334440,4
3xmycTPdbtgvi77qEUtM0i,"Nocturne No. 13 in B Minor, Op. 119",Gabriel Fauré,0,classical,0.337,0.0377,7,-25.301,1,0.0378,0.993,0.5175,0.0618,0.0376,96.464,447053,4
1qYamVvYDJi5K8BNzVrmzQ,"Violin Sonata No. 2 in E Minor, Op. 108: I. Allegro non troppo",Gabriel Fauré,0,classical,0.175,0.161,0,-17.312,1,0.0426,0.97,0.00932,0.0676,0.0422,87.37,447053,4
49qM3izJOBYCrSHvHUdUXA,"Violin Sonata No. 2 in E Minor, Op. 108: II. Andante",Gabriel Fauré,0,classical,0.147,0.0744,9,-21.332,1,0.0433,0.968,0.0274,0.0914,0.0379,88.503,447053,4
0wlRWLg36eAUlKFrJsIIIC,"Violin Sonata No. 2 in E Minor, Op. 108: III. Finale. Allegro non troppo",Gabriel Fauré,0,classical,0.272,0.162,9,-17.312,1,0.0502,0.965,0.000636,0.1,0.0668,109.282,396213,3
5mMYPSGI7ofMFvJCHLP1ta,"Chopin: Waltz No.6 in D flat, Op.64 No.1 -""Minute""",Frédéric Chopin,54,classical,0.287,0.113,8,-24.408,1,0.0382,0.988,0.5175,0.125,0.196,71.846,112907,4
4Vm5bEngr2qTEFZA6RC6Uy,"Piano Sonata No.14 In C Sharp Minor, Op.27 No.2 -""Moonlight"": Ludwig van BEETHOVEN : Sonate pour piano n° 14 « Clair de lune », op.27 n° 2. Adagio sostenuto",Ludwig van Beethoven,31,classical,0.219,0.00526,1,-30.854,0,0.0478,0.995,0.5175,0.129,0.314,73.753,362787,4
0Pzp03HQh9ZKE6pdSj9E5O,"Les Jeux d'eaux a la Villa d'Este, S. 163",Franz Liszt,55,classical,0.227,0.127,6,-21.499,1,0.0442,0.981,0.5175,0.106,0.0412,76.337,447053,4
3IJiejmJwcutTx9KLHZqrp,"Symphony No. 4 in E Minor, Op. 98: II. Andante moderato",Johannes Brahms,26,classical,0.178,0.0654,4,-18.768,1,0.0383,0.949,0.5175,0.116,0.0586,102.437,447053,4
7pyKDPFmhRbC97uBWaIPtY,"Symphony No. 4 in E Minor, Op. 98: III. Allegro giocoso - Poco meno presto",Johannes Brahms,25,classical,0.35,0.227,0,-14.582,1,0.0377,0.91,0.473,0.127,0.328,126.105,355787,4
6XNxVEWV0NiBaJZpUjIVHa,"Peer Gynt Suite No. 2, Op. 55: IV. Solveig's Song",Edvard Grieg,55,classical,0.0776,0.021,9,-30.849,0,0.05,0.972,0.5175,0.0608,0.0356,80.913,311560,3
0vDrWrNy2p2jVpKnIunN4I,"Violin Concerto No.2 In B Minor, Op.7, MS.48: Nicolo PAGANINI : Concerto pour violon et orchestre n° 2, op.7. Rondo (La Campanella) (extrait) - Excerpt",Niccolò Paganini,29,classical,0.606,0.215,11,-18.806,0,0.0767,0.773,0.276,0.23,0.574,124.105,93520,4
6y66Xw3iX2HeJHZW5kBJJz,"Symphony No. 4 in E Minor, Op. 98: IV. Allegro energico e passionato",Johannes Brahms,25,classical,0.272,0.143,4,-15.628,0,0.0384,0.948,0.5175,0.0799,0.0704,117.132,447053,4
02grSy81O6RjD2MByWf9ge,"Bach: Cello Suite No. 1 in G Major, BWV 1007: I. Prélude",Johann Sebastian Bach,51,classical,0.161,0.0738,7,-22.821,1,0.0565,0.975,0.5175,0.108,0.385,79.522,154013,4
7kn7P7gxer5Ww3pU0yg4gs,Massenet: Méditation (From Thaïs),Jules Massenet,35,classical,0.096,0.0708,4,-22.604,0,0.046,0.948,0.5175,0.316,0.0352,87.547,372067,4
0NeJQ9QL6hxcKs533XXwVW,"Rondo in B Minor, Op. 70, D. 895",Franz Schubert,21,classical,0.42,0.202,2,-16.545,1,0.0404,0.981,0.5175,0.0741,0.216,123.751,447053,4
0rkajHs0Kcw73nFDlKmuBk,"Piano Sonata No.12 In F, K.332: 2. Adagio",Wolfgang Amadeus Mozart,49,classical,0.479,0.0312,5,-26.821,1,0.0658,0.995,0.5175,0.0812,0.288,72.657,284000,4
0YHQMGeE23dZIz4H6MFXtY,Chopin : Nocturne No.13 in C minor Op.48 No.1,Frédéric Chopin,52,classical,0.345,0.045,0,-23.993,1,0.0417,0.99,0.5175,0.0603,0.0378,135.918,396667,3
08XuuVKJBVlfNNjH9a3QLf,"Sonata in G Major, Op. 78: I. Vivace ma non troppo (Arranged in D Major by Paul Klengel)",Johannes Brahms,19,classical,0.157,0.0977,2,-18.583,1,0.0455,0.978,0.408,0.0767,0.0881,80.01,447053,4
7JQy9SjtjoZZCbBZemCFJk,"Sonata in G Major, Op. 78: II. Adagio (Arranged in D Major by Paul Klengel)",Johannes Brahms,18,classical,0.212,0.0347,10,-20.121,1,0.0415,0.984,0.5175,0.0861,0.0394,112.758,438114,1
6eWmN5xklex92Yd8FEgwrg,"Sonata in G Major, Op. 78: III. Allegro molto moderato (Arranged in D Major by Paul Klengel)",Johannes Brahms,17,classical,0.193,0.0688,2,-20.729,0,0.0423,0.988,0.5175,0.112,0.109,86.528,447053,4
0yHYE0QCRYxawV56vT7xvz,"Sonata No. 1 in F Minor, Op. 120: I. Allegro appassionato",Johannes Brahms,18,classical,0.211,0.0857,1,-18.026,1,0.0429,0.988,0.5175,0.11,0.152,83.415,447053,3
2GNntMNWBTRPvoZ9L9yR7v,"Sonata No. 1 in F Minor, Op. 120: II. Andante un poco Adagio",Johannes Brahms,17,classical,0.107,0.0313,8,-24.671,1,0.0473,0.983,0.5175,0.194,0.0646,79.65,285698,4
640ajf1HoUFyMHyb8tACJO,"Sonata No. 1 in F Minor, Op. 120: IV. Vivace",Johannes Brahms,17,classical,0.312,0.13,5,-18.441,1,0.0419,0.992,0.468,0.194,0.222,92.281,302277,4
2wpfgztXQy55GDNe9usHgr,"Walzer, Nr. 7, Cis-Moll, op. 64,2",Peter Schmalfuss,47,classical,0.237,0.0315,1,-30.854,0,0.0404,0.992,0.5175,0.0999,0.0924,171.687,208000,3
0dYoCnsMOYa4rd4QcgvrMm,"Violin Concerto in D Major, Op. 77: I. Allegro non troppo (Cadenza by Joachim)",Johannes Brahms,1,classical,0.204,0.0889,2,-21.881,1,0.0414,0.874,0.116,0.119,0.073,88.823,447053,3
4HJ90SmvOi0tvQnf7b4C3D,"Violin Concerto in D Major, Op. 77: II. Adagio",Johannes Brahms,1,classical,0.161,0.062,5,-28.675,1,0.044,0.944,0.316,0.0797,0.0379,76.658,447053,3
79RUMZfMNMpqZnswovvTqv,Wonderwall,Oasis,75,rock,0.412,0.844,2,-5.613,1,0.037,0.00214,0,0.134,0.459,174.452,258907,4
48UPSzbZjgc449aqz8bxox,Californication,Red Hot Chili Peppers,83,rock,0.592,0.767,9,-2.788,0,0.027,0.0021,0.00165,0.127,0.328,96.483,329733,4
75JFxkI2RXiU7L9VXzMkle,The Scientist,Coldplay,87,rock,0.56,0.442,5,-7.224,1,0.0243,0.727,0.000017,0.11,0.212,146.448,309600,4
08mG3Y1vljYA6bvDt4Wqkj,Back In Black,AC/DC,84,rock,0.31,0.7,9,-5.678,1,0.047,0.011,0.00965,0.0828,0.763,188.386,255493,4
0d28khcov6AiegSCpG5TuT,Feel Good Inc,Gorillaz,83,rock,0.818,0.705,6,-6.679,1,0.177,0.00836,0.00233,0.381,0.772,138.559,222640,4
2zYzyRzz6pRmhPzyfMEC8s,Highway to Hell,AC/DC,83,rock,0.573,0.913,6,-4.793,0,0.132,0.0591,0.00173,0.156,0.422,115.715,208400,4
1AhDOtG9vPSOmsWgNW0BEY,Bohemian Rhapsody - Remastered 2011,Queen,81,rock,0.414,0.404,0,-9.928,0,0.0499,0.271,0,0.3,0.224,71.105,354320,4
5FVd6KXrgO9B3JPmC8OPst,Do I Wanna Know?,Arctic Monkeys,82,rock,0.548,0.532,5,-7.596,1,0.0323,0.186,0.000263,0.217,0.405,85.03,272394,4
5T8EDUDqKcs6OSOwEsfqG7,Don't Stop Me Now - Remastered,Queen,80,rock,0.559,0.868,5,-5.276,1,0.17,0.0475,0.000176,0.381,0.609,156.295,209413,4
6b2oQwSGFkzsMtQruIWm2p,Creep,Radiohead,82,rock,0.515,0.43,7,-9.935,1,0.0369,0.0102,0.000141,0.129,0.104,91.841,238640,4
6s3GEN8wK0OMzzzZbXj0fu,Hymn For The Weekend - Seeb Remix,Coldplay,82,rock,0.565,0.849,0,-3.516,0,0.0517,0.00868,0.000005,0.12,0.427,102.034,212647,4
1TfqLAPs4K3s2rJMoCokcS,Sweet Dreams (Are Made of This) - Remastered,Eurythmics,84,rock,0.692,0.711,0,-7.498,0,0.0317,0.227,0,0.12,0.875,125.135,216933,4
3LTMnFa0hhwisyq6ILahyj,Sultans Of Swing,Dire Straits,78,rock,0.731,0.797,5,-9.992,1,0.0309,0.0771,0.0248,0.334,0.933,148.192,348624,4
1RKUoGiLEbcXN4GY4spQDx,Clint Eastwood,Gorillaz,76,rock,0.663,0.694,10,-8.627,0,0.172,0.0249,0,0.0698,0.524,167.964,340920,4
3v8PlUFGQQDBIk1J86waCo,Should I Stay or Should I Go - Remastered,The Clash,72,rock,0.742,0.844,2,-6.441,1,0.111,0.0838,0,0.381,0.85,113.371,188240,4
3d9DChrdc6BOeFsbrZ3Is0,Under The Bridge,Red Hot Chili Peppers,83,rock,0.559,0.345,4,-13.496,1,0.0459,0.0576,0.000105,0.141,0.458,84.581,264307,4
5V3mdRI2yQxbSsJGDPc5lD,Chop Suey!,System Of A Down,79,rock,0.42,0.929,7,-3.899,0,0.121,0.000353,0.000747,0.122,0.3,127.204,210240,4
5C0LFQARavkPpn7JgA4sLk,Every Breath You Take - Remastered 2003,The Police,80,rock,0.82,0.452,1,-9.796,1,0.0348,0.543,0.00294,0.0701,0.74,117.401,253250,4
7LVHVU3tWfcxj5aiPFEW4Q,Fix You,Coldplay,83,rock,0.209,0.418,3,-8.74,1,0.0338,0.163,0.00195,0.113,0.123,138.265,295533,4
60a0Rd6pjrkxjPbaKzXjfq,In The End,Linkin Park,85,rock,0.553,0.9,3,-4.556,0,0.0584,0.0113,0,0.322,0.398,105.213,219000,4
1znPMY3zq78mVuTAmOA9O7,Nothing Else Matters,Metallica,78,rock,0.553,0.362,4,-11.218,0,0.0263,0.0458,0.000006,0.075,0.158,142.352,388267,3
2nLtzopw4rPReszdYBJU6h,Numb,Linkin Park,83,rock,0.496,0.863,9,-4.153,1,0.0381,0.0046,0,0.381,0.243,110.018,185587,4
3m6KkYKdnbffMpGd9Pm9FP,Seven Nation Army,The White Stripes,81,rock,0.745,0.466,4,-7.62,0,0.0864,0.00666,0.35,0.272,0.303,123.889,231920,4
3yI282DoIJyERd0vGukMoB,Fortunate Son,Creedence Clearwater Revival,77,rock,0.643,0.669,0,-7.485,1,0.0398,0.208,0.00664,0.151,0.609,132.709,140773,4
2374M0fQpWi3dLnB54qaLX,Africa,Toto,83,rock,0.671,0.373,9,-18.064,1,0.0323,0.257,0.000079,0.0481,0.732,92.717,295893,4
2aibwv5hGXSgw7Yru8IYTO,Snow (Hey Oh),Red Hot Chili Peppers,81,rock,0.432,0.895,11,-3.682,1,0.0504,0.127,0.000012,0.141,0.625,104.458,335067,4
6nek1Nin9q48AVZcWs9e9D,Paradise,Coldplay,80,rock,0.449,0.585,5,-6.762,1,0.0268,0.0522,0.000085,0.0833,0.203,139.627,278719,4
3RiPr603aXAoi4GHyXx0uy,Hymn For The Weekend,Coldplay,81,rock,0.49,0.743,0,-5.155,0,0.0409,0.255,0.000007,0.3,0.363,89.974,258827,4
5gFkAC68P66ZNVKXKjYtDm,Sunday Bloody Sunday - Remastered 2008,U2,69,rock,0.543,0.944,6,-7.495,1,0.0543,0.402,0.000564,0.0373,0.735,101.174,279440,4
4YwbSZaYeYja8Umyt222Qf,You Can't Hurry Love - 2016 Remastered,Phil Collins,78,rock,0.62,0.936,7,-4.593,1,0.0308,0.0261,0,0.0679,0.763,97.527,175747,4
1f3yAtsJtY87CTmM8RLnxf,Smells Like Teen Spirit,Nirvana,81,rock,0.512,0.905,1,-4.509,1,0.0573,0.000032,0.00011,0.102,0.692,116.746,301920,4
3Z9PJ6xiEGmcqo2hESEB5n,Bitter Sweet Symphony,The Verve,76,rock,0.362,0.911,9,-5.966,1,0.049,0.0336,0,0.381,0.498,171.112,357267,4
7o2CTH4ctstm8TNelqjb51,Sweet Child O' Mine,Guns N' Roses,81,rock,0.451,0.911,6,-7.765,1,0.0466,0.0801,0.146,0.236,0.63,125.122,356080,4
57bgtoPSgt236HzfBOd8kj,Thunderstruck,AC/DC,82,rock,0.501,0.889,4,-5.175,1,0.0364,0.000147,0.0114,0.217,0.257,133.519,292880,4
3PKtemUKxiDBvBo7tpQ8bG,One,U2,72,rock,0.511,0.536,0,-8.661,1,0.0302,0.256,0.00265,0.122,0.357,90.358,276187,4
5CQ30WqJwcep0pYcV4AMNc,Stairway To Heaven,Led Zeppelin,81,rock,0.338,0.34,9,-12.049,0,0.0339,0.58,0.0032,0.116,0.197,82.433,447053,4
1mea3bSkSGXuIRvnydlB5b,Viva La Vida,Coldplay,80,rock,0.485,0.619,5,-7.115,0,0.0289,0.0941,0.000003,0.109,0.416,138.017,242373,4
4CJVkjo5WpmUAKp3R44LNb,Sweet Home Alabama,Lynyrd Skynyrd,79,rock,0.597,0.605,7,-12.013,1,0.0255,0.181,0.000331,0.118,0.886,97.782,281147,4
69uxyAqqPIsUyTO8txoP2M,Adventure Of A Lifetime,Coldplay,80,rock,0.638,0.924,7,-3.887,1,0.0359,0.00205,0.000173,0.149,0.529,111.995,263787,4
3xXBsjrbG1xQIm1xv1cKOt,One More Light,Linkin Park,79,rock,0.593,0.2,8,-11.063,1,0.0311,0.904,0,0.0897,0.17,83.966,255067,4
3yvlcIteooc31cPjyWPTw1,With Or Without You,U2,75,rock,0.541,0.437,2,-11.874,1,0.0288,0.000196,0.318,0.148,0.127,110.162,295516,4
40riOy7x9W7GXjyGp4pjAv,Hotel California - Remastered,Eagles,83,rock,0.579,0.508,2,-9.484,1,0.027,0.00574,0.000494,0.0575,0.609,147.125,391376,4
0gmbgwZ8iqyMPmXefof8Yf,How You Remind Me,Nickelback,78,rock,0.446,0.764,10,-5.042,1,0.033,0.00135,0,0.099,0.543,172.094,223840,4
74X1epeRufHckhuX1KFD04,Hallelujah,Jeff Buckley,74,rock,0.339,0.143,0,-10.78,1,0.0317,0.921,0.000636,0.372,0.0948,101.213,413320,3
0MKGH8UMfCnq5w7nG06oM5,Come As You Are,Nirvana,77,rock,0.508,0.826,4,-5.783,0,0.04,0.000175,0.000459,0.0878,0.543,120.012,218920,4
45yEy5WJywhJ3sDI28ajTm,Here Comes The Sun - Remastered,The Beatles,78,rock,0.557,0.54,9,-10.484,1,0.0347,0.0339,0.00248,0.179,0.394,129.171,185733,4
0R8P9KfGJCDULmlEoBagcO,Trouble,Coldplay,74,rock,0.561,0.547,11,-7.496,0,0.0321,0.189,0.00157,0.17,0.19,139.755,273427,4
2HHtWyy5CgaQbC7XSoOb0e,Eye of the Tiger,Survivor,73,rock,0.815,0.438,0,-14.522,0,0.0346,0.216,0.000466,0.0787,0.552,108.965,243773,4
5wN725dVsyJSoSliCn9mRG,You’re The Best Thing About Me,U2,71,rock,0.653,0.78,2,-6.689,1,0.0398,0.00258,0.000001,0.269,0.792,117.038,225400,4
0qlZQGo9f7Ea24PPLnXq2R,Still Loving You,Scorpions,54,rock,0.282,0.605,6,-4.916,0,0.0294,0.0047,0.00144,0.103,0.0783,103.929,403453,4
2aoo2jlRnM3A0NyLQqMN2f,All Along the Watchtower,Jimi Hendrix,79,rock,0.438,0.805,8,-6.237,1,0.0624,0.00255,0.000057,0.0842,0.564,113.253,240800,4
7gXdAqJLCa5aYUeLVxosOz,Knockin' On Heaven's Door,Guns N' Roses,74,rock,0.486,0.747,6,-7.248,1,0.0407,0.0203,0.00607,0.0992,0.368,132.29,336000,4
23khhseCLQqVMCIT1WMAns,Magic,Coldplay,76,rock,0.738,0.483,6,-8.915,0,0.0403,0.0262,0.5175,0.106,0.355,93.458,285014,4
1C0vXECyJHUeqOo2Etvrr2,My Immortal,Evanescence,71,rock,0.204,0.265,9,-9.153,1,0.0323,0.869,0,0.134,0.107,71.157,262533,4
2fuCquhmrzHpu5xcA1ci9x,Under Pressure - Remastered 2011,Queen,76,rock,0.671,0.712,2,-7.815,1,0.0476,0.429,0,0.103,0.462,113.805,248440,4
1VNWaY3uNfoeWqb5U8x2QX,Lonely Day,System Of A Down,75,rock,0.47,0.796,8,-3.277,0,0.0336,0.362,0.000001,0.133,0.215,113.108,167907,3
1QFh8OH1e78dGd3VyJZCAC,Boys Don't Cry,The Cure,70,rock,0.462,0.836,11,-5.766,0,0.0621,0.00517,0,0.18,0.671,168.766,155973,4
3ZOEytgrvLwQaqXreDs2Jx,Can't Stop,Red Hot Chili Peppers,82,rock,0.618,0.938,9,-3.442,1,0.0456,0.0179,0,0.167,0.875,91.455,269000,4
7MeXwzhSDGfqNfuFANgzVC,Toxicity,System Of A Down,76,rock,0.407,0.876,8,-4.145,1,0.0529,0.000254,0.00265,0.215,0.521,116.335,218933,3
0pjCkLjbgSLn5c0Ilwuv8z,The Longest Wave,Red Hot Chili Peppers,67,rock,0.476,0.511,8,-6.25,1,0.0324,0.319,0.000129,0.119,0.339,148.158,211520,4
300RfAPZ57B0y6YYj9n6DN,Superstition - Single Version,Stevie Wonder,77,rock,0.642,0.735,8,-8.866,1,0.0806,0.0172,0.000733,0.0391,0.864,99.682,244827,4
18AXbzPzBS8Y3AkgSxzJPb,In The Air Tonight - 2015 Remastered,Phil Collins,77,rock,0.446,0.239,0,-13.945,1,0.0316,0.551,0.000004,0.0697,0.298,189.507,336453,4
0hCB0YR03f6AmQaHbwWDe8,Whole Lotta Love,Led Zeppelin,78,rock,0.412,0.902,9,-11.6,1,0.239,0.0484,0.131,0.381,0.422,89.74,333893,4
2ZSCy3P1QzpJySCWA6NRIU,I Was Made For Lovin' You,KISS,72,rock,0.768,0.852,4,-6.215,1,0.038,0.213,0.000074,0.0723,0.867,128.374,271240,4
01a0J96fRD91VnjQQUCqMK,The Kids Aren't Alright,The Offspring,75,rock,0.527,0.941,1,-4.213,1,0.0377,0.00594,0.000029,0.0641,0.793,99.636,180160,4
3ixTiPABjqkBKPocxq6oIe,Don't Look Back In Anger,Oasis,72,rock,0.346,0.916,0,-3.588,1,0.0703,0.0331,0.000004,0.117,0.249,164.005,287827,4
5p3JunprHCxClJjOmcLV8G,Walk On the Wild Side,Lou Reed,75,rock,0.575,0.318,0,-16.729,1,0.109,0.683,0.000202,0.0934,0.385,104.522,254173,4
5MxNLUsfh7uzROypsoO5qe,Dream On,Aerosmith,80,rock,0.307,0.433,1,-10.057,1,0.029,0.388,0.000091,0.332,0.224,160.9,266960,4
7pKfPomDEeI4TPT6EOYjn9,Imagine - 2010 - Remaster,John Lennon,77,rock,0.547,0.257,0,-12.358,1,0.0252,0.907,0.183,0.0935,0.169,75.752,187867,4
70YvYr2hGlS01bKRIho1HM,La Grange - 2005 Remastered Version,ZZ Top,76,rock,0.545,0.64,4,-9.937,0,0.224,0.00249,0.0304,0.196,0.606,80.544,230480,4
3AJwUDP919kvQ9QcozQPxg,Yellow,Coldplay,83,rock,0.429,0.661,11,-7.227,1,0.0281,0.00239,0.00013,0.234,0.285,173.365,266773,4
6mcxQ1Y3uQRU0IHsvdNLH1,Where Is My Mind?,Pixies,74,rock,0.523,0.442,4,-14.121,1,0.0347,0.0189,0.000494,0.0784,0.277,81.083,236973,4
4pbJqGIASGPr0ZpGpnWkDn,We Will Rock You - Remastered,Queen,75,rock,0.692,0.497,2,-7.316,1,0.119,0.676,0,0.259,0.475,81.308,122067,4
0q6LuUqGLUiCPP1cbdwFs3,On Melancholy Hill,Gorillaz,75,rock,0.689,0.739,2,-5.81,1,0.026,0.000015,0.509,0.064,0.578,120.423,233867,4
4kAJawkLZj4Q7N5521ofP6,With Or Without You - Remastered 2007,U2,69,rock,0.538,0.432,2,-11.882,1,0.0295,0.000185,0.309,0.139,0.116,110.181,295520,4
3MrRksHupTVEQ7YbA0FsZK,The Final Countdown,Europe,74,rock,0.536,0.844,6,-6.918,0,0.058,0.0628,0.00084,0.0608,0.185,117.652,310333,4
0MKqeOVdZcUFGJvWpGCKbG,Come Together - Remastered,The Beatles,74,rock,0.533,0.376,9,-11.913,0,0.0393,0.0302,0.248,0.0926,0.187,165.007,259947,4
5nPdMALTEd7HOjn16oNf2X,Don't Go Breaking My Heart,Elton John,73,rock,0.729,0.844,5,-8.824,1,0.0344,0.149,0.000003,0.0604,0.777,131.459,275440,4
1eRqy8jW4ZLMJR6dl3xsgI,Lovefool - Radio Edit,The Cardigans,73,rock,0.644,0.599,9,-7.936,1,0.029,0.0443,0,0.286,0.941,111.829,193893,4
01iyCAUm8EvOFqVWYJ3dVX,Dancing Queen,ABBA,74,rock,0.543,0.87,9,-6.514,1,0.0428,0.358,0.000939,0.381,0.754,100.804,230400,4
2ZOTtG7v1OrSNs6EINIGb4,Black Betty,Ram Jam,66,rock,0.465,0.865,11,-9.573,0,0.098,0.018,0.00135,0.0769,0.677,117.528,237893,4
20I8RduZC2PWMWTDCZuuAN,Take Me Out,Franz Ferdinand,74,rock,0.277,0.663,4,-8.821,0,0.0377,0.000409,0.00051,0.136,0.527,104.561,237027,4
7LRMbd3LEoV5wZJvXT1Lwb,T.N.T.,AC/DC,78,rock,0.754,0.759,9,-5.218,1,0.239,0.153,0.000114,0.101,0.435,126.367,214667,4
6J1G0Y3F8oxuswhdwJowhT,Rock You Like a Hurricane,Scorpions,52,rock,0.587,0.891,11,-3.381,1,0.0361,0.000261,0.00454,0.314,0.705,124.005,255573,4
1bSpwPhAxZwlR2enJJsv7U,No Surprises,Radiohead,72,rock,0.255,0.393,5,-10.654,1,0.0278,0.0577,0.00361,0.113,0.118,76.426,229120,4
1SKPmfSYaPsETbRHaiA18G,Somewhere Only We Know,Keane,71,rock,0.448,0.665,9,-4.203,1,0.026,0.06,0.000025,0.0828,0.304,172.004,237029,4
39shmbIHICJ2Wxnk1fPSdz,Should I Stay or Should I Go - Remastered,The Clash,80,rock,0.742,0.833,2,-6.463,1,0.115,0.079,0,0.381,0.816,113.375,188987,4
0EYOdF5FCkgOJJla8DI2Md,B.Y.O.B.,System Of A Down,77,rock,0.556,0.981,1,-2.688,0,0.128,0.00662,0,0.218,0.716,101.423,255467,4
0bVtevEgtDIeRjCJbK3Lmv,Welcome To The Jungle,Guns N' Roses,78,rock,0.443,0.96,8,-8.07,1,0.0757,0.0231,0.434,0.351,0.243,123.378,274027,4
7fSGbZLhWlAiCC3HDPAULu,(I Can't Get No) Satisfaction - Mono Version / Remastered 2002,The Rolling Stones,74,rock,0.725,0.853,2,-7.842,1,0.0353,0.0348,0.127,0.196,0.904,136.282,222813,4
4YR6Dextuoc3I8nJ0XgzKI,Footloose,Kenny Loggins,72,rock,0.564,0.911,2,-5.39,1,0.0536,0.159,0.000044,0.118,0.582,173.938,226293,4
59WN2psjkt1tyaxjspN8fp,Killing In The Name,Rage Against The Machine,80,rock,0.466,0.833,7,-4.215,1,0.239,0.0266,0,0.0327,0.661,88.785,313573,4
18lR4BzEs7e3qzc0KVkTpU,What I've Done,Linkin Park,79,rock,0.623,0.93,5,-5.285,1,0.0324,0.0141,0.000002,0.138,0.287,120.119,205613,4
3M5eeHXgG4VplKNcsBC8Dj,"Signed, Sealed, Delivered (I'm Yours)",Stevie Wonder,72,rock,0.67,0.619,0,-10.365,0,0.0323,0.0514,0,0.0492,0.807,108.826,160500,4
3XC7Jd6SfrQYKZJ6inyRHK,The House Of The Rising Sun,The Animals,72,rock,0.316,0.484,9,-9.11,0,0.0308,0.000334,0.00445,0.0912,0.299,117.363,269907,3
7pWUwNDBL7J0eMAUi2gPb3,Little Dark Age,MGMT,69,rock,0.709,0.71,6,-6.192,1,0.0372,0.0103,0.00107,0.166,0.612,97.5,299293,4
1gqsdl891sEVlHjaV1bTR6,Society,Eddie Vedder,68,rock,0.635,0.33,11,-10.788,0,0.0331,0.898,0.000452,0.113,0.317,80.901,236307,4
646J2jOtUe4Jflrmh6JFjN,Bring Me To Life,Evanescence,76,rock,0.312,0.946,4,-3.209,0,0.107,0.00749,0.000003,0.288,0.297,189.892,235893,4
4aVuWgvD0X63hcOCnZtNFA,Hold the Line,Toto,76,rock,0.494,0.698,6,-12.049,0,0.0553,0.0397,0.00634,0.152,0.778,95.842,235800,4
76qB2ZEZlEJAMqMqUjKusp,(Everything I Do) I Do It For You,Bryan Adams,73,rock,0.52,0.363,1,-12.655,1,0.0286,0.0752,0.000011,0.0609,0.273,131.224,393640,4
6Gn02ZC8juXwQ10Xk7ACXx,The Reason,Hoobastank,76,rock,0.474,0.659,4,-4.667,1,0.0292,0.0125,0,0.154,0.075,82.957,232800,4
0FDzzruyVECATHXKHFs9eJ,A Sky Full of Stars,Coldplay,78,rock,0.551,0.636,6,-7.125,1,0.0281,0.00713,0.00203,0.217,0.153,124.996,268467,4
2AT8iROs4FQueDv2c8q2KE,R U Mine?,Arctic Monkeys,78,rock,0.288,0.758,6,-5.692,0,0.0371,0.00616,0,0.303,0.619,97.094,201726,4
4U9arGcc4ATa7shChhLQP0,Walk On Water,Thirty Seconds To Mars,75,rock,0.494,0.778,8,-7.041,1,0.0359,0.000115,0,0.0904,0.406,139.963,188228,4
027h5P3kCyktHv9dpHUBBS,Why Don't You Get A Job,The Offspring,68,rock,0.767,0.876,5,-4.435,1,0.0757,0.0812,0.000001,0.337,0.595,107.915,172467,4
6wjSNO6uJYlgbbfauyWhiw,Wind Of Change,Scorpions,74,rock,0.453,0.543,0,-10.106,1,0.0366,0.297,0,0.0928,0.282,151.362,313227,4
0UFDKFqW2oGspYeYqo9wjA,Bleed It Out,Linkin Park,76,rock,0.529,0.967,1,-3.647,0,0.0508,0.114,0,0.381,0.596,140.127,166373,4
1uKzAldJYlwje9HstlwTie,See You Soon,Coldplay,63,rock,0.369,0.295,4,-12.779,1,0.0351,0.657,0.000015,0.107,0.211,92.226,171373,4
3n3Ppam7vgaVa1iaRUc9Lp,Mr. Brightside,The Killers,82,rock,0.355,0.918,1,-4.36,1,0.0746,0.00119,0,0.0971,0.24,148.114,222200,4
3YBZIN3rekqsKxbJc9FZko,Paradise City,Guns N' Roses,78,rock,0.27,0.953,11,-8.76,1,0.0797,0.0175,0.0131,0.321,0.426,100.459,408907,4
4kZ1ALZpfTPIAyjKWDyLxK,The Passenger,Iggy Pop,60,rock,0.496,0.878,0,-7.152,1,0.0533,0.0729,0,0.381,0.746,134.751,283427,4
3SVAN3BRByDmHOhKyIDxfC,Karma Police,Radiohead,74,rock,0.36,0.505,7,-9.129,1,0.026,0.0626,0.000092,0.172,0.317,74.807,264067,4
1hwJKpe0BPUsq6UUrwBWTw,Boulevard Of Broken Dreams,Green Day,71,rock,0.49,0.679,8,-3.68,1,0.0309,0.00394,0.000015,0.0383,0.506,167.046,261267,4
5prTs2HAw2G4idHZyeFp8o,Total Eclipse of the Heart,Bonnie Tyler,75,rock,0.435,0.658,8,-8.179,1,0.0661,0.195,0,0.102,0.184,130.276,269787,4
1qRA5BS78u3gME0loMl9AA,For What It's Worth,Buffalo Springfield,76,rock,0.653,0.519,2,-10.164,1,0.0497,0.406,0.0209,0.101,0.822,98.883,153693,4
0fQuzbQNLcD1ofo7B2NcFI,True Love,Coldplay,65,rock,0.482,0.574,11,-7.963,1,0.028,0.00382,0.08,0.123,0.184,119.994,246000,4
4U4lsMa8a4gcZeRZKjbciP,Get Out Of Your Own Way,U2,70,rock,0.565,0.768,2,-9.637,1,0.0527,0.0257,0.000021,0.381,0.426,130.043,238293,4
305WCRhhS10XUcH6AEwZk6,Are You Gonna Be My Girl,Jet,76,rock,0.613,0.953,2,-3.435,1,0.0855,0.00148,0.000582,0.152,0.537,105.046,213800,4
78lgmZwycJ3nzsdgmPPGNx,Immigrant Song,Led Zeppelin,80,rock,0.564,0.932,11,-10.068,1,0.0554,0.013,0.169,0.349,0.619,112.937,146250,4
17VegeBoHvMlIByrdu64KR,Your Song,Elton John,71,rock,0.551,0.27,3,-12.808,1,0.0326,0.851,0.000007,0.0966,0.289,128.221,244227,4
2KmEgiY8fQs0G6WNxtzQKr,Baba O'Riley,The Who,72,rock,0.489,0.724,5,-8.367,1,0.0352,0.313,0.185,0.287,0.15,117.292,300400,4
1bdXMstfxFWYSkEFTnJMoN,Enter Sandman,Metallica,78,rock,0.577,0.828,6,-8.691,0,0.0298,0.00213,0.0114,0.0581,0.604,123.257,331267,4
41QhRnFDdhMLtR8tmnolbr,WALLS,Kings of Leon,68,rock,0.56,0.32,8,-14.34,1,0.0313,0.505,0.472,0.11,0.107,82.511,329667,4
1jJci4qxiYcOHhQR247rEU,Kids,MGMT,78,rock,0.451,0.931,9,-3.871,1,0.0719,0.00076,0.0049,0.361,0.172,122.961,302840,4
4VqPOruhp5EdPBeR92t6lQ,Uprising,Muse,76,rock,0.602,0.905,2,-4.046,1,0.0775,0.000202,0.064,0.117,0.411,128.019,304840,4
6HSXNV0b4M4cLJ7ljgVVeh,Knockin' On Heaven's Door - Remastered,Bob Dylan,73,rock,0.513,0.396,7,-13.061,1,0.0299,0.251,0.177,0.11,0.229,140.208,149880,4
7N3PAbqfTjSEU1edb2tY8j,Jump - 2015 Remastered Version,Van Halen,76,rock,0.572,0.835,0,-6.219,1,0.0317,0.171,0.000376,0.0702,0.796,129.994,241600,4
2G8IHtLBcgu2GXTwq0iB4Y,"You're Gonna Go Far, Kid",The Offspring,73,rock,0.55,0.913,9,-3.104,0,0.0661,0.00564,0,0.2,0.581,126.106,177827,4
3kdMzXOcrDIdSWLdONHNK5,The Sky Is A Neighborhood,Foo Fighters,77,rock,0.358,0.549,11,-7.843,0,0.0693,0.000799,0.00503,0.22,0.533,130.733,244573,4
64BbK9SFKH2jk86U3dGj2P,Otherside,Red Hot Chili Peppers,79,rock,0.458,0.795,0,-3.265,1,0.0574,0.00316,0.000202,0.0756,0.513,123.229,255373,4
0SjhCnjTT2bXD9RtU8bFT9,Last Resort,Papa Roach,75,rock,0.59,0.894,4,-3.661,0,0.0579,0.000387,0.000661,0.269,0.732,90.604,199893,4
5jzma6gCzYtKB1DbEwFZKH,London Calling - Remastered,The Clash,71,rock,0.651,0.801,0,-7.34,1,0.0513,0.123,0,0.0825,0.776,133.763,200480,4
3FmAUR4SPWa3P1KyDf21Fu,Roxanne - Remastered 2003,The Police,71,rock,0.618,0.748,0,-8.905,1,0.239,0.0384,0.000004,0.0477,0.662,134.001,191500,4
4hEk1CHls2JEDbKIKy8JxV,Breakfast In America - 2010 Remastered,Supertramp,66,rock,0.532,0.663,0,-5.886,0,0.0292,0.425,0.000001,0.0734,0.756,75.14,159347,4
4sFbojhVXQv7dBC9PVCcRn,Sympathy For The Devil,The Rolling Stones,73,rock,0.566,0.673,9,-10.814,1,0.239,0.565,0.000001,0.0438,0.583,114.385,377747,4
2LawezPeJhN4AWuSB0GtAU,Have You Ever Seen The Rain?,Creedence Clearwater Revival,78,rock,0.741,0.697,0,-7.028,1,0.0277,0.0664,0.000023,0.133,0.774,116.109,160133,4
0wzABO1igQsSy8cQ7dIeHK,Paint It Black,The Rolling Stones,73,rock,0.482,0.8,11,-9.278,0,0.0916,0.0569,0.00223,0.381,0.569,158.81,202267,4
6L89mwZXSOwYl76YXfX13s,Basket Case,Green Day,81,rock,0.442,0.943,3,-3.205,1,0.0602,0.00293,0.000009,0.091,0.781,85.064,181533,4
5V1AHQugSTASVez5ffJtFo,Let It Be - Remastered,The Beatles,73,rock,0.443,0.403,0,-8.339,1,0.0322,0.631,0,0.111,0.41,143.462,243027,4
3tFXKG42xSRdOrf6TrDBF8,Dangerous Night,Thirty Seconds To Mars,73,rock,0.457,0.721,2,-6.615,1,0.0474,0.00285,0.000002,0.269,0.231,87.965,200013,4
0x6Y6ikSyS17NxfhWsgENm,Chasing Cars,Snow Patrol,77,rock,0.56,0.595,9,-4.53,1,0.0274,0.199,0.000065,0.132,0.144,104.011,267960,4
5MMnwYs0hIxkENRsbkWJ2G,Smoke On the Water,Deep Purple,72,rock,0.598,0.676,0,-9.211,1,0.0279,0.13,0.225,0.112,0.805,114.169,340742,4
2fDVMNQmFuMORDD3dP7GkN,Home,Foo Fighters,59,rock,0.446,0.152,0,-14.579,1,0.039,0.819,0.0222,0.1,0.111,105.212,293453,3
5SZ6zX4rOrEQferfFC2MfP,Walk This Way,Aerosmith,71,rock,0.653,0.73,5,-10.613,1,0.043,0.0114,0.00001,0.0754,0.894,108.705,220400,4
4nXkbcTj3nyww1cHkw5RAP,Long Train Runnin',The Doobie Brothers,74,rock,0.575,0.912,7,-7.275,0,0.0393,0.0916,0.00211,0.0562,0.843,117.399,207267,4
2RlgNHKcydI9sayD2Df2xp,Mr. Blue Sky,Electric Light Orchestra,81,rock,0.388,0.338,10,-10.054,1,0.0328,0.652,0.000004,0.248,0.477,177.784,303373,4
53NWOfQXdEmbHqg5FGeXlG,I'm So Excited,The Pointer Sisters,56,rock,0.684,0.724,5,-11.249,0,0.033,0.0909,0.000088,0.11,0.729,92.272,228440,4
78Az0Z1vNJgqv9QSB0ULLV,Paint It Black,The Rolling Stones,67,rock,0.504,0.845,5,-7.799,0,0.0938,0.0139,0.0419,0.359,0.736,159.508,224133,4
1chu8wc9zbNqTQ2ahROys1,My Sweet Lord,George Harrison,74,rock,0.537,0.685,1,-8.935,0,0.0333,0.0705,0,0.0839,0.542,120.965,281227,4
3T6R0ppqCnUW6iJhtUYhO3,The Logical Song - Remastered 2010,Supertramp,69,rock,0.625,0.758,5,-6.213,0,0.0463,0.512,0.00022,0.153,0.695,119.719,251253,4
3OeUlriM0EZHdWleJtjoVr,Got My Mind Set On You - 2004 Digital Remaster,George Harrison,67,rock,0.767,0.854,4,-6.947,1,0.0426,0.465,0.000002,0.381,0.963,149.206,234653,4
6nTiIhLmQ3FWhvrGafw2zj,American Idiot,Green Day,79,rock,0.38,0.988,1,-2.042,1,0.0639,0.000026,0.000079,0.368,0.769,186.113,176346,4
7l9CE3wmEGOUYw1j4ETjnL,Saturnz Barz (feat. Popcaan),Gorillaz,72,rock,0.383,0.621,6,-5.878,0,0.113,0.0272,0,0.381,0.213,80.051,181907,4
5qfZRNjt2TkHEL12r3sDEU,Everglow,Coldplay,75,rock,0.535,0.445,4,-9.155,1,0.0292,0.456,0.0677,0.112,0.136,146.099,282693,4
7pmNNEJcBcODkrPHEIf7Cy,Another Brick In The Wall - 2001 Remastered Version,Pink Floyd,58,rock,0.71,0.436,0,-12.532,1,0.0299,0.0282,0.00298,0.381,0.727,104.136,230867,4
45Ia1U4KtIjAPPU7Wv1Sea,Are You Gonna Go My Way,Lenny Kravitz,73,rock,0.619,0.67,11,-10.319,0,0.0353,0.00165,0.0109,0.331,0.777,129.267,211933,4
54eZmuggBFJbV7k248bTTt,A Horse with No Name,America,76,rock,0.654,0.506,11,-17.18,0,0.0535,0.686,0.0155,0.155,0.831,123.179,252240,4
63OFKbMaZSDZ4wtesuuq6f,Born To Be Wild,Steppenwolf,73,rock,0.438,0.71,2,-12.412,1,0.0919,0.262,0.5175,0.221,0.53,145.928,210373,4
6oD0TvHIYmObKNl5Mz05ri,Angie - Remastered 2009,The Rolling Stones,68,rock,0.429,0.554,9,-6.128,0,0.0291,0.67,0.000152,0.105,0.407,136.302,272000,4
1jzDzZWeSDBg5fhNc3tczV,Paranoid - 2009 Remastered Version,Black Sabbath,77,rock,0.415,0.646,4,-12.021,0,0.0699,0.000042,0.000849,0.207,0.409,163.046,166693,4
6uJwPeBGb3swi85TSr9iIz,Miracles (Someone Special),Coldplay,73,rock,0.626,0.822,6,-5.501,1,0.0434,0.0164,0.000296,0.139,0.374,97.003,276907,4
7BHPGtpuuWWsvE7cCaMuEU,Naive,The Kooks,77,rock,0.543,0.819,11,-6.159,1,0.0661,0.0703,0,0.149,0.705,102.687,203507,4
0gzqZ9d1jIKo9psEIthwXe,Beautiful Day,U2,71,rock,0.536,0.928,11,-6.492,0,0.0589,0.0154,0.00134,0.2,0.389,136.258,248400,4
53968oKecrFxkErocab2Al,November Rain,Guns N' Roses,75,rock,0.197,0.629,11,-9.291,1,0.03,0.0165,0.279,0.125,0.221,79.495,447053,4
1JLn8RhQzHz3qDqsChcmBl,I Want To Know What Love Is - Remastered,Foreigner,76,rock,0.477,0.471,6,-10.036,1,0.0277,0.193,0.000002,0.131,0.423,81.204,304787,4
459EpH5UZgE6fMNPMLOgMF,Girls Just Want to Have Fun,Cyndi Lauper,52,rock,0.711,0.8,6,-4.883,1,0.0327,0.219,0.00102,0.354,0.726,120.393,236293,4
3H7sv3Krffn15BufUuXzf3,Hey Jude - Remastered 2015,The Beatles,72,rock,0.386,0.607,10,-7.7,1,0.0261,0.0112,0.000014,0.088,0.532,147.207,425653,4
4Z1fbYp0HuxLBje4MOZcSD,Twist And Shout - Remastered,The Beatles,72,rock,0.482,0.849,2,-9.198,1,0.0452,0.641,0.000008,0.0414,0.937,124.631,155227,4
3ZE3wv8V3w2T2f7nOCjV0N,Life On Mars? - 2015 Remastered Version,David Bowie,74,rock,0.442,0.384,10,-14.635,1,0.0414,0.639,0.000077,0.0539,0.216,123.281,235987,4
3U7H63zKWLjOuFZJUmTowp,You Give Love A Bad Name,Bon Jovi,75,rock,0.559,0.825,0,-10.725,0,0.0401,0.0771,0,0.363,0.805,122.821,223733,4
2vz1CsL5WBsbpBcwgboTAw,Footloose,Kenny Loggins,77,rock,0.583,0.905,2,-6.132,1,0.0733,0.0984,0.00019,0.0593,0.646,173.982,226827,4
40QaXOfYoRXaSZE2pI8Iwv,Edge Of Darkness,Greta Van Fleet,56,rock,0.452,0.943,9,-3.778,1,0.0538,0.00746,0.0936,0.0767,0.69,148.035,268400,4
10Nmj3JCNoMeBQ87uw5j8k,Dani California,Red Hot Chili Peppers,78,rock,0.553,0.865,9,-4.751,0,0.0409,0.017,0.00001,0.267,0.735,96.161,283000,4
1NCuYqMc8hKMb4cpNTcJbD,Another Day In Paradise - 2016 Remastered,Phil Collins,73,rock,0.78,0.565,3,-7.32,0,0.0306,0.736,0.00269,0.063,0.365,101.967,322133,4
6ml6iL8HUdQKgtMaehAZc8,Start Me Up - 2009 Re-Mastered Digital Version,The Rolling Stones,73,rock,0.631,0.932,5,-4.142,1,0.0354,0.0436,0.137,0.0918,0.971,122.429,213067,4
2x8evxqUlF0eRabbW2JBJd,Fluorescent Adolescent,Arctic Monkeys,79,rock,0.654,0.828,1,-5.377,0,0.0281,0.00146,0.000144,0.122,0.79,112.056,183893,4
7DFIn27sO8vxX8gb2ZqEvC,Around The World,Kings of Leon,54,rock,0.575,0.854,1,-5.847,0,0.0362,0.000252,0.5175,0.351,0.587,113.075,214040,4
2pDXMhXlzg67zhXKZVlefy,Hurt,Johnny Cash,71,rock,0.546,0.404,9,-7.515,0,0.0273,0.62,0.000302,0.114,0.182,92.023,216533,4
1lCRw5FEZ1gPDNPzy1K4zW,We Are The Champions - Remastered 2011,Queen,71,rock,0.268,0.459,10,-6.94,1,0.0346,0.378,0,0.118,0.175,64.177,179200,4
086myS9r57YsLbJpU0TgK9,Why'd You Only Call Me When You're High?,Arctic Monkeys,77,rock,0.691,0.631,2,-6.478,1,0.0368,0.0483,0.000011,0.104,0.8,92.004,161124,4
5G1sTBGbZT5o4PNRc75RKI,Lonely Boy,The Black Keys,70,rock,0.356,0.872,2,-7.837,1,0.068,0.00417,0.00975,0.0997,0.607,166.3,193653,4
5anCkDvJ17aznvK5TED5uo,Hail to the King,Avenged Sevenfold,77,rock,0.585,0.887,3,-5.086,0,0.0362,0.000376,0.0518,0.132,0.711,118.035,304880,4
1dv3ePjze9tPq2pk8eWJdR,Gimme Shelter,The Rolling Stones,72,rock,0.63,0.616,1,-8.128,0,0.0309,0.463,0.0408,0.173,0.509,118.65,270773,4
5ihS6UUlyQAfmp48eSkxuQ,Landslide,Fleetwood Mac,76,rock,0.414,0.161,7,-22.32,0,0.0318,0.883,0.000223,0.117,0.423,159.375,199493,4
2zvot9pY2FNl1E94kc4K8M,Rocket Man (I Think It's Going To Be A Long Long Time),Elton John,75,rock,0.601,0.532,10,-9.119,1,0.0286,0.432,0.000006,0.0925,0.341,136.571,281613,4
104buTcnP2AsxqB7U1FIZ4,Heavy (feat. Kiiara),Linkin Park,77,rock,0.59,0.671,9,-6.098,1,0.0706,0.0484,0,0.0604,0.438,149.982,169801,4
6VnpKLtfNH4Dk09YSGPSyR,It Ain't Over 'Til It's Over,Lenny Kravitz,67,rock,0.679,0.568,6,-10.74,1,0.0423,0.422,0.00948,0.322,0.93,159.689,242640,4
61mWefnWQOLf90gepjOCb3,Duality,Slipknot,77,rock,0.354,0.982,4,-3.026,0,0.168,0.000237,0.000294,0.204,0.194,143.772,252613,4
4y1LsJpmMti1PfRQV9AWWe,Girls Just Want to Have Fun,Cyndi Lauper,72,rock,0.71,0.799,6,-4.897,1,0.0328,0.22,0.000602,0.349,0.725,120.372,238267,4
1olbyCTQp9pCVhYx0ErCOP,Dear Life,Beck,59,rock,0.512,0.717,1,-3.276,1,0.0278,0.00233,0.00519,0.239,0.607,165.974,224237,4
3AhXZa8sUQht0UEdBJgpGc,Like a Rolling Stone,Bob Dylan,73,rock,0.483,0.721,0,-6.836,1,0.032,0.729,0,0.189,0.562,95.261,369600,4
2wVXSc0IrQVodHESUxVUJA,Losing My Religion,R.E.M.,78,rock,0.664,0.852,9,-4.996,0,0.029,0.174,0,0.1,0.807,125.632,268427,4
2xI7o9zYcqynmueNH4foku,Take A Look Around,Limp Bizkit,71,rock,0.49,0.856,1,-5.659,1,0.049,0.018,0.36,0.0871,0.516,101.93,321040,4
7r5bS08R8d0jZuDZutVeHQ,Gimme! Gimme! Gimme! (A Man After Midnight),ABBA,68,rock,0.744,0.495,10,-9.615,1,0.0402,0.0162,0.00825,0.177,0.53,119.541,294347,4
6hVZcLTExWAaodoqW2wLtf,Magazine,Editors,64,rock,0.515,0.791,11,-6.697,0,0.0411,0.000436,0.000034,0.0942,0.35,127.884,235850,4
0ntQJM78wzOLVeCUAW7Y45,Sex on Fire,Kings of Leon,80,rock,0.542,0.905,9,-5.653,1,0.054,0.00172,0.0104,0.136,0.374,153.398,203347,4
1twBt7aZiy7HWPG025QGuP,Aerials,System Of A Down,71,rock,0.404,0.923,0,-4.235,0,0.0547,0.00107,0.0163,0.0637,0.248,81.058,235600,4
4WfGrAJVC3A5xhUTja0gUG,Money For Nothing,Dire Straits,71,rock,0.666,0.667,2,-9.305,0,0.0371,0.043,0.0005,0.074,0.679,134.219,447053,4
4Z92RMiyJpUrApZi3LtpJ6,Blackbird - Remastered,The Beatles,69,rock,0.686,0.127,7,-14.361,1,0.0342,0.754,0.000014,0.0573,0.372,93.699,138387,4
4ePP9So5xRzspjLFVVbj90,Two Princes,Spin Doctors,75,rock,0.543,0.912,7,-10.71,1,0.0601,0.00162,0.000002,0.0565,0.836,103.731,256733,4
3yrSvpt2l1xhsV9Em88Pul,Brown Eyed Girl,Van Morrison,80,rock,0.491,0.583,7,-10.964,1,0.0376,0.182,0,0.381,0.907,150.572,183307,4
2NMgVh5qaPprKTEzFe3501,Roxanne,The Police,62,rock,0.611,0.683,0,-9.872,1,0.239,0.0535,0.000004,0.0378,0.65,133.149,188907,4
6yl8Es1tCYD9WdSkeVLFw4,You Shook Me All Night Long,AC/DC,75,rock,0.529,0.768,7,-5.51,1,0.0566,0.00224,0.000685,0.297,0.769,127.316,210880,4
40HGoSHn9gELCcJu8TLakq,"Under Pressure - Single Version, 2017 Remastered Version",Queen,62,rock,0.672,0.654,2,-9.053,1,0.0484,0.403,0,0.091,0.448,113.635,248720,4
3Au6174rC3JSzZN5BhCl3D,I Want To Break Free - Single Remix,Queen,71,rock,0.795,0.435,4,-8.927,1,0.0324,0.0841,0.00026,0.0763,0.596,108.951,258013,4
3ztCt91U2wGkDZuzbCwH6H,Black Hole Sun,Soundgarden,73,rock,0.351,0.822,6,-5.337,1,0.0408,0.000185,0.000117,0.0766,0.158,105.503,318587,4
0oVSvrU612xkj7vbvbUAT2,Streets of Philadelphia,Bruce Springsteen,70,rock,0.724,0.249,5,-15.488,1,0.0321,0.341,0.11,0.0933,0.444,93.667,195293,4
2MvIMgtWyK88OiPi0J8Dg3,Psychosocial,Slipknot,76,rock,0.576,0.989,2,-1.909,1,0.112,0.00252,0.0032,0.0243,0.352,135.093,283400,4
2miAut6dp9BWdGmOxwSGEC,Sweet Dreams (Are Made Of This),Marilyn Manson,69,rock,0.39,0.642,8,-5.266,1,0.0326,0.00502,0.5175,0.296,0.132,92.397,293293,4
2SiXAy7TuUkycRVbbWDEpo,You Shook Me All Night Long,AC/DC,76,rock,0.532,0.767,7,-5.509,1,0.0574,0.00287,0.000513,0.381,0.755,127.361,210173,4
7KxMm3ACHHuIa48MLIbOCm,Self Esteem,The Offspring,70,rock,0.439,0.909,0,-3.607,1,0.0684,0.0266,0,0.367,0.597,104.709,257760,4
7Dm3dV3WPNdTgxoNY7YFnc,The Chain - Remastered,Fleetwood Mac,75,rock,0.523,0.757,9,-6.934,1,0.0515,0.0521,0.000081,0.0465,0.652,152.016,269816,4
2u8MGAiS2hBVE7GZzTZLQI,I'm So Excited,The Pointer Sisters,71,rock,0.688,0.858,5,-6.496,0,0.0348,0.103,0.000118,0.147,0.697,92.253,229467,4
2yNWwardt8VzlpNBWrGYD6,For Once In My Life,Stevie Wonder,68,rock,0.566,0.482,6,-13.047,1,0.0411,0.301,0,0.269,0.856,109.046,170600,4
31L9yLXSj6LpCFupyMV6CR,Up&Up,Coldplay,74,rock,0.48,0.718,7,-5.461,1,0.0603,0.0485,0.000343,0.102,0.252,163.987,405320,4
3MjrueDQKVr6xDDseZwhEd,Figure It Out,Royal Blood,70,rock,0.657,0.817,0,-4.415,1,0.0554,0.262,0.00674,0.248,0.651,107.995,184053,4
57BrRMwf9LrcmuOsyGilwr,Crawling,Linkin Park,76,rock,0.58,0.716,4,-5.201,1,0.034,0.0564,0.000004,0.381,0.3,105.084,210773,4
2udw7RDkldLFIPG9WYdVtT,Sir Duke,Stevie Wonder,68,rock,0.588,0.568,6,-9.766,1,0.0672,0.16,0,0.0792,0.952,106.938,232760,4
3skn2lauGk7Dx6bVIt5DVj,Starlight,Muse,73,rock,0.55,0.874,4,-4.046,1,0.0321,0.000436,0.00001,0.206,0.318,121.61,240213,4
3Pnhzf3Knhdsavx0VM2ZmG,Island In The Sun,Weezer,71,rock,0.654,0.81,4,-6.26,0,0.0288,0.00719,0.00251,0.165,0.661,114.623,200307,4
6oO7WMjD6kEvCITLbVj0mu,Hypnotize,System Of A Down,72,rock,0.274,0.92,6,-4.096,1,0.0489,0.0303,0.000412,0.115,0.0397,153.986,189440,4
6ToM0uwxtPKo9CMpbPGYvM,Break On Through (To The Other Side),The Doors,73,rock,0.421,0.751,9,-9.584,1,0.0472,0.2,0,0.17,0.789,89.839,145867,4
3CGZnJkBe1Kk5Jx4Kc3kPv,Love Is All We Have Left,U2,64,rock,0.318,0.3,2,-14.87,1,0.0348,0.726,0.000893,0.13,0.0742,101.976,161200,4
4q5cQyhhUW5X0PQVzA8VsG,Mr. Jones,Counting Crows,72,rock,0.58,0.814,0,-6.582,1,0.0363,0.173,0.000002,0.246,0.722,141.606,272507,4
69QHm3pustz01CJRwdo20z,Hells Bells,AC/DC,72,rock,0.389,0.873,4,-4.768,0,0.0475,0.00532,0.0055,0.273,0.303,106.767,312293,4
14XWXWv5FoCbFzLksawpEe,Riders On The Storm,The Doors,74,rock,0.549,0.722,11,-11.729,0,0.0283,0.25,0.0138,0.11,0.716,103.885,434720,4
4hy4fb5D1KL50b3sng9cjw,Smells Like Teen Spirit,Nirvana,66,rock,0.48,0.875,1,-5.898,1,0.0429,0.000016,0.000751,0.103,0.826,116.754,300827,4
3pyjJrvYubl5klFaLTCLQg,What Goes Around Comes Around,Lenny Kravitz,51,rock,0.846,0.47,2,-9.053,1,0.0507,0.833,0.0935,0.195,0.741,124.416,289880,4
2oaK4JLVnmRGIO9ytBE1bt,Dark Necessities,Red Hot Chili Peppers,76,rock,0.7,0.742,5,-6.777,0,0.0716,0.0722,0.0199,0.11,0.197,91.959,302000,4
0BCPKOYdS2jbQ8iyB56Zns,Clocks,Coldplay,76,rock,0.577,0.749,5,-7.215,0,0.0279,0.599,0.0112,0.183,0.261,130.969,307880,4
4mn2kNTqiGLwaUR8JdhJ1l,The House Of The Rising Sun,The Animals,75,rock,0.316,0.484,9,-9.11,0,0.0308,0.000334,0.00445,0.0912,0.299,117.363,269907,3
2LkaNhCrNVmcYgXJeLVmsw,The Sound of Silence,Simon & Garfunkel,72,rock,0.435,0.456,6,-10.305,1,0.0279,0.136,0.000002,0.124,0.529,107.529,185440,4
01ICFoBoco3TaM5r3HthXy,Master Of Puppets,Metallica,73,rock,0.539,0.828,4,-9.11,0,0.0361,0.000721,0.438,0.198,0.587,105.303,447053,4
2pAiDdzQru1mPgPBptneod,Summer Of Love,U2,64,rock,0.728,0.419,4,-8.554,0,0.0314,0.101,0.000005,0.0989,0.699,120.001,204067,4
7x8dCjCr0x6x2lXKujYD34,The Pretender,Foo Fighters,78,rock,0.433,0.959,9,-4.04,1,0.0431,0.000917,0,0.028,0.365,172.984,269373,4
1G391cbiT3v3Cywg8T7DM1,Scar Tissue,Red Hot Chili Peppers,77,rock,0.595,0.717,0,-4.803,1,0.0295,0.0779,0.00274,0.108,0.547,88.969,215907,4
77NNZQSqzLNqh2A9JhLRkg,Don't Stop Believin',Journey,79,rock,0.491,0.802,4,-7.106,1,0.0392,0.25,0,0.381,0.472,119.25,248907,4
1FTSo4v6BOZH9QxKc3MbVM,Song 2 - 2012 Remastered Version,Blur,77,rock,0.674,0.789,8,-6.903,1,0.0676,0.00178,0.0071,0.0754,0.918,129.804,121160,4
1XKopm6Ka62xxgI3xIjcRJ,The Diary Of Jane,Breaking Benjamin,68,rock,0.395,0.959,10,-4.409,0,0.0632,0.000062,0.0447,0.102,0.319,167.093,200549,4
4MFCXniy7I8tj0GXtf3wgC,Adventure Of A Lifetime,Coldplay,65,rock,0.638,0.924,7,-3.887,1,0.0359,0.00205,0.000173,0.149,0.529,111.995,263787,4
3K4HG9evC7dg3N0R9cYqk4,One Step Closer,Linkin Park,75,rock,0.492,0.969,9,-4.419,1,0.0491,0.0014,0.000001,0.0787,0.538,95.136,157333,4
6f49kbOuQSOsStBpyGvQfA,A Head Full Of Dreams,Coldplay,72,rock,0.45,0.92,11,-4.982,1,0.0733,0.002,0.0201,0.334,0.0773,122.979,223773,4
2U8g9wVcUu9wsg6i7sFSv8,Every Teardrop Is a Waterfall,Coldplay,71,rock,0.425,0.733,9,-6.883,1,0.0396,0.00193,0.00922,0.171,0.313,117.985,240796,4
7nzsY8vlnKdvGOEE0rjAXZ,Arabella,Arctic Monkeys,73,rock,0.579,0.558,2,-6.986,1,0.0895,0.0202,0.000001,0.212,0.506,179.949,207357,4
269OfNY9Je1QWaDnu31KKp,Wild World,Yusuf / Cat Stevens,71,rock,0.484,0.508,0,-9.308,1,0.0364,0.376,0.000791,0.0961,0.554,151.867,200173,4
5n6RDaGFSN88oRWuGtYAIN,The Show Must Go On - Remastered 2011,Queen,67,rock,0.426,0.687,11,-6.926,0,0.0329,0.409,0,0.112,0.189,84.141,277827,4
5Q6BEkgHxYuEJmHidFLy9L,Hole In Your Heart,Royal Blood,67,rock,0.596,0.811,1,-5.501,0,0.0587,0.00458,0.000016,0.0971,0.475,100.032,226093,4
7nAfXgeHfDO50upcOjJOaq,Talking to Myself,Linkin Park,73,rock,0.593,0.712,2,-6.325,0,0.0286,0.00184,0,0.128,0.473,124.013,231307,4
4OaV9UYQ3EfrBRPjoO6u7c,Heart-Shaped Box,Nirvana,72,rock,0.493,0.66,1,-10.198,1,0.0457,0.188,0.0298,0.094,0.307,100.977,281160,4
3XKIUb7HzIF1Vu9usunMzc,Maria Maria - Radio Mix,Santana,71,rock,0.777,0.601,2,-5.931,1,0.126,0.0406,0.00201,0.0348,0.68,97.911,261973,4
0c4IEciLCDdXEhhKxj4ThA,Madness,Muse,72,rock,0.502,0.417,10,-7.665,1,0.0718,0.127,0.00419,0.106,0.218,180.301,281040,4
2Y0iGXY6m6immVb2ktbseM,Little Dark Age,MGMT,67,rock,0.705,0.712,6,-6.156,1,0.0385,0.0102,0.000855,0.1,0.62,97.512,299960,4
2udGjDmpK1dH9VGyw7nrei,Cocaine,Eric Clapton,72,rock,0.706,0.497,9,-12.429,1,0.0273,0.06,0.0204,0.31,0.743,105.283,221640,4
5j6ZZwA9BnxZi5Bk0Ng4jB,Heroes - 1999 Remastered Version,David Bowie,75,rock,0.478,0.774,7,-6.977,1,0.0292,0.000265,0.5175,0.191,0.429,112.577,370373,4
20d716Zgi9dRE2g7wnhMqt,Happy Hour,Weezer,59,rock,0.641,0.889,1,-4.302,1,0.028,0.000283,0.000723,0.288,0.738,99.012,177280,4
4tyl9OMKMG8F2L0RUYQMH3,Walk Of Life,Dire Straits,72,rock,0.461,0.918,4,-8.507,1,0.0959,0.405,0.00033,0.126,0.802,172.435,249960,4
5UWwZ5lm5PKu6eKsHAGxOk,Everlong,Foo Fighters,79,rock,0.412,0.882,11,-5.54,0,0.0369,0.00006,0.00031,0.0805,0.356,158.066,250547,4
3lPr8ghNDBLc2uZovNyLs9,Supermassive Black Hole,Muse,73,rock,0.668,0.921,7,-3.727,1,0.0439,0.0492,0.00517,0.0877,0.782,120,212440,4
3bN4tg6rnNPy9GCkGhym4T,Message In A Bottle - Remastered 2003,The Police,70,rock,0.577,0.808,1,-7.04,0,0.039,0.0338,0.000013,0.221,0.869,151.008,290280,4
0NWPxcsf5vdjdiFUI8NgkP,Hey Joe,Jimi Hendrix,72,rock,0.346,0.768,9,-5.695,1,0.0377,0.00603,0.38,0.0244,0.532,169.492,210160,4
3SnLRfOzUGCJSYtFtQ8qHY,American Soul,U2,64,rock,0.58,0.809,4,-7.763,0,0.0547,0.0357,0.000034,0.312,0.418,130.021,261733,4
310epXrlbXmfGcD1qSdgVV,Born In The U.S.A.,Bruce Springsteen,63,rock,0.397,0.861,4,-12.156,1,0.0569,0.00201,0.000025,0.35,0.512,121.856,278827,4
2Gy7qnDwt8Z3MNxqat4CsK,Wouldn't It Be Nice - 2000 - Remaster,The Beach Boys,74,rock,0.392,0.629,5,-7.056,1,0.0335,0.718,0.000004,0.129,0.72,124.511,153240,4
72Z17vmmeQKAg8bptWvpVG,Space Oddity - 2015 Remastered Version,David Bowie,73,rock,0.299,0.443,0,-12.621,1,0.0346,0.0748,0.000138,0.177,0.434,139.539,318813,4
4qO03RMQm88DdpTJcxlglY,Call Me,Blondie,64,rock,0.56,0.825,2,-6.711,0,0.0347,0.000785,0.00246,0.0892,0.74,142.669,212600,4
0t4z0WaQomQqPONghWn8c2,Me and Michael,MGMT,68,rock,0.628,0.841,9,-4.583,1,0.0268,0.0285,0.00332,0.254,0.706,111.985,289853,4
0pKerL8YFmtKqzcObIQy9T,You’re The Best Thing About Me - U2 Vs. Kygo,U2,63,rock,0.775,0.61,2,-7.743,1,0.0835,0.0064,0,0.0738,0.737,117.041,256493,4
2d4e45fmUnguxh6yqC7gNT,Dirty Deeds Done Dirt Cheap,AC/DC,74,rock,0.668,0.906,11,-4.881,0,0.17,0.214,0.00229,0.135,0.507,135.653,231933,4
3XOKU8CKSiQsuQHD5vhzo5,She Works Out Too Much,MGMT,67,rock,0.633,0.919,5,-6.208,0,0.0343,0.00596,0.273,0.381,0.805,147.97,278387,4
41pOIT2t1rvr2Trg1HQChZ,Radio/Video,System Of A Down,69,rock,0.361,0.921,6,-2.468,0,0.0717,0.173,0.000007,0.358,0.466,139.259,249227,4
78TnMTAFmWUWWCgNXR7D3K,Listen To Your Heart,Roxette,71,rock,0.539,0.583,1,-4.935,0,0.0275,0.108,0,0.111,0.337,86.063,328093,4
26D1PRJjD9Jj1JGRk88KVc,Lithium,Nirvana,71,rock,0.676,0.671,7,-6.308,1,0.0386,0.00182,0,0.0671,0.417,123.223,257053,4
3td69vL9Py7Ai9wfXYnvji,When You Die,MGMT,66,rock,0.645,0.938,11,-4.557,0,0.0391,0.0946,0.0226,0.159,0.495,140.886,263880,4
5R3VPUyabw6xw3CyAfIbqV,Under Pressure - Remastered 2011,Queen,52,rock,0.667,0.713,2,-7.253,1,0.0462,0.521,0,0.0734,0.526,113.521,236507,4
2tbdjsdJ9xtyunKnZBkGxF,Father And Son,Yusuf / Cat Stevens,72,rock,0.497,0.343,7,-11.482,1,0.0369,0.615,0.000031,0.099,0.407,136.118,221000,4
4GHF75LwRT2Hsv9z3ZXpM8,Johnny B. Goode,Chuck Berry,57,rock,0.533,0.871,10,-6.085,1,0.0656,0.759,0.000186,0.337,0.97,167.841,159427,4
383QXk8nb2YrARMUwDdjQS,Psycho,Muse,72,rock,0.555,0.883,2,-3.426,1,0.0341,0.00114,0.041,0.381,0.507,125.02,316718,4
7oVEtyuv9NBmnytsCIsY5I,BURN IT DOWN,Linkin Park,73,rock,0.585,0.972,9,-4.45,0,0.0534,0.0143,0,0.0707,0.585,110.006,230253,4
2takcwOaAZWiXQijPHIx7B,Time Is Running Out,Muse,69,rock,0.585,0.842,9,-5.883,0,0.0556,0.00242,0.00686,0.0866,0.428,118.211,237040,4
2KH16WveTQWT6KOG9Rg6e2,Eye of the Tiger,Survivor,77,rock,0.817,0.599,0,-9.249,0,0.0328,0.132,0.000311,0.0873,0.548,108.873,245640,4
2C0KFbb4v9CNWR5c9jWcKC,Andromeda (feat. DRAM),Gorillaz,70,rock,0.788,0.472,0,-9.021,1,0.0475,0.003,0.0322,0.381,0.257,130.084,197547,4
2bBMODHVTXGwE2aZYfbgCt,Ascension (feat. Vince Staples),Gorillaz,68,rock,0.676,0.905,1,-2.569,1,0.147,0.594,0,0.154,0.519,152.186,155973,4
0c1gHntWjKD7QShC8s99sq,"I Don't Want to Miss a Thing - From the Touchstone film, ""Armageddon""",Aerosmith,76,rock,0.39,0.649,2,-5.163,1,0.0345,0.172,0,0.216,0.144,121.16,299760,4
1t18idTmPA3sWLxYUWwesw,Paper Cages,Franz Ferdinand,64,rock,0.522,0.725,5,-4.856,1,0.169,0.0119,0,0.332,0.747,200.365,220827,4
2YEL7oERMj7nAJGjoAV9Hs,You Never Can Tell,Chuck Berry,65,rock,0.526,0.852,7,-9.519,1,0.222,0.731,0.000051,0.241,0.884,157.403,161500,4
7xEFNXSSRYHP179ew8L9RM,KILL4ME,Marilyn Manson,65,rock,0.635,0.692,11,-6.109,0,0.0355,0.00247,0.000004,0.381,0.339,107.997,239240,4
51T1wGHtx6hXW89UCzw1Rc,Pretty Fly (For A White Guy),The Offspring,71,rock,0.722,0.895,11,-3.684,0,0.118,0.101,0.000001,0.0695,0.963,143.383,188667,4
2UjLzxf4oYjHOVOBoVojlL,Champagne Supernova,Oasis,66,rock,0.301,0.853,2,-2.264,1,0.0369,0.208,0.00328,0.354,0.112,150.423,447053,4
0vLwL4xuJ3s7SeaCdvMqkY,Call Me,Blondie,65,rock,0.551,0.628,2,-13.799,1,0.036,0.0336,0.000194,0.151,0.777,142.167,212893,4
43rJQjd6zfyTP58TNI9JAi,TSLAMP,MGMT,66,rock,0.602,0.879,9,-5.283,0,0.0994,0.22,0.000236,0.107,0.733,174.11,270013,4
0It6VJoMAare1zdV2wxqZq,Undisclosed Desires,Muse,68,rock,0.683,0.585,8,-6.76,1,0.0323,0.00819,0.0162,0.0797,0.641,115.997,235000,4
3v9xlH6BpmRbqL7hgNJhfT,I Get Around (Mono),The Beach Boys,65,rock,0.39,0.625,9,-7.813,0,0.0537,0.36,0,0.0663,0.514,144.338,134387,4
48psxWnIVYCPUZJKiuDiEf,The Man Who Sold The World,Nirvana,69,rock,0.468,0.773,1,-8.93,0,0.0942,0.432,0.000132,0.275,0.4,114.773,260947,4
1ibXPHlgwayYg2p3Fjda5g,Sunday Morning,The Velvet Underground,62,rock,0.495,0.413,10,-13.116,0,0.0284,0.108,0.00227,0.0787,0.547,105.769,175813,4
225xvV8r1yKMHErSWivnow,I Don't Want to Miss a Thing,Aerosmith,78,rock,0.383,0.662,2,-5.162,1,0.0333,0.165,0,0.248,0.138,121.154,298760,4
4TmGtGkkmaoXRCvpOwDJoO,It's My Life,Bon Jovi,64,rock,0.546,0.931,0,-3.025,0,0.0507,0.0295,0.000017,0.366,0.527,120.01,224600,4
63CHa6rmamv9OsehkRD8oz,Against All Odds (Take A Look At Me Now) - 2016 Remastered,Phil Collins,71,rock,0.58,0.498,1,-6.901,1,0.0277,0.198,0,0.132,0.111,116.271,206360,4
1Eolhana7nKHYpcYpdVcT5,Little Wing,Jimi Hendrix,72,rock,0.515,0.534,6,-8.045,1,0.0768,0.181,0.00278,0.0547,0.426,70.776,145747,4
7EmSPZ9f1AiLR9eVHNSI62,Brothers In Arms,Dire Straits,69,rock,0.413,0.296,8,-13.904,0,0.0277,0.531,0.5175,0.183,0.144,79.273,424000,4
0ofHAoxe9vBkTCp2UQIavz,Dreams - 2004 Remastered Edition,Fleetwood Mac,78,rock,0.828,0.492,0,-9.744,1,0.0276,0.0644,0.00428,0.128,0.789,120.151,257800,4
0pQskrTITgmCMyr85tb9qq,Starman - 2012 Remastered Version,David Bowie,74,rock,0.475,0.459,5,-10.261,1,0.0267,0.149,0.000001,0.381,0.537,100.113,254295,4
0iOZM63lendWRTTeKhZBSC,Mrs. Robinson,Simon & Garfunkel,75,rock,0.606,0.457,6,-14.035,0,0.0497,0.713,0.000025,0.0747,0.813,92.033,244027,4
5LOaKdW9D2Gl9neAN94NbR,Somewhere Only We Know,Keane,73,rock,0.445,0.59,9,-6.747,1,0.0258,0.0575,0.000011,0.0832,0.334,172.016,237547,4
373zqV0VLz9mnrSaY9kaiX,Isn't She Lovely,Stevie Wonder,65,rock,0.481,0.826,1,-6.974,0,0.0851,0.182,0.00352,0.324,0.819,118.679,394267,4
0uppYCG86ajpV2hSR3dJJ0,Give It Away,Red Hot Chili Peppers,74,rock,0.666,0.936,7,-9.919,1,0.0476,0.00244,0.086,0.153,0.776,91.577,282907,4
77wm0pMH1wLe2VnBcIEU2r,Run For Cover,The Killers,71,rock,0.464,0.955,10,-3.301,1,0.124,0.00148,0.00212,0.355,0.471,165.13,222147,4
2fppzoEYUXdfv1AhjXhW8P,The Little Things That Give You Away,U2,61,rock,0.52,0.443,1,-10.646,1,0.0359,0.0876,0.000024,0.0723,0.359,137.928,295427,4
1r1fPuhj9H4VdXr7OK6FL5,CASTLE OF GLASS,Linkin Park,72,rock,0.615,0.911,1,-3.584,0,0.0278,0.0686,0.00188,0.0908,0.685,108,205400,4
0BAjUM6V9P9g8rK83hVUTJ,The Unforgiven,Metallica,73,rock,0.54,0.584,7,-9.579,1,0.0254,0.0108,0.00296,0.253,0.244,139.261,386493,4
56KqaFSGTb7ifpt16t5Y1N,Rock the Casbah - Remastered,The Clash,73,rock,0.796,0.872,9,-6.722,0,0.0573,0.287,0,0.284,0.866,129.894,222427,4
5VGlqQANWDKJFl0MBG3sg2,Use Somebody,Kings of Leon,78,rock,0.276,0.715,0,-5.356,1,0.0432,0.00552,0.000417,0.201,0.173,137.028,230760,4
64yrDBpcdwEdNY9loyEGbX,21 Guns,Green Day,77,rock,0.268,0.742,5,-4.939,1,0.0355,0.0518,0,0.381,0.416,159.779,321093,4
6wqJeItl3Vc3az4ZicSQAB,Before I Forget,Slipknot,75,rock,0.291,0.974,6,-2.997,0,0.171,0.0177,0.000005,0.381,0.348,134.724,278600,4
0GrHWVTDsaWcD4nrCGr7VE,Lost In Hollywood,System Of A Down,68,rock,0.295,0.797,8,-3.193,0,0.0301,0.598,0.000427,0.125,0.107,150.301,320693,4
27jdUE1EYDSXZqhjuNxLem,Magic,Coldplay,68,rock,0.738,0.483,6,-8.915,0,0.0403,0.0262,0.5175,0.106,0.355,93.458,285014,4
3FQCJI2t5LTbsRPfYVBSVB,Battle Symphony,Linkin Park,72,rock,0.653,0.839,10,-5.077,1,0.0685,0.0369,0,0.068,0.669,149.034,216281,4
6BQNJ0JFKh8sWjQLI6Zudi,Change The World,Eric Clapton,66,rock,0.721,0.558,9,-8.8,1,0.0246,0.492,0.00563,0.113,0.542,96.887,234867,4
249Z7XT6mf8B2zuI0RaeS0,Violent Pornography,System Of A Down,69,rock,0.458,0.958,6,-2.331,1,0.0854,0.0279,0,0.108,0.589,142.706,211333,4
3ZffCQKLFLUvYM59XKLbVm,Wake Me Up When September Ends,Green Day,79,rock,0.546,0.814,7,-5.146,1,0.0314,0.023,0,0.0972,0.146,104.98,285653,4
6NxsCnLeLd8Ai1TrgGxzIx,Bad Moon Rising,Creedence Clearwater Revival,73,rock,0.647,0.762,2,-5.856,1,0.0287,0.0599,0.000003,0.0705,0.93,89.837,141600,4
5XeFesFbtLpXzIVDNQP22n,I Wanna Be Yours,Arctic Monkeys,72,rock,0.464,0.417,0,-9.345,0,0.0256,0.136,0.022,0.0974,0.479,67.528,183956,4
1by2yZWXqeTs4SRlBDsGov,Always Ascending,Franz Ferdinand,61,rock,0.442,0.92,7,-4.688,1,0.107,0.00196,0.000004,0.11,0.255,112.585,321413,4
54hdBH6z6hMBUpC9fAMs3s,James,MGMT,64,rock,0.515,0.898,8,-6.682,1,0.0291,0.123,0.38,0.199,0.778,113.983,232173,4
5PK1JCSdr34gWgzYHgt3Jq,Feeling Good,Muse,65,rock,0.345,0.418,7,-7.787,0,0.0316,0.299,0.000017,0.103,0.267,109.044,198800,3
3fjmSxt0PskST13CSdBUFx,Somewhere I Belong,Linkin Park,69,rock,0.451,0.951,1,-3.754,1,0.0645,0.00038,0.000002,0.261,0.442,162.065,213933,4
2kk3SLC5l5ZOIH8XX8OulY,Lights Of Home,U2,62,rock,0.614,0.7,2,-7.119,0,0.0329,0.0748,0,0.169,0.458,145.942,256893,4
650OeHTLxZAQmb4aEbGmaA,Good Goodbye (feat. Pusha T and Stormzy),Linkin Park,72,rock,0.697,0.84,9,-4.602,0,0.054,0.106,0,0.381,0.452,128.034,211413,4
1f2V8U1BiWaC9aJWmpOARe,By The Way,Red Hot Chili Peppers,73,rock,0.451,0.97,0,-4.938,1,0.107,0.0264,0.00355,0.102,0.198,122.444,216933,4
22tceep2vzeOKKX1jIjiLi,I Still Haven't Found What I'm Looking For,U2,66,rock,0.565,0.786,1,-9.377,1,0.0371,0.0181,0.00226,0.0829,0.627,100.861,277477,4
1QEEqeFIZktqIpPI4jSVSF,More Than a Feeling,Boston,79,rock,0.377,0.682,7,-8.039,1,0.0299,0.000894,0.00217,0.0504,0.288,108.736,285133,4
7kzKAuUzOITUauHAhoMoxA,Last Nite,The Strokes,73,rock,0.624,0.91,0,-5.703,1,0.0297,0.0285,0.000198,0.0789,0.767,104.042,193051,4
0kUBk3PnCat4oPvTlNsStp,One,Metallica,72,rock,0.437,0.695,7,-9.447,1,0.0617,0.00111,0.0857,0.124,0.413,102.178,447053,3
2bfGNzdiRa1jXZRdfssSzR,Dirty Harry,Gorillaz,68,rock,0.625,0.877,10,-7.176,0,0.162,0.0315,0.0811,0.381,0.865,192.296,230426,4
3twNvmDtFQtAd5gMKedhLD,Somebody Told Me,The Killers,75,rock,0.502,0.972,10,-3.96,0,0.0793,0.000068,0.000702,0.0627,0.729,138.019,197280,4
2tyW1uBUnYMKAFEfKDKi9B,Livin' On A Prayer,Bon Jovi,76,rock,0.559,0.687,0,-10.912,1,0.0311,0.0591,0.000036,0.0896,0.854,122.666,250307,4
3HRQtRUYnnuZY7fE900XtJ,Don't Stop Believin',Journey,74,rock,0.495,0.781,4,-8.109,1,0.0413,0.254,0,0.381,0.473,119.206,248200,4
7zE4YHQa4c2XqcKfBKvQgD,Lazy Boy,Franz Ferdinand,60,rock,0.61,0.853,0,-6.008,1,0.184,0.0157,0.00004,0.182,0.601,118.283,179520,4
7xyYsOvq5Ec3P4fr6mM9fD,Hysteria,Muse,69,rock,0.412,0.92,9,-4.852,0,0.0575,0.000456,0.0026,0.11,0.455,93.162,227440,4
3vCHmbyOgc6pgwLUWfU4pF,Somebody To Love - Remastered 2011,Queen,70,rock,0.461,0.69,8,-6.958,1,0.0611,0.169,0.000001,0.113,0.353,110.915,296480,3
07GvNcU1WdyZJq3XxP0kZa,Go Your Own Way - 2004 Remastered Edition,Fleetwood Mac,75,rock,0.583,0.947,5,-5.12,1,0.0378,0.0185,0.00109,0.0679,0.803,135.448,223613,4
3DQVgcqaP3iSMbaKsd57l5,I Bet You Look Good On The Dancefloor,Arctic Monkeys,74,rock,0.535,0.948,6,-4.19,0,0.0356,0.00225,0,0.376,0.778,103.183,173680,4
0TI8TP4FitVPoEHPTySx48,Iron Man - 2009 Remastered Version,Black Sabbath,72,rock,0.336,0.795,6,-10.845,0,0.0897,0.00361,0.00143,0.0621,0.417,155.271,353613,4
1jH2IzZ7JnixFoGG6XSnpf,Rollin' (Air Raid Vehicle),Limp Bizkit,72,rock,0.604,0.931,9,-3.326,1,0.175,0.00516,0,0.271,0.682,96.249,213760,4
6ORqU0bHbVCRjXm9AjyHyZ,Good Riddance (Time of Your Life),Green Day,78,rock,0.475,0.432,7,-7.844,1,0.0302,0.183,0,0.161,0.648,94.605,153467,4
2JO3HwMRPeya8bXbtbyPcf,Love Will Tear Us Apart,Joy Division,72,rock,0.443,0.956,2,-6.198,1,0.0511,0.000052,0.5175,0.135,0.909,146.754,206867,4
7nemcVsXVFZF01iqpIIo2Y,It's a Long Way to the Top (If You Wanna Rock 'N' Roll),AC/DC,71,rock,0.456,0.863,3,-3.551,1,0.0894,0.133,0.0545,0.0553,0.532,135.966,301227,4
18GiV1BaXzPVYpp9rmOg0E,Blowin' In the Wind,Bob Dylan,68,rock,0.38,0.0993,2,-20.567,1,0.0509,0.914,0.000023,0.0605,0.44,174.874,165427,4
52pWggDlN5mVeX111i06PP,One Thing Left to Try,MGMT,63,rock,0.576,0.94,8,-4.541,1,0.0445,0.00678,0.00066,0.308,0.667,128.017,260347,4
6W3dke02Sr5Xi7nUVDOSdZ,Red Flag Day,U2,62,rock,0.633,0.736,10,-6.846,1,0.0355,0.0124,0,0.0382,0.632,150.042,199707,4
4JNi40t7xR5bO3PWxRkiPN,Free Bird,Lynyrd Skynyrd,71,rock,0.279,0.852,7,-7.838,1,0.0511,0.0119,0.076,0.0624,0.438,117.418,447053,4
5jafMI8FLibnjkYTZ33m0c,High And Dry,Radiohead,73,rock,0.418,0.383,4,-11.782,1,0.0257,0.0718,0.0177,0.0896,0.352,87.773,257480,4
1cTrWlx7OSaJf3pLpiYRRR,Kozmic Blues,Janis Joplin,60,rock,0.335,0.625,7,-8.206,1,0.0472,0.712,0.322,0.381,0.499,178.406,261875,3
0ZEhlT9v8CdOKu55zhYGv9,Don't Cry (Original),Guns N' Roses,70,rock,0.437,0.572,8,-8.648,0,0.0339,0.00191,0.00243,0.116,0.239,124.172,284800,4
1jq28NGw6wdtFKx8MBPy6C,Burn It To The Ground,Nickelback,73,rock,0.617,0.922,11,-3.474,1,0.0744,0.000247,0.388,0.363,0.6,132.059,212347,4
1Vej0qeQ3ioKwpI6FUbRv1,Papercut,Linkin Park,74,rock,0.524,0.939,9,-3.994,1,0.113,0.00022,0,0.381,0.661,150.184,184867,4
4GKk1uNzpxIptBuaY97Dkj,Midnight,Coldplay,68,rock,0.548,0.475,1,-12.42,1,0.0355,0.615,0.5175,0.0944,0.0349,126.976,294667,4
0Pq0pa6k5m7D3mUG1nFQwi,Bad Blood,Ryan Adams,54,rock,0.397,0.619,11,-7.029,1,0.0361,0.002,0.0451,0.241,0.427,161.853,235120,4
1gBGDhwhekrKYy7gqULf0t,Howlin' For You,The Black Keys,65,rock,0.708,0.737,11,-6.665,0,0.0943,0.0299,0.0804,0.101,0.476,132.612,191800,4
5ztQHTm1YQqcTkQmgDEU4n,Mamma Mia,ABBA,67,rock,0.748,0.771,2,-7.01,1,0.0318,0.28,0.000333,0.381,0.782,137.543,215110,4
5y788ya4NvwhBznoDIcXwK,The Sounds of Silence - Acoustic Version,Simon & Garfunkel,67,rock,0.525,0.216,6,-13.551,1,0.0301,0.837,0,0.107,0.328,106.761,185413,4
3HWDWyIqWuLsTHECx9DvXF,Birds,Coldplay,69,rock,0.559,0.841,0,-5.584,1,0.0334,0.000315,0.45,0.0816,0.15,105.009,229093,4
4TOMI010Sd4ZAX4aZ5TS85,Perfect Day,Lou Reed,69,rock,0.4,0.267,10,-12.488,1,0.0323,0.744,0.00734,0.103,0.0872,144.799,225000,3
172u95XX2JxIfBZi1v0vKN,Banquet,Bloc Party,66,rock,0.576,0.935,10,-4.911,0,0.051,0.00013,0.017,0.0828,0.875,150.227,201360,4
6mib3N4E8PZHAGQ3xy7bho,Moonage Daydream - 2012 Remastered Version,David Bowie,71,rock,0.561,0.601,11,-11.209,0,0.0348,0.0407,0.000147,0.0585,0.752,144.477,279693,4
0wJoRiX5K5BxlqZTolB2LD,Purple Haze,Jimi Hendrix,72,rock,0.533,0.905,2,-5.27,1,0.0754,0.00876,0.5175,0.0698,0.486,108.9,170813,4
3G7tRC24Uh09Hmp1KZ7LQ2,I'm a Believer,The Monkees,72,rock,0.526,0.775,0,-6.05,1,0.0352,0.707,0.000021,0.217,0.962,80.106,167373,4
4iG2gAwKXsOcijVaVXzRPW,Time to Pretend,MGMT,73,rock,0.438,0.94,2,-3.249,1,0.0452,0.000087,0.0777,0.3,0.421,100.99,261000,3
6pxWv6GV35VGmcPf5dh6CH,Proud Mary,Creedence Clearwater Revival,68,rock,0.699,0.641,2,-7.564,1,0.0289,0.13,0.000218,0.0601,0.728,120.745,187213,4
6EPRKhUOdiFSQwGBRBbvsZ,Ace of Spades,Motörhead,74,rock,0.317,0.981,6,-7.102,1,0.174,0.00242,0.00677,0.0852,0.234,140.079,165907,4
4j6rSruR2yQO6dOkf0OXbU,School,Supertramp,61,rock,0.429,0.482,4,-14.495,0,0.0782,0.544,0.0484,0.0649,0.0537,91.054,335286,4
6xdLJrVj4vIXwhuG8TMopk,Crazy Little Thing Called Love - Remastered 2011,Queen,70,rock,0.599,0.761,0,-6.887,1,0.0421,0.713,0.000005,0.349,0.712,77.015,163373,4
4feXJ5IC3avXsVW9WNFSag,Rock N Roll Train,AC/DC,68,rock,0.547,0.931,2,-2.356,1,0.0615,0.000998,0.0118,0.278,0.697,118.4,261507,4
4UEo1b0wWrtHMC8bVqPiH8,Nightmare,Avenged Sevenfold,73,rock,0.554,0.949,2,-4.928,1,0.0787,0.000318,0.0001,0.2,0.233,129.984,374453,4
3X7abqSXC4xrxuC1ykpWcY,Livin' On A Prayer,Bon Jovi,64,rock,0.522,0.882,0,-3.216,1,0.0359,0.0599,0.00021,0.33,0.815,122.541,250627,4
6i56nPbOOe3hEeUku2Wnpx,Love Is Bigger Than Anything In Its Way,U2,62,rock,0.486,0.624,4,-8.919,1,0.0266,0.062,0.000286,0.0775,0.131,88.959,240600,4
0fokoG1PTmfQr6HrBoKzo1,When You're Small,MGMT,62,rock,0.465,0.465,2,-7.792,1,0.0276,0.612,0.00639,0.223,0.242,140.001,210880,4
5kBZR12AntJUTo9UeAsKqP,The Winner Takes It All,ABBA,67,rock,0.458,0.794,6,-6.751,1,0.0376,0.541,0.00105,0.101,0.505,126.951,294720,4
0NdTUS4UiNYCNn5FgVqKQY,Snap Out Of It,Arctic Monkeys,73,rock,0.728,0.638,5,-6.455,0,0.0336,0.249,0,0.116,0.872,130.014,193030,4
3FtYbEfBqAlGO46NUDQSAt,Electric Feel,MGMT,77,rock,0.763,0.807,1,-3.714,1,0.035,0.0714,0.28,0.348,0.559,103.038,229640,3
4zayzMR8cSem2Wo85qYyzi,Me and Michael,MGMT,60,rock,0.629,0.841,9,-4.59,1,0.0267,0.0274,0.0025,0.255,0.7,111.986,288840,4
40dJCw4xU6Bd5ie9rfagNo,Everybody Wants To Rule The World,Tears For Fears,75,rock,0.637,0.811,7,-11.345,1,0.0583,0.363,0.00451,0.107,0.552,112.053,251480,4
4vpeKl0vMGdAXpZiQB2Dtd,White Rabbit,Jefferson Airplane,72,rock,0.551,0.293,2,-12.503,1,0.0272,0.486,0.000273,0.0864,0.322,106.798,150640,4
1s2oewEkFG9eF9Mq7MyvCV,Hand It Over,MGMT,62,rock,0.378,0.614,1,-8.941,0,0.0387,0.706,0.00766,0.129,0.481,175.926,253360,4
0a4agFmqHXxcZl1nho1BxM,Heart Of Glass,Blondie,70,rock,0.694,0.577,4,-14.63,1,0.0308,0.015,0.00836,0.0853,0.845,114.478,275733,4
1e0hllQ23AG0QGFgezgLOq,Yesterday - Remastered,The Beatles,70,rock,0.332,0.179,5,-11.83,1,0.0326,0.879,0,0.0886,0.315,96.529,125667,4
0w4ZwKHHEkXtvHMNUjFPdB,Crawling - One More Light Live,Linkin Park,66,rock,0.289,0.303,1,-12.032,1,0.0382,0.832,0,0.381,0.208,146.651,209493,1
5e9TFTbltYBg2xThimr0rU,The Chain - 2004 Remastered Edition,Fleetwood Mac,78,rock,0.545,0.67,9,-8.81,1,0.0496,0.009,0.000822,0.0451,0.481,151.553,270213,4
4uGIJG1jYFonGc4LGp5uQL,Somebody to Love,Jefferson Airplane,69,rock,0.504,0.578,4,-9.302,1,0.031,0.408,0,0.321,0.654,132.411,174840,4
5xC8uOesnn0udeXAYlAnoY,Alright,Supergrass,71,rock,0.467,0.958,4,-4.808,0,0.0775,0.000479,0.199,0.299,0.701,145.92,180880,4
2nvC4i2aMo4CzRjRflysah,In My Place,Coldplay,71,rock,0.425,0.587,9,-5.453,1,0.0278,0.0565,0.000005,0.298,0.194,144.642,226680,4
4J4gApJKSC0himDViFotdy,While My Guitar Gently Weeps - Remastered,The Beatles,68,rock,0.453,0.654,4,-8.855,0,0.0317,0.0205,0.00395,0.172,0.702,115,285000,4
3x2GC8ebjIpE3iCZmDjFFs,Finally,Franz Ferdinand,59,rock,0.623,0.822,7,-4.93,1,0.0313,0.000163,0,0.381,0.314,110.774,189907,4
20CNpCKq1oTdvekXaboyeq,Friday I'm In Love,The Cure,72,rock,0.526,0.763,0,-12.663,0,0.0341,0.00126,0.000068,0.359,0.514,136.205,215160,4
3G5rvrmiLhJ2rDVOxfK3zl,Entre Deux Mondes,Phil Collins,43,rock,0.658,0.666,1,-11.059,1,0.0681,0.181,0.003,0.035,0.419,109.97,200187,4
2EC9IJj7g0mN1Q5VrZkiYY,Rebel Rebel - 2016 Remastered Version,David Bowie,73,rock,0.635,0.686,9,-15.648,1,0.053,0.209,0.0176,0.282,0.464,125.988,274747,4
39qYD4J4BKvZMQgxfXl5bv,Eye In The Sky,The Alan Parsons Project,66,rock,0.823,0.417,2,-12.643,1,0.032,0.562,0.00098,0.0765,0.522,111.928,276280,4
6GUdy8ZrOdnBBLrxTU0mA5,When You Die,MGMT,69,rock,0.645,0.938,11,-4.557,0,0.0391,0.0946,0.0226,0.159,0.495,140.886,263880,4
2gscB6kDOmrv1P6qs2KXE3,Wait And Bleed,Slipknot,71,rock,0.382,0.996,7,-4.119,1,0.104,0.00208,0,0.381,0.327,93.345,147840,4
0QwZfbw26QeUoIy82Z2jYp,Good Times Bad Times,Led Zeppelin,72,rock,0.476,0.717,9,-9.192,1,0.0949,0.0382,0.000076,0.0818,0.753,93.584,166267,4
2pxAohyJptQWTQ5ZRWYijN,The Trooper - 1998 Remastered Version,Iron Maiden,71,rock,0.286,0.856,4,-6.777,0,0.0585,0.0238,0.0542,0.381,0.696,162.12,250973,4
1uAijvF18ShAjV3TrPbZkB,The Blackout,U2,61,rock,0.625,0.53,9,-9.124,0,0.035,0.0399,0.00344,0.0877,0.256,120.045,285933,4
4A95W8Z7DGEFvD2j7pmtUB,You’re The Best Thing About Me - U2 Vs. Kygo,U2,60,rock,0.773,0.629,2,-7.247,1,0.0937,0.00544,0,0.0744,0.696,117.029,257676,4
1p1nO35bbi4ZlQgjIA4oa4,The Kill (Bury Me),Thirty Seconds To Mars,71,rock,0.309,0.912,4,-3.881,0,0.0646,0.0014,0.000271,0.381,0.302,183.035,231533,3
27wbXcZKmqNV85Iz0SIJpI,Highway Tune,Greta Van Fleet,63,rock,0.581,0.957,4,-2.989,1,0.0549,0.0114,0.157,0.271,0.517,123.972,180640,4
1KXrIYY9fvjI0wN4gc4BVN,Behind Blue Eyes,Limp Bizkit,70,rock,0.589,0.484,7,-6.622,1,0.0266,0.489,0,0.113,0.0927,120.258,269973,4
3MODES4TNtygekLl146Dxd,Ramble On,Led Zeppelin,73,rock,0.468,0.607,9,-11.367,1,0.0336,0.072,0.000852,0.225,0.886,98.429,263333,4
1jcPcDu2YawPfLhwjYnqK2,"Everybody's Talkin' - From ""Midnight Cowboy""",Harry Nilsson,61,rock,0.438,0.349,4,-15.569,1,0.038,0.338,0.000057,0.381,0.683,124.984,163587,4
0HLQBvIEEdJhdl8jd2Pt1E,I Just Called To Say I Love You - Single Version,Stevie Wonder,59,rock,0.742,0.542,1,-9.147,1,0.0235,0.241,0.000004,0.0836,0.644,113.552,261773,4
4rBgm0zIGwwAhuUibPehy2,Send Me An Angel,Scorpions,65,rock,0.231,0.43,1,-11.601,1,0.0301,0.448,0.00141,0.229,0.155,104.668,273200,4
24NwBd5vZ2CK8VOQVnqdxr,Sweet Emotion,Aerosmith,74,rock,0.38,0.76,9,-10.961,1,0.0378,0.00298,0.0294,0.104,0.491,99.437,274133,4
1060gzllf4b0UETAXisR5l,Lights Out,Royal Blood,69,rock,0.264,0.886,0,-4.342,1,0.0662,0.000123,0.000211,0.0982,0.51,89.979,236557,4
52UWtKlYjZO3dHoRlWuz9S,Thunderstruck,AC/DC,69,rock,0.493,0.892,4,-5.601,1,0.0352,0.000128,0.0218,0.207,0.23,133.479,292413,4
0P0oXVckXBwxgzDtQ4jpuM,The Academy Award,Franz Ferdinand,58,rock,0.489,0.512,1,-7.842,1,0.0438,0.294,0.000002,0.182,0.126,119.499,254013,4
1it4H1DWwzacpa6lxedYs0,Hand It Over,MGMT,68,rock,0.378,0.614,1,-8.941,0,0.0387,0.706,0.00766,0.129,0.481,175.926,253360,4
5l91KHr9uF8wdSdtRoZba8,Wicked Game - Remastered,Chris Isaak,66,rock,0.664,0.553,9,-7.723,1,0.0264,0.743,0.00978,0.0838,0.287,112.52,286880,4
3dxiWIBVJRlqh9xk144rf4,Breaking The Habit,Linkin Park,67,rock,0.579,0.849,4,-5.218,0,0.0303,0.108,0,0.0909,0.581,100.021,196907,4
7clUVcSOtkNWa58Gw5RfD4,Speed Of Sound,Coldplay,70,rock,0.523,0.898,11,-6.765,0,0.0567,0.00491,0.0345,0.0746,0.355,123.085,287907,4
1ZA8L9IOkRhmmz4nPXXx7h,Hotel California - Remastered,Eagles,63,rock,0.579,0.508,2,-9.484,1,0.027,0.00574,0.000494,0.0575,0.609,147.125,391376,4
7JhTr0G0gr3ESY3B9uqPi4,Dig Down,Muse,68,rock,0.325,0.403,0,-7.462,1,0.0625,0.0638,0.000151,0.13,0.232,190.447,228575,3
7fJFDK6XjYsXcMKNHESbot,Fun (feat. Tove Lo),Coldplay,68,rock,0.484,0.735,0,-5.125,1,0.0354,0.271,0.000007,0.0853,0.217,134.028,267533,4
6LBfozDVA7crIeuaPAVVlE,You'll Be In My Heart,Phil Collins,74,rock,0.568,0.746,8,-6.582,1,0.0293,0.0549,0.000004,0.0966,0.626,96.626,258147,4
045sp2JToyTaaKyXkGejPy,Fake Plastic Trees,Radiohead,71,rock,0.454,0.229,2,-12.592,1,0.0297,0.167,0.102,0.202,0.134,73.552,290707,4
0C80GCp0mMuBzLf3EAXqxv,Shoot to Thrill,AC/DC,71,rock,0.457,0.904,2,-5.303,1,0.0747,0.000239,0.0879,0.381,0.48,141.038,317427,4
3CYHOTfPNoiW8DAIBuvMsh,Ordinary Love - Extraordinary Mix,U2,60,rock,0.621,0.619,11,-10.278,1,0.0305,0.0216,0.00004,0.071,0.363,124.995,227173,4
3upKeTIso3eNrfHBF5DwTl,Lois Lane,Franz Ferdinand,58,rock,0.694,0.486,0,-7.188,1,0.135,0.00288,0.00113,0.0779,0.656,128.813,214120,4
1kBzKgtm127gi8eSBpZEp1,Stand By Me,Oasis,62,rock,0.226,0.848,7,-2.62,1,0.0421,0.0145,0,0.152,0.372,170.009,356627,4
6XGddj522FQRHXEhBtjiJu,Strobelite (feat. Peven Everett),Gorillaz,66,rock,0.64,0.864,4,-4.909,0,0.0869,0.0409,0.000002,0.136,0.497,105.107,272667,4
1LbwMX3159t6QxG3u7DRWe,I Only Lie When I Love You,Royal Blood,70,rock,0.65,0.886,11,-4.821,1,0.0483,0.00111,0.000129,0.334,0.88,124.013,169720,4
3bYCGWnZdLQjndiKogqA3G,Summer Of '69,Bryan Adams,74,rock,0.507,0.843,2,-6.137,1,0.0379,0.0191,0,0.08,0.704,139.136,216053,4
5zA8vzDGqPl2AzZkEYQGKh,Uptown Girl,Billy Joel,74,rock,0.701,0.943,4,-2.986,1,0.0456,0.0747,0,0.381,0.791,128.992,197707,4
70tBw295bLL8B13Jg3SNUs,Charley's Girl,Lou Reed,56,rock,0.748,0.831,9,-6.583,1,0.0613,0.126,0.126,0.0483,0.848,86.781,159093,4
6HJujxcjMmVZhd8z5EpPri,Where Did You Sleep Last Night,Nirvana,66,rock,0.559,0.565,3,-8.534,1,0.0498,0.668,0.000315,0.272,0.344,108.241,308307,3
2a8pQLSuhloP8ywoy5Or5i,About A Girl,Nirvana,63,rock,0.614,0.768,3,-9.169,0,0.0756,0.152,0.00002,0.381,0.613,121.009,217199,4
0FMjqbY3aWo1QDbo3GwXib,Always In My Head,Coldplay,68,rock,0.499,0.502,5,-9.307,1,0.0254,0.0128,0.5175,0.068,0.0397,97.544,216627,3
5uvosCdMlFdTXhoazkTI5R,Light My Fire,The Doors,72,rock,0.413,0.725,3,-5.787,0,0.0324,0.369,0.000022,0.0905,0.44,124.618,429760,4
2b9lp5A6CqSzwOrBfAFhof,Crazy Train - Remastered,Ozzy Osbourne,75,rock,0.453,0.906,9,-4.001,1,0.115,0.361,0.000569,0.26,0.473,137.575,296200,4
4npgZHPUKjWn6ipv6wl66Q,More Than Words,Extreme,70,rock,0.623,0.127,6,-14.935,1,0.0306,0.452,0,0.114,0.237,91.625,333996,4
4UDHAkOfY2WKh6lw0oN7lN,Huck And Jim,Franz Ferdinand,58,rock,0.399,0.661,2,-5.356,1,0.05,0.00642,0.00112,0.171,0.127,106.967,215147,4
39JTnLKdC1sa3pQ4JYz5fb,The Showman (Little More Better),U2,60,rock,0.662,0.738,7,-8.201,1,0.0354,0.0286,0,0.296,0.857,132.045,203787,4
35zrlBOjpfDPMcZzglWOuV,Thought Contagion,Muse,0,rock,0.477,0.747,5,-4.449,1,0.0382,0.00057,0.000054,0.0885,0.339,140.013,206098,4
1XDgeeNIbwXobo7EkcLa2u,Give A Little Bit,Supertramp,67,rock,0.533,0.822,2,-5.419,1,0.0474,0.0637,0.00795,0.259,0.463,91.353,248173,4
6zeE5tKyr8Nu882DQhhSQI,Dust in the Wind,Kansas,75,rock,0.475,0.322,7,-10.687,1,0.0283,0.367,0.00056,0.11,0.387,93.503,206267,4
4HXOBjwv2RnLpGG4xWOO6N,Princess of China,Coldplay,70,rock,0.425,0.69,0,-6.221,1,0.0351,0.00385,0.0154,0.287,0.233,84.99,239216,4
2BcvvHttiZRvguFM4hR398,Sunshine Of Your Love,Cream,70,rock,0.684,0.481,2,-12.59,1,0.0384,0.475,0.000066,0.118,0.784,115.078,250000,4
7hxZF4jETnE5Q75rKQnMjE,I Walk the Line,Johnny Cash,72,rock,0.713,0.258,9,-14.59,1,0.0384,0.877,0.00606,0.0967,0.56,98.805,176533,4
1UBQ5GK8JaQjm5VbkBZY66,Sharp Dressed Man - 2008 Remastered Version,ZZ Top,74,rock,0.601,0.859,5,-5.263,1,0.0276,0.000359,0.00124,0.0871,0.446,125.145,258027,4
2rgraXNrUO66qHvaxft3C3,Landlady,U2,60,rock,0.611,0.497,7,-11.329,1,0.0454,0.508,0.000004,0.132,0.33,149.957,241400,4
6UZVW9DjfRKrcIVco5uwc1,Glimpse Of Love,Franz Ferdinand,57,rock,0.454,0.88,4,-4.32,0,0.122,0.0233,0,0.218,0.546,118.238,192307,4
1Jmqubf9kGkWeYQXQKImL5,People Are Strange,The Doors,70,rock,0.699,0.467,4,-8.578,0,0.0375,0.685,0,0.315,0.764,119.287,130173,4
3awlW6flEG4juGnGCduWw9,So Lonely - Remastered 2003,The Police,64,rock,0.541,0.571,7,-8.308,1,0.16,0.0123,0.000002,0.0899,0.73,77.335,288250,4
1wsnCfewxZlCs7cJxkaMZM,The Way You Used to Do,Queens of the Stone Age,70,rock,0.474,0.843,0,-5.909,1,0.239,0.0102,0.104,0.362,0.433,97.691,274282,4
1Ze0nMoP6PY90k4VjInW4T,Feel The Love Go,Franz Ferdinand,57,rock,0.523,0.7,10,-4.332,0,0.131,0.000583,0,0.135,0.525,114.297,286440,4
612VcBshQcy4mpB2utGc3H,Tears In Heaven,Eric Clapton,74,rock,0.695,0.336,9,-12.999,1,0.0313,0.8,0.00264,0.381,0.422,79.109,280000,4
5cm47Nc1MWBVIkRFaXxvHY,Reverend,Kings of Leon,69,rock,0.448,0.815,0,-5.951,0,0.0361,0.0867,0.5175,0.316,0.217,124.808,234080,4
6YffUZJ2R06kyxyK6onezL,Ring of Fire - Mono Version,Johnny Cash,70,rock,0.659,0.585,7,-8.189,1,0.0288,0.623,0.000213,0.348,0.784,104.111,158427,4
6CtNdzwFfWUHOSXyJsHvBe,Don't You (Forget About Me),Simple Minds,64,rock,0.66,0.816,2,-6.61,1,0.0299,0.168,0.0181,0.0608,0.678,111.346,263040,4
5hheGdf1cb4rK0FNiedCfK,The Devil In I,Slipknot,73,rock,0.398,0.939,9,-2.865,0,0.0648,0.00591,0.000881,0.357,0.235,92.027,342821,4
6HFbq7cewJ7rPiffV0ciil,A Sky Full of Stars,Coldplay,66,rock,0.545,0.675,6,-6.468,1,0.0279,0.00622,0.00197,0.214,0.16,124.973,267867,4
3dJj6o9o1fRgrojWjailuz,Nobody Can Save Me,Linkin Park,69,rock,0.645,0.688,11,-4.749,1,0.0341,0.0107,0,0.186,0.433,139.957,225547,4
0832Tptls5YicHPGgw7ssP,Beast Of Burden - Remastered,The Rolling Stones,68,rock,0.786,0.87,1,-3.875,0,0.0316,0.413,0.000494,0.0389,0.864,100.66,265173,4
7ouMYWpwJ422jRcDASZB7P,Knights Of Cydonia,Muse,70,rock,0.366,0.963,11,-5.301,0,0.142,0.000273,0.0122,0.115,0.211,137.114,366213,4
54RaEDwHbCJKMdDq68EyKE,The Doomed,A Perfect Circle,70,rock,0.367,0.903,4,-5.956,0,0.175,0.0477,0.00124,0.235,0.239,106.329,281781,3
3BUQFs6aFWh7EFNmI8bfL7,Johnny B. Goode,Chuck Berry,70,rock,0.516,0.798,10,-9.049,1,0.083,0.738,0.000128,0.305,0.969,168.195,161560,4
2zzLRQ78kKfPTx8FJQCdC2,When The Sun Goes Down,Arctic Monkeys,73,rock,0.348,0.875,11,-4.758,0,0.199,0.0341,0,0.117,0.407,169.152,202133,4
1INksmStBpxdNlBzwGUvsg,Out Of The Black,Royal Blood,65,rock,0.52,0.981,2,-2.75,1,0.0906,0.000867,0.00177,0.197,0.633,158.937,240572,4
7gozgbG5EBTukCFWToTRA5,I Still Haven't Found What I'm Looking For - Remastered 2007,U2,67,rock,0.565,0.764,1,-9.43,1,0.0351,0.0139,0.00488,0.079,0.686,100.891,277480,4
0O4Yt3iHNIZGFE3uhFLu6I,About A Girl,Nirvana,48,rock,0.405,0.889,11,-6.428,0,0.0307,0.000007,0.000201,0.174,0.648,132.209,168160,4
6W21LNLz9Sw7sUSNWMSHRu,Freak On a Leash,Korn,74,rock,0.353,0.898,2,-5.877,1,0.052,0.000022,0.105,0.381,0.525,103.293,255733,4
2yCXyFNRkDs6pmP0UmeOXJ,Goodbye Stranger - 2010 Remastered,Supertramp,59,rock,0.42,0.668,1,-7.35,1,0.0517,0.607,0.016,0.0585,0.338,125.391,350573,4
5QTxFnGygVM4jFQiBovmRo,(Don't Fear) The Reaper,Blue Öyster Cult,76,rock,0.333,0.927,9,-8.55,0,0.0733,0.0029,0.000211,0.297,0.382,141.47,308120,4
0N5x5UmYcbBeHFJtCCqf62,Ruby,Kaiser Chiefs,71,rock,0.451,0.939,5,-2.82,0,0.0512,0.00673,0.000005,0.0774,0.448,93.416,204200,4
1r8qywTSOGQvFxQnzcyiBj,One More Light - One More Light Live,Linkin Park,64,rock,0.254,0.298,8,-12.873,1,0.0334,0.644,0.000043,0.381,0.0883,168.253,259387,4
52vA3CYKZqZVdQnzRrdZt6,The Times They Are A-Changin',Bob Dylan,71,rock,0.389,0.396,7,-7.999,1,0.0332,0.887,0,0.0828,0.585,171.86,192053,3
5CeL9C3bsoe4yzYS1Qz8cw,Girls And Boys,Blur,69,rock,0.693,0.875,7,-8.354,0,0.0315,0.00971,0,0.0601,0.901,120.048,259387,4
5q5q7yDHiVkBnaivsda4TN,Uptight (Everything's Alright),Stevie Wonder,64,rock,0.61,0.65,5,-9.91,0,0.0337,0.0301,0,0.381,0.823,133.409,172013,4
2oxWmwLmnVkBujTbllajwo,Loser,Beck,69,rock,0.614,0.617,6,-10.417,0,0.12,0.0325,0.000116,0.289,0.788,170.84,235000,4
3BEZCNZSmVv30vsMNSOCri,Layla,Eric Clapton,72,rock,0.558,0.524,2,-11.626,0,0.0459,0.321,0.000952,0.381,0.636,93.654,289027,4
1yqMgZNrevsWMLWfO2PRp5,Charlie Brown,Coldplay,70,rock,0.43,0.738,10,-7.076,1,0.0375,0.0212,0.00165,0.33,0.0944,137.986,285160,4
5fwP61Nmo5xXYIjO9XEWqb,I'm Still Standing,Elton John,68,rock,0.504,0.904,6,-6.863,1,0.179,0.356,0.121,0.14,0.772,176.808,183440,4
0P4JuEXYJmu2Q7BTtQW5nR,Fear Of The Dark - 1998 Remastered Version,Iron Maiden,69,rock,0.302,0.815,2,-8.756,0,0.0582,0.000762,0.00034,0.0959,0.251,109.937,436827,4
5Q30xdABnojqN3wBIhrsQp,Everybody Hurts,R.E.M.,70,rock,0.303,0.319,2,-10.435,1,0.0282,0.65,0.0306,0.114,0.178,188.348,320267,3
6aUaQOX8F9v4qn2sK9rprO,Slow Don't Kill Me Slow,Franz Ferdinand,56,rock,0.325,0.718,1,-7.632,1,0.0544,0.0195,0.00153,0.213,0.237,116.059,318533,4
0MsrWnxQZxPAcov7c74sSo,Holiday/Boulevard Of Broken Dreams,Green Day,75,rock,0.29,0.827,8,-3.451,1,0.0362,0.000659,0.000003,0.301,0.45,167.086,447053,4
1wsRitfRRtWyEapl0q22o8,Guerrilla Radio,Rage Against The Machine,72,rock,0.599,0.957,11,-5.764,1,0.188,0.0129,0.000071,0.155,0.489,103.68,206200,4
3wtV2ifnHzirkAElgTGh63,Amazing Day,Coldplay,67,rock,0.45,0.638,5,-5.795,1,0.0273,0.0172,0.432,0.141,0.292,96.988,271107,3
72WZtWs6V7uu3aMgMmEkYe,You Can't Always Get What You Want,The Rolling Stones,64,rock,0.319,0.627,0,-9.611,1,0.0687,0.675,0.000073,0.289,0.497,85.818,447053,4
7G041dBHhRpIBWMKkR21Ba,Je Veux Savoir,Phil Collins,42,rock,0.665,0.743,8,-6.64,1,0.0498,0.18,0,0.152,0.55,119.78,181840,4
0OYcEfskah1egYHjYRvbg1,Shadow Of The Day,Linkin Park,69,rock,0.534,0.393,11,-7.813,1,0.0292,0.00479,0.0107,0.107,0.0641,110.007,290360,4
4xrn8bIupqzWoN9Qy9KgVa,Disillusioned,A Perfect Circle,68,rock,0.227,0.634,5,-6.347,1,0.04,0.155,0.00029,0.345,0.152,81.918,353708,4
7HBnZdg7fIQwqMhQhci0VV,Hypnotised - EP Mix,Coldplay,66,rock,0.495,0.639,5,-6.591,1,0.0357,0.399,0.5175,0.099,0.0783,120.047,391414,4
5cRPdqpWkaNmIbPi6wJDg2,Born For Greatness,Papa Roach,72,rock,0.518,0.849,9,-5.472,0,0.0664,0.0561,0,0.0569,0.299,134.093,227847,4
6V6goat94tTJOWXXKZstNX,All I Can Think About Is You,Coldplay,67,rock,0.348,0.712,5,-6.412,1,0.0335,0.155,0.5175,0.0683,0.424,73.102,274587,4
2fyIS6GXMgUcSv4oejx63f,Mardy Bum,Arctic Monkeys,72,rock,0.634,0.599,2,-5.447,1,0.0365,0.0288,0,0.197,0.312,112.215,175440,4
726Bm6HoMMOwrJlxqbfO45,Live Forever - Remastered,Oasis,66,rock,0.107,0.834,9,-3.372,0,0.045,0.000024,0.000016,0.36,0.189,86.446,276667,4
2X59ZxwE9x4pWnxsxKhr1E,Behind Blue Eyes,The Who,67,rock,0.41,0.53,2,-10.793,1,0.0342,0.126,0.000024,0.285,0.263,128.556,221693,4
6mHa1qKQRA5dCFHL1Te7Q5,Come Out And Play (Keep ‘Em Separated),The Offspring,65,rock,0.471,0.857,7,-3.699,1,0.156,0.0524,0.000009,0.0877,0.847,158.252,197800,4
1lqMLr9Wj7SM2F9AikGcxN,Hurricane,Bob Dylan,69,rock,0.509,0.827,0,-7.715,1,0.079,0.0409,0,0.12,0.743,135.601,447053,4
1MfoBTOChu8cUZqYcqEiw9,Bennie And The Jets - Remastered 2014,Elton John,67,rock,0.669,0.671,0,-7.996,1,0.0524,0.249,0.000012,0.381,0.739,132.588,322549,4
110mqOyYVPWagGK3JFrF3P,13 (There is A Light),U2,59,rock,0.279,0.2,2,-16.005,1,0.0371,0.813,0.00155,0.098,0.126,190.355,259747,4
6LUfuyLgvgqrykiTE6sJHY,Stylo (feat. Mos Def and Bobby Womack),Gorillaz,65,rock,0.686,0.751,10,-5.747,0,0.0604,0.00604,0.000849,0.0979,0.851,100.222,270520,4
0sp00HSXkQyqTa6QqM0O8V,Leave Out All The Rest,Linkin Park,70,rock,0.509,0.629,0,-6.434,1,0.0335,0.209,0.000002,0.369,0.237,80.012,209307,4
0F0MA0ns8oXwGw66B2BSXm,Let's Dance - 1999 Remastered Version,David Bowie,70,rock,0.619,0.703,10,-9.414,0,0.0525,0.00388,0.205,0.163,0.709,115.043,447053,4
5NeIONQWJ25uPylJBJiO4c,Through Glass,Stone Sour,74,rock,0.545,0.753,3,-4.618,0,0.036,0.0417,0,0.381,0.434,105.754,282947,4
36X2aY9u5BBTisjU5M5omG,ATWA,System Of A Down,62,rock,0.352,0.786,5,-4.721,0,0.047,0.00317,0,0.381,0.401,174.744,176200,4
6wNUBZNWFxdUGof6vkaykE,One For The Road,Arctic Monkeys,68,rock,0.415,0.668,0,-6.849,1,0.036,0.212,0.0615,0.27,0.842,180.048,206052,4
1zv2P1cwzIu997ujUYVxZA,The Man,The Killers,72,rock,0.614,0.944,6,-2.545,0,0.104,0.0725,0.000003,0.0708,0.546,106.014,250093,4
5JZdu2fK7qvJgg0DfVmJe5,All In One Night,Stereophonics,59,rock,0.569,0.668,9,-6.109,0,0.0266,0.134,0.00408,0.0855,0.714,83.015,317187,4
254bXAqt3zP6P50BdQvEsq,Everywhere - Remastered,Fleetwood Mac,77,rock,0.73,0.487,4,-10.991,1,0.0303,0.258,0.01,0.0852,0.731,114.965,226653,4
5E3P9e1hvjyIOlFyqNB5eD,Rich Girl - Remastered 2003,Daryl Hall & John Oates,74,rock,0.597,0.643,5,-6.303,1,0.134,0.5,0,0.0435,0.823,167.963,144333,4
1HOMkjp0nHMaTnfAkslCQj,My Sharona,The Knack,72,rock,0.586,0.7,0,-9.558,1,0.0363,0.0589,0.00125,0.0318,0.897,147.245,295400,4
6OocN63GLU7NF0wHdewhID,Invisible,Linkin Park,68,rock,0.47,0.74,11,-6.093,1,0.07,0.0455,0,0.091,0.562,84.841,214347,4
2NaIiXtlLQVf7eUkEWXdal,Safari Song,Greta Van Fleet,60,rock,0.376,0.925,2,-3.986,1,0.049,0.181,0.000005,0.3,0.702,175.903,234600,4
4ZVZBc5xvMyV3WzWktn8i7,Everyday People - Single Version,Sly & The Family Stone,62,rock,0.807,0.497,7,-10.656,1,0.0297,0.306,0.0323,0.043,0.765,114.523,141507,4
255wsg35VRYqBK7uBtYOUz,Something Just Like This - Tokyo Remix,Coldplay,67,rock,0.365,0.86,11,-6.996,0,0.0586,0.00173,0.00112,0.381,0.143,102.863,273747,4
6c0I7CfL9ziGZN8yYkLppP,Sharp Edges,Linkin Park,69,rock,0.652,0.714,0,-5.678,1,0.0562,0.145,0,0.154,0.624,112.029,178200,4
6kZFIsYCBeuH0f1zGk1UoM,Simple Man,Lynyrd Skynyrd,69,rock,0.461,0.734,1,-9.379,1,0.0374,0.00079,0.00554,0.22,0.423,120.55,357933,4
2nTsKOXIVGDf2iPeVQO2Gm,Paranoid Android,Radiohead,68,rock,0.252,0.849,5,-6.501,1,0.0581,0.0377,0.00592,0.0545,0.194,163.704,387213,4
4bHsxqR3GMrXTxEPLuK5ue,Don't Stop Believin',Journey,77,rock,0.5,0.748,4,-9.072,1,0.0363,0.127,0,0.381,0.514,118.852,250987,4
7AB0cUXnzuSlAnyHOqmrZr,Faint,Linkin Park,67,rock,0.554,0.978,4,-3.554,1,0.131,0.111,0,0.0731,0.594,135.095,162600,4
07EeNeSCYJajyJW5U7Q3Wd,Going Under,Evanescence,67,rock,0.378,0.847,11,-4.858,0,0.0514,0.0107,0.000037,0.205,0.49,175.104,214947,4
1MQWtVcs0PKsY4PA6ZvLiy,Dance to the Music,Sly & The Family Stone,62,rock,0.703,0.529,7,-11.112,1,0.1,0.0168,0.000573,0.381,0.772,128.057,179427,4
4Xgr8IWwGSGyqLjwiwOxqk,Walking On The Moon - Remastered 2003,The Police,62,rock,0.514,0.34,0,-12.779,1,0.0537,0.00142,0.0173,0.213,0.269,145.992,300827,4
56Z7hbyMrndw1naxb6I5Oi,Reckoner,Radiohead,65,rock,0.518,0.656,4,-7.438,0,0.0264,0.511,0.156,0.0679,0.203,104.282,290213,4
371VkfwKiXJxgH5ZPoQNHD,The Joker,Steve Miller Band,69,rock,0.596,0.448,5,-9.616,1,0.0396,0.365,0.000005,0.206,0.796,83.293,264504,4
5FZxsHWIvUsmSK1IAvm2pp,Best of You,Foo Fighters,76,rock,0.366,0.94,1,-5.119,0,0.0696,0.000769,0.000094,0.188,0.369,130.198,255627,4
5xoUgPXbMNUmoHU0Enwtwq,She Moves In Her Own Way,The Kooks,74,rock,0.461,0.8,7,-5.402,1,0.0648,0.276,0,0.098,0.807,77.086,169307,4
44PelqgstAM0lb8rHPKfHq,Let Me Out (feat. Mavis Staples & Pusha T),Gorillaz,63,rock,0.607,0.785,1,-5.955,0,0.239,0.211,0.000003,0.381,0.517,81.087,175813,4
6SjbzGo7arjfM5cXpXhc5B,Should I Stay or Should I Go - Remastered,The Clash,71,rock,0.74,0.848,2,-6.437,1,0.144,0.0781,0,0.375,0.802,113.381,186093,4
4BGJSbB5rAcg4pNzD4gfxU,Tiny Dancer,Elton John,71,rock,0.415,0.425,0,-11.082,1,0.0278,0.396,0.000407,0.143,0.281,145.234,377093,4
2nVHqZbOGkKWzlcy1aMbE7,Kashmir,Led Zeppelin,70,rock,0.48,0.536,2,-11.166,1,0.0427,0.488,0.000042,0.155,0.581,80.617,447053,3
0UrvIS9YOQL814w4LCtNGB,Midnight,Coldplay,49,rock,0.548,0.475,1,-12.42,1,0.0355,0.615,0.5175,0.0944,0.0349,126.976,294667,4
3qT4bUD1MaWpGrTwcvguhb,Black Dog,Led Zeppelin,71,rock,0.437,0.864,4,-7.842,0,0.0904,0.396,0.0314,0.242,0.749,81.394,295387,4
6miUySWi347iIJyz7ETo6m,Got My Mind Set On You - Extended Version,George Harrison,64,rock,0.797,0.814,11,-7.229,1,0.0382,0.426,0.000039,0.381,0.874,149.42,317290,4
0Puj4YlTm6xNzDDADXHMI9,Sabotage,Beastie Boys,74,rock,0.324,0.938,6,-7.332,0,0.102,0.032,0.0321,0.0961,0.543,168.131,178440,4
4WZM0ZOySnOHMavjKP1HZe,Book Of Your Heart,U2,59,rock,0.541,0.586,2,-7.996,0,0.0471,0.252,0.000802,0.112,0.376,119.988,235387,4
6nJPHXRpKYv2yqtalEjKy5,Got the Life,Korn,70,rock,0.501,0.905,11,-5.721,0,0.0518,0.000019,0.5175,0.381,0.584,123.277,225307,4
6y20BV5L33R8YXM0YuI38N,No One Knows,Queens of the Stone Age,71,rock,0.509,0.584,0,-4.907,1,0.057,0.0368,0.0001,0.381,0.685,170.411,278747,4
1wLQwg0mloy3yXjL0jPE0N,Run,Foo Fighters,73,rock,0.359,0.893,4,-8.036,0,0.0665,0.000034,0.0955,0.381,0.185,136.115,323373,4
4OMu5a8sFpcRCPCcsoEaov,Babe I'm Gonna Leave You,Led Zeppelin,67,rock,0.404,0.435,4,-12.045,0,0.0323,0.246,0.00074,0.156,0.156,136.058,401067,4
390AWnOn2rfe9FzQjYmxIH,Wicked Game,Chris Isaak,69,rock,0.667,0.548,9,-7.802,1,0.0262,0.744,0.0122,0.0946,0.29,112.549,286880,4
6fgbQt13JlpN59PytgTMsA,Snow (Hey Oh),Red Hot Chili Peppers,71,rock,0.427,0.9,11,-3.674,1,0.0499,0.116,0.000017,0.119,0.599,104.655,334667,4
6aG68QSwv0hgNTq90I2GOE,"Everglow - Single Version, Radio Edit",Coldplay,72,rock,0.425,0.257,4,-8.467,1,0.0321,0.968,0.0181,0.115,0.341,144.479,227507,4
2JS1iE5A5RHvUPH5Zl9jlF,Run to the Hills - 1998 Remastered Version,Iron Maiden,70,rock,0.221,0.956,0,-4.641,1,0.0876,0.0103,0.000523,0.195,0.432,173.254,233960,4
5AJrhrwz4oSZX2PwwV4qrN,Time Of The Season (Mono Version),The Zombies,69,rock,0.537,0.7,4,-6.852,0,0.0366,0.142,0.000002,0.381,0.695,117.111,214027,4
3FUS56gKr9mVBmzvlnodlh,Killing In the Name,Rage Against The Machine,62,rock,0.457,0.779,7,-6.323,1,0.239,0.0185,0.000002,0.0247,0.734,86.573,313667,4
0mYPfHvPzoUZJ2puHRyzyf,Here Without You,3 Doors Down,71,rock,0.551,0.543,10,-6.765,0,0.0249,0.0587,0,0.131,0.213,144.001,238560,4
2F6FfZ4w8z3eJpSxPotVO5,Falling Away from Me,Korn,72,rock,0.468,0.769,4,-7.036,1,0.041,0.00014,0.00124,0.271,0.17,104.102,270920,4
5ZPp1V3PufN6qhAe3rLNmb,Kryptonite,3 Doors Down,72,rock,0.544,0.878,11,-5.145,0,0.0288,0.00657,0.000014,0.17,0.527,99.024,233827,4
6cuKJ1bFFy4OjfkCI9YBqc,I'm Not In Love,10cc,67,rock,0.404,0.523,4,-15.7,1,0.0575,0.685,0.000498,0.282,0.164,133.738,366640,4
2RCp9QBnFSxdKe8RD4xF8s,Momentz (feat. De La Soul),Gorillaz,64,rock,0.781,0.98,0,-5.077,1,0.239,0.0549,0.000003,0.381,0.487,140.235,196907,4
52HAHV1j93s5B8GoTNI7DJ,"Oh, Pretty Woman",Roy Orbison,67,rock,0.608,0.582,9,-9.734,1,0.0355,0.725,0,0.0854,0.952,127.297,176933,4
0SNGe4xksgp7CGnY5kMXOJ,Every Breath You Take,The Police,72,rock,0.822,0.478,1,-8.746,1,0.0343,0.559,0.0073,0.0813,0.722,117.394,251573,4
3RlsVPIIs5KFhLFhxZ4iDF,Rockstar,Nickelback,71,rock,0.616,0.91,0,-3.004,1,0.0386,0.0459,0,0.343,0.693,144.073,252040,4
2Wr7zFf78V0EghGjGKhoP0,Beat The Devil's Tattoo,Black Rebel Motorcycle Club,64,rock,0.517,0.908,4,-2.816,1,0.0376,0.445,0.0131,0.0902,0.692,96.531,226760,4
57Xjny5yNzAcsxnusKmAfA,Reptilia,The Strokes,74,rock,0.486,0.666,9,-5.084,1,0.033,0.000563,0.5175,0.101,0.741,157.992,219754,4
2oF7FZHIJbzjeEXZ3D0Ku4,Good Vibrations - 2001 - Remaster,The Beach Boys,66,rock,0.403,0.495,10,-6.888,0,0.0312,0.387,0.000008,0.147,0.38,132.91,217747,4
0rpIH5otu7ykvZPdcQuRPh,Chasing Cars,Snow Patrol,68,rock,0.556,0.595,9,-4.51,1,0.0275,0.214,0.000083,0.125,0.144,104.001,266347,4
0dcMqjeDpwqB2xhzMsld0p,El Manana,Gorillaz,64,rock,0.644,0.728,9,-8.396,0,0.029,0.000988,0.0279,0.381,0.607,132.488,235360,4
6ZygaqgtPkiahkiYJhYWhn,Seaside,The Kooks,68,rock,0.631,0.424,1,-8.56,1,0.0411,0.739,0,0.123,0.348,129.508,99227,4
1ez4uWPnJwYufNhYTLVsJr,Soldier Side,System Of A Down,64,rock,0.287,0.818,1,-1.691,0,0.0384,0.264,0.000002,0.12,0.174,153.004,220267,4
2fF7mQOxo1SZuIMHTQgQD8,Romeo And Juliet,Dire Straits,67,rock,0.613,0.441,5,-11.999,1,0.0309,0.546,0.0132,0.0869,0.525,87.573,360667,4
1wXuogT7bvqnhuWzDBNOdV,Runnin' Wild,Airbourne,60,rock,0.503,0.96,10,-2.672,1,0.0626,0.000092,0.5175,0.274,0.489,162.022,218040,4
0H06kL0mNCE9eSA2mRERBM,Live And Let Die - Main Title,Paul McCartney,52,rock,0.347,0.433,7,-13.206,1,0.0882,0.26,0.000413,0.278,0.202,77.246,191493,4
216S5ED9SNRWaHWVjSJGyX,Everybody's Changing,Keane,67,rock,0.501,0.76,0,-6.095,1,0.0295,0.00135,0.000458,0.0854,0.476,94.03,216520,4
697M5JB8FDIyRXEXgl1pBZ,From The Inside,Linkin Park,64,rock,0.466,0.965,1,-2.597,0,0.0904,0.042,0,0.101,0.453,95.028,173933,3
5TXAySV8WBjAIMg3lPDCLN,Shout,Tears For Fears,66,rock,0.509,0.935,0,-11.081,1,0.0411,0.178,0.000052,0.119,0.527,97.921,392676,4
0GTK6TesV108Jj5D3MHsYb,Owner Of A Lonely Heart,Yes,69,rock,0.695,0.746,7,-8.12,1,0.0387,0.306,0.00524,0.368,0.885,125.123,266040,4
0qksx8mV28lztYIZ1om8ml,Shiver,Coldplay,69,rock,0.397,0.803,4,-6.186,1,0.0488,0.0334,0,0.0688,0.286,116.707,304200,3
3bGidOZsEEuLHC9noPK3AW,Bad Habit,The Kooks,67,rock,0.733,0.886,0,-4.194,0,0.0396,0.0536,0.000018,0.136,0.858,123.068,221413,4
0klua1U9FBgZXlEC80LXvt,Up All Night,Beck,63,rock,0.65,0.94,1,-2.709,0,0.0582,0.00569,0.0873,0.189,0.664,110.019,190448,4
1CnN9udhDokm7lARZjMji2,Killer Queen - Remastered 2011,Queen,66,rock,0.535,0.651,10,-6.326,1,0.0544,0.391,0,0.133,0.612,117.218,179600,4
0UrWr7Jnu1heq1o99ZwUd0,Youth Of The Nation,P.O.D.,73,rock,0.563,0.86,8,-7.533,1,0.0621,0.00834,0.0106,0.381,0.517,97.867,256240,4
5BP0oaQ1VhuaznT77CBXQp,Where Is My Mind?,Pixies,70,rock,0.508,0.597,4,-8.063,1,0.0396,0.0177,0.000856,0.091,0.185,81.982,231667,4
4qMzPtAZe0C9KWpWIzvZAP,Bullet With Butterfly Wings,The Smashing Pumpkins,73,rock,0.404,0.72,10,-9.18,0,0.0626,0.000056,0.5175,0.0466,0.475,121.649,258467,4
1C2QJNTmsTxCDBuIgai8QV,Resistance,Muse,64,rock,0.467,0.774,9,-6.569,0,0.0485,0.0616,0.289,0.108,0.0916,135.006,346693,4
7N3DKWBC8pKoTf0JzyYKaj,The Hardest Button To Button,The White Stripes,63,rock,0.687,0.513,7,-8.389,1,0.0793,0.0104,0.312,0.0937,0.564,128.461,212320,4
4WJNMSihHL8e4hs9SkBq9C,Break Stuff,Limp Bizkit,69,rock,0.432,0.884,8,-6.659,1,0.13,0.0127,0.000527,0.166,0.624,108.948,166707,4
0fxGA5lxrdYNYoE7yJxTNZ,My December,Linkin Park,64,rock,0.738,0.577,0,-9.267,1,0.0236,0.385,0.037,0.122,0.715,100.02,259867,4
1ZqHjApl3pfzwjweTfMi0g,Violet Hill,Coldplay,64,rock,0.345,0.581,1,-7.875,0,0.0369,0.0603,0.00127,0.115,0.108,76.022,222653,4
6awTbDHgM907tGecNQYPaV,My Generation - Stereo Version,The Who,66,rock,0.412,0.782,2,-9.186,0,0.058,0.308,0.00822,0.0775,0.705,96.732,198707,4
1DVXrmuh4umsD96KRTsGHl,Talking to Myself - One More Light Live,Linkin Park,67,rock,0.466,0.725,2,-7.79,0,0.0568,0.00739,0.00728,0.381,0.342,124.013,316533,4
2BydLQAh7CUIFvSEqAMc4x,If You Want Me to Stay,Sly & The Family Stone,62,rock,0.843,0.48,11,-11.574,0,0.0492,0.28,0.000782,0.108,0.762,101.993,180493,4
34isqXjbTstbYwl2MfdzDq,Sorry for Now,Linkin Park,68,rock,0.608,0.584,1,-6.652,1,0.0352,0.00995,0,0.203,0.251,94.956,203653,4
0WruOD5fP4RJ1kAn3Pcv3h,Ill Ray (The King),Kasabian,67,rock,0.554,0.849,5,-4.692,0,0.0548,0.00618,0,0.305,0.511,135.999,219800,4
4bykJp7dORR4GoLCZiQbU0,Take A Chance On Me,ABBA,65,rock,0.687,0.68,11,-7.976,1,0.0256,0.182,0,0.274,0.924,107.041,243933,4
1s4Ie0cT6P73SRSfh3oyGW,The Number Of The Beast - 1998 Remastered Version,Iron Maiden,69,rock,0.42,0.93,2,-5.583,0,0.0638,0.0189,0.00675,0.264,0.344,99.641,291373,4
2jZgzSxNSg1hTCq0ewWHGJ,Junk of the Heart (Happy),The Kooks,69,rock,0.604,0.894,2,-5,1,0.037,0.0212,0,0.0299,0.901,145.014,187253,4
7lL2lMWNtzOcf5HnEudNgn,Everyday People,Sly & The Family Stone,68,rock,0.813,0.619,7,-8.203,1,0.0294,0.245,0.0151,0.113,0.774,114.58,139507,4
2WXTF0qgKbczC2O8VymeLO,"A Sky Full Of Stars - Live At The Royal Albert Hall, London",Coldplay,66,rock,0.467,0.765,6,-7.846,1,0.0311,0.00416,0.000059,0.381,0.186,125.013,278267,4
5LlsD7LdSMkGV4Iu0a2Zq0,Waste A Moment,Kings of Leon,72,rock,0.436,0.85,2,-4.86,1,0.0617,0.000861,0.5175,0.128,0.537,152.644,183093,4
4giCxIFPZNQIP4bIZM4sqH,Army Of One,Coldplay,66,rock,0.387,0.66,3,-6.491,1,0.0434,0.274,0.00006,0.0861,0.289,146.04,376827,4
0Oii8bI6O1ZlhBrOrtJ5GF,I Just Called To Say I Love You,Stevie Wonder,65,rock,0.746,0.55,1,-9.064,1,0.0238,0.217,0.000002,0.0866,0.632,113.545,262240,4
65E62rOSbm7SZbAMYjNTJq,Pride (In The Name Of Love) - Remastered 2009,U2,64,rock,0.458,0.843,4,-7.201,1,0.0316,0.00135,0.000296,0.381,0.713,105.701,228427,4
4dDZyGxClFiOBUjcpxhXWg,Hurt,Johnny Cash,65,rock,0.544,0.378,9,-8.607,0,0.0264,0.719,0.00035,0.105,0.149,91.078,216533,4
2oNYsdCasRRlz1shXFAz7D,LOST IN THE ECHO,Linkin Park,68,rock,0.546,0.98,9,-3.02,0,0.0619,0.0154,0,0.31,0.478,120.037,205120,4
5rAxhWcgFng3s570sGO2F8,A Place For My Head,Linkin Park,69,rock,0.603,0.908,11,-5.254,1,0.184,0.0144,0,0.381,0.457,133.063,184640,4
3XEMhKdne3ySYevbEYllEr,The Beautiful People,Marilyn Manson,67,rock,0.621,0.834,10,-10.068,0,0.0557,0.000779,0.456,0.0611,0.937,143.973,218827,4
4fzyvSu73BhGvi96p2zwjL,Christmas Lights,Coldplay,73,rock,0.312,0.418,7,-9.146,1,0.0296,0.131,0.000679,0.0836,0.237,130.795,242496,4
4Yf5bqU3NK4kNOypcrLYwU,Faint,Linkin Park,70,rock,0.554,0.978,4,-3.554,1,0.131,0.111,0,0.0731,0.594,135.095,162600,4
4LM3MtaBdn0bTZW1GqzRVd,Civil War,Guns N' Roses,66,rock,0.334,0.786,10,-8.773,0,0.0721,0.0832,0.0744,0.322,0.379,139.995,447053,4
0A4PZuepTcIQVvA5m7R0M1,Don't You (Forget About Me),Simple Minds,76,rock,0.672,0.792,2,-7.033,1,0.0264,0.0843,0.0605,0.302,0.683,111.277,260680,4
4DMKwE2E2iYDKY01C335Uw,Carry on Wayward Son,Kansas,76,rock,0.483,0.786,7,-5.735,1,0.0319,0.00316,0.000089,0.381,0.793,126.748,323000,4
6kyxQuFD38mo4S3urD2Wkw,Unintended,Muse,58,rock,0.487,0.279,6,-11.586,0,0.0265,0.647,0.00185,0.11,0.162,139.362,237027,4
5TTGoX70AFrTvuEtqHK37S,No. 1 Party Anthem,Arctic Monkeys,67,rock,0.505,0.698,0,-5.563,1,0.0297,0.33,0.0887,0.0966,0.599,115.013,243132,4
2AxCeJ6PSsBYiTckM0HLY7,Voodoo Child (Slight Return),Jimi Hendrix,67,rock,0.214,0.91,8,-6.662,1,0.239,0.48,0.00839,0.0517,0.447,175.561,313373,4
1OxcIUqVmVYxT6427tbhDW,Fly Away,Lenny Kravitz,70,rock,0.586,0.872,7,-5.066,1,0.0483,0.018,0,0.381,0.729,159.925,221373,4
5jsDxDkJ1PqyYUWhDMr86B,Song #3,Stone Sour,70,rock,0.481,0.945,1,-5.468,1,0.0813,0.00264,0,0.135,0.427,157.059,256533,4
3bIQIx7hveYPQDdhjZ1kcq,The Getaway,Red Hot Chili Peppers,67,rock,0.797,0.642,0,-8.082,1,0.0725,0.0799,0.000012,0.371,0.667,113.999,250387,4
3E99KpWAcYEnj64e86y6u9,Strangers Like Me,Phil Collins,70,rock,0.672,0.804,3,-7.021,1,0.0406,0.124,0.000312,0.121,0.557,119.841,180533,4
5m578MgxuEC956dulprCe8,Go Robot,Red Hot Chili Peppers,68,rock,0.852,0.651,8,-6.254,1,0.0411,0.0432,0.0192,0.158,0.96,131.01,263800,4
2XTkpF9T2PKvcLgamGJGx1,Goodbye Angels,Red Hot Chili Peppers,69,rock,0.365,0.804,9,-5.922,0,0.105,0.104,0.000066,0.15,0.577,171.597,268733,4
2T3blUc9Jnui2a0ZhuNOag,Smooth Criminal,Alien Ant Farm,70,rock,0.653,0.966,9,-4.236,0,0.0598,0.00287,0.0026,0.143,0.874,126.921,209267,4
1xKQbqQtQWrtQS47fUJBtl,Piece of My Heart,Big Brother & The Holding Company,67,rock,0.443,0.727,4,-7.951,1,0.145,0.263,0.000141,0.169,0.566,160.82,253333,4
2bS2ADg123NZWfTUsjra8a,A L I E N S,Coldplay,65,rock,0.425,0.878,9,-4.979,0,0.038,0.00156,0.000898,0.206,0.252,148.002,282427,5
0oF3DPMcjAw9P4vlyp0reZ,Feed The Machine,Nickelback,68,rock,0.547,0.962,5,-4.268,1,0.104,0.000007,0.00167,0.381,0.381,136.005,302135,4
6XJ2PVp2Vs9G2j5B2Cbbnb,Princess of China - Radio Edit,Coldplay,62,rock,0.402,0.7,9,-5.918,0,0.0361,0.00171,0.00641,0.191,0.314,85.025,217575,4
31RTFPrB7wmYBhlkM2ILXG,Sugar,System Of A Down,68,rock,0.451,0.889,1,-2.693,1,0.239,0.00167,0.00215,0.258,0.586,131.073,153800,4
0wz1LjDb9ZNEYwOmDJ3Q4b,Surfin' U.S.A.,The Beach Boys,68,rock,0.55,0.854,3,-5.968,1,0.036,0.661,0,0.112,0.965,159.231,149373,4
2LGdO5MtFdyphi2EihANZG,Knee Socks,Arctic Monkeys,69,rock,0.665,0.542,11,-8.323,0,0.033,0.123,0.00291,0.342,0.587,97.975,257563,4
5YtxOL4iUchhynLL9nEBwQ,You're My Best Friend - Remastered 2011,Queen,63,rock,0.51,0.76,0,-6.995,1,0.0411,0.148,0.0116,0.0706,0.55,118.829,170787,4
6Jj1Bb2s0gAOhH4yCGjDvh,Roulette,System Of A Down,58,rock,0.475,0.477,5,-7.527,0,0.0266,0.552,0.00729,0.133,0.227,129.006,201200,4
2UKARCqDrhkYDoVR4FN5Wi,Plug In Baby,Muse,64,rock,0.408,0.965,2,-4.232,1,0.05,0.000007,0.000402,0.11,0.349,136.018,218000,4
2PuakTXE2v2j2F86V92ZvD,Stop Crying Your Heart Out,Oasis,62,rock,0.375,0.564,2,-5.352,1,0.0297,0.0787,0.000001,0.118,0.0924,74.944,305160,4
3uMmllZo1AfoEnVT4ENCD3,Highway Star,Deep Purple,67,rock,0.307,0.909,9,-7.08,0,0.0574,0.135,0.0336,0.125,0.443,173.674,366136,4
5X76oXHcR5uCXali0gOyX5,White Room,Cream,67,rock,0.55,0.576,0,-13.475,1,0.0306,0.178,0.00935,0.0555,0.486,109.837,303200,4
3Pas9u4vk4hKEIa5OtKRFF,Total Eclipse of the Heart,Bonnie Tyler,62,rock,0.428,0.644,8,-7.582,1,0.0628,0.205,0,0.119,0.113,129.432,270547,4
3lh3iiiJeiBXHSZw6u0kh6,Into The Mystic,Van Morrison,71,rock,0.608,0.524,8,-10.266,1,0.0309,0.367,0.00254,0.115,0.797,86.204,205613,4
6x2Z4r5zL4RUNWDEj9h00u,Lights Of Home - St Peter's String Version,U2,57,rock,0.511,0.599,2,-8.1,0,0.0307,0.313,0.000003,0.107,0.393,146.048,273160,4
1KvyBpAxgllKW7bQb0GYCR,Halfway Right,Linkin Park,67,rock,0.655,0.626,6,-7.155,0,0.045,0.0134,0,0.349,0.498,134.028,217067,4
0BxE4FqsDD1Ot4YuBXwAPp,505,Arctic Monkeys,70,rock,0.526,0.866,0,-5.822,1,0.0568,0.00287,0.000078,0.0945,0.248,140.266,253587,4
2VrJMuLt2m9HbifGrKWHqk,New Born,Muse,59,rock,0.238,0.932,4,-5.809,1,0.0912,0.00326,0.298,0.114,0.186,150.899,363267,4
0tZ3mElWcr74OOhKEiNz1x,Bulls On Parade,Rage Against The Machine,74,rock,0.412,0.919,5,-7.291,1,0.184,0.0124,0.0601,0.381,0.572,166.367,229467,4
3hUIcgHjA152CYDRzqDFLL,Enfant De L'Homme,Phil Collins,40,rock,0.638,0.758,9,-5.619,1,0.044,0.0755,0.000002,0.352,0.435,141.497,166027,4
1PpfeNl5uYRBhfFcig2Uz6,19-2000 - Soulchild Remix,Gorillaz,59,rock,0.672,0.896,0,-3.986,1,0.0526,0.194,0,0.299,0.895,102.045,209387,4
3zJw3rugfpVrmBeDDnUYzy,Happy Xmas (War Is Over) - 2010 Digital Remaster,John Lennon,75,rock,0.328,0.607,2,-11.076,1,0.0315,0.319,0,0.381,0.395,146.539,213880,3
0ErrsvDylBWZeAUYbqLllv,Part-Time Lover,Stevie Wonder,62,rock,0.662,0.624,10,-13.606,0,0.0417,0.165,0,0.0674,0.961,174.513,252560,4
5H6Jp0syB5yEPk7SWYdlmk,The Wind Cries Mary,Jimi Hendrix,65,rock,0.499,0.495,5,-10.508,1,0.0501,0.348,0.0286,0.2,0.339,80.086,200733,4
0a5IY60a8Ejwjdi1RIqpbh,Hello,Evanescence,57,rock,0.422,0.179,11,-11.457,0,0.031,0.898,0.000096,0.341,0.0711,139.899,220360,4
4YMLW13PuuO7o3jkIWlKAs,Down On The Corner,Creedence Clearwater Revival,68,rock,0.831,0.544,0,-9.288,1,0.0837,0.594,0.00389,0.0736,0.856,108.177,166280,4
7o9uu2GDtVDr9nsR7ZRN73,Time After Time,Cyndi Lauper,71,rock,0.726,0.449,0,-9.206,1,0.0286,0.487,0.000001,0.0824,0.294,130.388,241333,4
2VAlwOewe5c40VHyqozF1V,"Steady, As She Goes",The Raconteurs,65,rock,0.534,0.605,9,-4.366,1,0.113,0.00865,0.00826,0.0781,0.56,123.003,215267,4
4DRBaZ760gyk7LWnaJFqsJ,I Want To Hold Your Hand - Remastered 2015,The Beatles,67,rock,0.49,0.715,7,-5.549,1,0.0476,0.386,0,0.311,0.866,130.726,145747,4
1PXsUXSM3LF2XNSkmIldPb,Little Black Submarines,The Black Keys,67,rock,0.365,0.466,2,-7.514,1,0.0418,0.161,0.000007,0.106,0.487,95.163,251267,4
2yss0n7KmvmSr4EHvjfFpn,Don't Stay,Linkin Park,63,rock,0.488,0.995,1,-3.096,0,0.108,0.00153,0,0.381,0.679,90.058,187933,4
6MvALCWUtul8jXDGuSqTpI,Stand By My Woman,Lenny Kravitz,43,rock,0.498,0.534,2,-5.413,1,0.0296,0.0809,0.0401,0.102,0.199,122.301,260187,4
2avaSeKHI5l4sLruVfLdi2,Burning Heart,Survivor,65,rock,0.651,0.665,9,-7.43,0,0.0269,0.221,0.000008,0.0403,0.647,97.996,230720,4
3V1H6liHwCDcWeqdPJabOM,Wicked Game - Live Acoustic,Stone Sour,67,rock,0.561,0.337,8,-9.272,1,0.0284,0.644,0.000088,0.381,0.273,109.373,267253,4
5NTH2uKOrXuNTrVKZwArwM,Sunny Afternoon - Mono Mix,The Kinks,68,rock,0.564,0.535,0,-7.13,1,0.0267,0.19,0,0.0674,0.463,124.224,213240,4
2daZovie6pc2ZK7StayD1K,Dead Inside,Muse,63,rock,0.65,0.758,8,-5.021,1,0.0507,0.000259,0.000492,0.276,0.603,100.005,262947,4
3WBPiogtVDBSXK7uOpxJ6m,The Bitter End,Placebo,63,rock,0.328,0.904,3,-5.063,0,0.0455,0.000042,0.0591,0.11,0.518,186.253,190573,4
3L7RtEcu1Hw3OXrpnthngx,Don't You Want Me - 2002 - Remaster,The Human League,74,rock,0.731,0.738,9,-8.125,0,0.0377,0.184,0,0.214,0.958,117.656,236920,4
4ue5ET9msGNJSO6sSbrCVE,I Want To Break Free - Remastered 2011,Queen,62,rock,0.796,0.43,4,-8.994,1,0.0325,0.0869,0.000343,0.0776,0.559,108.959,258000,4
5ft1GmMZA4uNX7afvQfDLn,Just Like Heaven,The Cure,66,rock,0.439,0.837,9,-11.548,1,0.0336,0.0808,0.0024,0.115,0.511,151.994,212827,4
1ZAWaJppxtA3zPh1R2W2wS,Supersonic - Remastered,Oasis,62,rock,0.362,0.91,9,-2.863,1,0.0407,0.000063,0.0123,0.0933,0.597,104.043,283787,4
2rU70oQ4Ioun0sujdlHlkV,Can't Help Falling in Love,Beck,46,rock,0.425,0.349,2,-12.15,1,0.0275,0.909,0.000689,0.136,0.257,94.408,193267,3
5QqdvVeYLL1xvZ1ndUjxnO,In My Life - Remastered,The Beatles,67,rock,0.688,0.435,9,-11.359,1,0.0323,0.449,0,0.113,0.435,103.239,146333,4
1fLlRApgzxWweF1JTf8yM5,Given Up,Linkin Park,69,rock,0.655,0.885,7,-4.116,1,0.0438,0.00117,0.000473,0.0448,0.938,100.088,189293,4
5lN1EH25gdiqT1SFALMAq1,Gold On The Ceiling,The Black Keys,69,rock,0.505,0.833,0,-4.632,1,0.0475,0.00772,0.000079,0.069,0.565,130.121,224333,4
2w3eXFL86RgxGtDr8bzwgK,A Message,Coldplay,65,rock,0.567,0.459,1,-9.488,1,0.0289,0.327,0.000254,0.202,0.151,116.92,285345,4
6avxJ3kn6rkPE21X4fyg7q,Don't Dream It's Over,Crowded House,67,rock,0.457,0.41,8,-17.263,1,0.037,0.0158,0.00003,0.0714,0.535,81.016,236933,4
4YOJE7QjFsf523jceoos9q,Ordinary Love,U2,38,rock,0.649,0.467,8,-8.578,0,0.0303,0.15,0,0.114,0.355,121.047,221200,4
3zByVQLvdXUaDTubfWkpCk,Sweet Caroline,Neil Diamond,71,rock,0.529,0.127,11,-16.066,1,0.0274,0.611,0.000109,0.237,0.578,63.05,203573,4
1i6N76fftMZhijOzFQ5ZtL,Psycho Killer - 2005 Remastered Version,Talking Heads,73,rock,0.721,0.521,2,-8.123,1,0.0612,0.0707,0.00552,0.127,0.942,123.118,261413,4
7D5n2kpYH2WSqIyEO9MeXf,Patience,Guns N' Roses,69,rock,0.457,0.272,6,-14.439,1,0.0316,0.729,0.000263,0.372,0.349,119.793,356533,4
0OBwxFLu6Yj61s2OagYbgY,Gimme All Your Lovin',ZZ Top,68,rock,0.63,0.788,5,-6.7,1,0.0298,0.00322,0.0237,0.0883,0.63,120.059,241080,4
341h4Vfj9HJMm2tNDX3ARw,Thank God It's Christmas - 2011 Remaster,Queen,62,rock,0.285,0.423,7,-8.787,1,0.0294,0.239,0,0.181,0.312,71.993,261613,4
2I3CLotxmAz4SgJDU9yFjl,Tighten Up,The Black Keys,60,rock,0.459,0.708,6,-6.167,0,0.0681,0.00142,0.000004,0.381,0.583,108.952,211040,4
0qxYx4F3vm1AOnfux6dDxP,You Can Call Me Al,Paul Simon,74,rock,0.776,0.763,5,-8.124,1,0.0535,0.182,0.0065,0.077,0.82,128.433,280000,4
6EaGMOSWL2LndwY6gClBaD,Help,Papa Roach,67,rock,0.503,0.9,2,-5.42,1,0.0687,0.00083,0.000002,0.315,0.288,92.03,214797,4
69d54YOS8TOQiUYjX57XeA,A Hard Day's Night - Remastered,The Beatles,62,rock,0.59,0.805,0,-6.481,1,0.0371,0.137,0,0.0996,0.797,138.514,154200,4
5OQsiBsky2k2kDKy2bX2eT,Learn to Fly,Foo Fighters,75,rock,0.465,0.919,4,-4.025,1,0.0408,0.000018,0.000021,0.262,0.537,135.997,235293,4
37BTh5g05cxBIRYMbw8g2T,Rosanna,Toto,70,rock,0.384,0.512,7,-13.035,0,0.0358,0.0213,0.000139,0.205,0.739,78.442,331200,4
6rg61PBHTfEDvgNt7MNhyU,Your Latest Trick,Dire Straits,63,rock,0.703,0.409,4,-13.491,1,0.0339,0.719,0.0996,0.0697,0.252,122.56,393267,4
2SgbR6ttzoNlCRGQOKjrop,Cowboys From Hell,Pantera,72,rock,0.415,0.908,2,-9.701,1,0.0765,0.00437,0.0345,0.082,0.437,114.816,243533,4
1Qdnvn4XlmZANCVy3XjrQo,Show Me How to Live,Audioslave,75,rock,0.433,0.854,9,-3.868,1,0.0483,0.000336,0.000177,0.162,0.368,89.4,277840,4
5t9KYe0Fhd5cW6UYT4qP8f,Good Vibrations,The Beach Boys,69,rock,0.396,0.473,10,-7.67,0,0.0345,0.326,0.000124,0.109,0.385,133.449,219027,4
6DmfWj5kOa1fX8AwN9byOn,L.A. Woman,The Doors,67,rock,0.354,0.731,2,-9.178,1,0.0381,0.0817,0.00119,0.115,0.698,170.64,447053,4
7mp0Pe8KPsFbRqG4Yn0enA,God's Gonna Cut You Down,Johnny Cash,63,rock,0.614,0.484,5,-8.24,0,0.127,0.878,0.000015,0.108,0.817,82.386,158573,4
2QhURnm7mQDxBb5jWkbDug,Don't Panic,Coldplay,67,rock,0.602,0.612,0,-8.409,1,0.0335,0.206,0.00616,0.107,0.453,122.062,136867,4
6Wx88Mv6b9ofjKMKkdwOJd,New Divide,Linkin Park,69,rock,0.493,0.808,5,-3.365,0,0.0362,0.000235,0,0.0983,0.38,117.971,268613,4
1pkb7eplZ7xGrijYN0FyUh,Spent the Day in Bed,Morrissey,62,rock,0.612,0.598,1,-6.871,1,0.0276,0.00737,0.000098,0.181,0.569,88.017,211280,4
60HDLY1Dh2Hy9wTVI3WPzO,Every Little Thing She Does Is Magic - Remastered 2003,The Police,67,rock,0.558,0.768,2,-9.997,1,0.0343,0.121,0.0626,0.128,0.429,81.909,259500,4
1nQRg9q9uwALGzouOX5OyQ,Radio Ga Ga - Remastered 2011,Queen,64,rock,0.744,0.502,5,-7.719,1,0.0359,0.183,0.000228,0.189,0.66,112.344,348227,4
4qVR3CF8FuFvHN4L6vXlB1,Lying From You,Linkin Park,64,rock,0.535,0.951,3,-3.324,0,0.18,0.00777,0,0.0669,0.723,160.102,175373,4
4uErlni7Deg1CgSy3zYtN7,Can't Stand Losing You,The Police,59,rock,0.782,0.549,2,-12.066,0,0.239,0.0647,0.000111,0.0621,0.955,142.484,167277,4
4PRGxHpCpF2yoOHYKQIEwD,Rock And Roll,Led Zeppelin,69,rock,0.317,0.887,9,-7.292,1,0.0375,0.000582,0.00258,0.0891,0.871,169.613,220561,4
3lIxtCaROdRDuTnNBDm3n2,She's My Collar (feat. Kali Uchis),Gorillaz,63,rock,0.726,0.815,11,-5.886,1,0.0313,0.00799,0.081,0.112,0.462,140.158,209560,4
5JemkdKwXNsNnogI0Mg0ZZ,Sing,Travis,66,rock,0.33,0.905,4,-5.047,1,0.0497,0.000233,0.000008,0.0712,0.259,163.142,228800,4
51txLjbvSBRvtxjCjAFLkM,How Did We Get So Dark?,Royal Blood,66,rock,0.568,0.871,1,-5.235,1,0.0494,0.00177,0.000406,0.36,0.693,133.064,197933,4
61lqNlVRnWYiR9C7BDJw2l,You Give Love A Bad Name,Bon Jovi,67,rock,0.53,0.964,0,-2.571,0,0.0553,0.0528,0.000005,0.372,0.823,122.807,223147,4
67fRHOlaYQQFG67D9DkdnW,"The Apprentice (feat. Rag'n'Bone Man, Zebra Katz & RAY BLK)",Gorillaz,62,rock,0.446,0.648,11,-6.773,0,0.239,0.182,0.000011,0.348,0.696,86.021,234933,4
7fcgisGFCr4mfbfNSztr84,Viva La Vida,Coldplay,66,rock,0.489,0.615,5,-7.185,0,0.0286,0.113,0.000004,0.156,0.456,138.005,241427,4
3gNGi2iUGHXGpBQHce6Nua,When You Were Young,The Killers,72,rock,0.467,0.988,11,-3.313,1,0.112,0.000152,0.0484,0.28,0.321,130.435,220427,4
47EqCQZG5v4o0WFMufGf5S,Cigaro,System Of A Down,65,rock,0.377,0.99,1,-1.594,1,0.0611,0.00046,0.000006,0.259,0.761,110.706,131707,4
6c6W25YoDGjTq3qSPOga5t,Ink,Coldplay,67,rock,0.688,0.706,6,-7.31,1,0.0324,0.0661,0.125,0.118,0.689,112.019,228373,4
3RptaQ5Xb8WvtpItZ2f9Hi,Snuff,Slipknot,71,rock,0.544,0.69,6,-5.723,0,0.0425,0.012,0.0095,0.0615,0.219,123.962,276147,4
7lSDCrF11sdTVfjbAQVZE8,I Fought the Law,The Clash,67,rock,0.525,0.9,2,-6.815,1,0.0545,0.00539,0.000041,0.14,0.883,151.274,163240,4
5l9c6bJmzvftumhz4TMPgk,Harvest Moon,Neil Young,70,rock,0.648,0.309,2,-12.432,1,0.0264,0.526,0.000249,0.124,0.407,112.929,303213,4
6y2DHyCYf6azhUfXmnuH6w,Question!,System Of A Down,65,rock,0.207,0.972,4,-3.21,0,0.186,0.00083,0.0158,0.318,0.364,180.798,200600,4
7woZGXjtaYwuvSoU1zToB3,Free Fallin',Tom Petty,72,rock,0.546,0.442,5,-13.59,1,0.0266,0.203,0,0.0885,0.563,168.829,259093,4
2LpirOWiA4eslLRuPpQT7V,Maggie May,Rod Stewart,68,rock,0.605,0.574,2,-10.536,1,0.0377,0.559,0.113,0.0684,0.543,129.449,350267,4
3YuaBvuZqcwN3CEAyyoaei,Like a Stone,Audioslave,78,rock,0.614,0.568,7,-5.477,0,0.0276,0.00797,0,0.0997,0.516,107.849,293960,4
6GzCkTddOn1vSln1gbSr8y,Shoot to Thrill,AC/DC,64,rock,0.453,0.897,2,-5.376,1,0.0705,0.000357,0.0944,0.365,0.492,141.169,317800,4
1edno116shO09z3PIlPVA5,Colorblind,Counting Crows,56,rock,0.35,0.231,5,-13.319,1,0.031,0.961,0.0947,0.118,0.0713,107.763,203493,4
7990Xs9HQx7FXVIDVPEwj9,Rock And Roll All Nite,KISS,68,rock,0.656,0.931,1,-5.827,1,0.0976,0.046,0,0.0543,0.909,144.747,168733,4
5AiNZnMDCWwujIENPj9PV9,Everything In Its Right Place,Radiohead,65,rock,0.293,0.462,5,-11.412,0,0.0453,0.699,0.0444,0.0954,0.0623,124.004,251427,5
2j0zExWFB0PowLOeoZosjK,Touch Too Much,AC/DC,63,rock,0.525,0.907,7,-4.301,1,0.0963,0.0373,0.000036,0.309,0.607,123.102,266267,4
6vxHp3CDNo0afgKGp2yi1E,Me and Julio Down by the Schoolyard,Paul Simon,73,rock,0.626,0.816,9,-10.593,1,0.13,0.237,0.000002,0.104,0.798,105.33,164813,4
3qitymULqEibr7yknRMKU4,A Whiter Shade Of Pale,Procol Harum,67,rock,0.249,0.66,0,-6.905,1,0.0342,0.504,0.0026,0.0891,0.435,149.813,248947,4
28TReO2Mxk9Q3GA4K98YSz,Kill Rock 'n Roll - Explicit Album Version,System Of A Down,62,rock,0.288,0.987,4,-1.359,1,0.223,0.0168,0,0.264,0.336,184.662,147960,4
2qkmPUG7ARsRwhVICQVwQS,Mercy,Muse,64,rock,0.482,0.926,7,-4.789,1,0.0549,0.00952,0,0.311,0.371,130.007,231973,4
0KMGxYKeUzK9wc5DZCt3HT,If You Leave Me Now - Remastered,Chicago,73,rock,0.429,0.564,11,-6.784,1,0.0268,0.0193,0.000828,0.128,0.276,104.212,235373,4
6ATfHxDPIuzSAmvBMjxwJM,Prison Song,System Of A Down,61,rock,0.502,0.977,1,-3.266,1,0.134,0.0199,0.000095,0.169,0.343,99.963,201160,4
5MSKj7wpVQqSYsnEz1SaTr,Fell In Love With A Girl,The White Stripes,64,rock,0.213,0.977,0,-1.648,1,0.161,0.673,0.0001,0.381,0.356,90.403,110093,4
4w084kZgzOzahaQYALeJUJ,Get Out Of Your Own Way - Afrojack Remix,U2,58,rock,0.481,0.751,2,-5.294,1,0.0526,0.0145,0,0.235,0.373,129.926,246248,4
0yhDca7Z4TOiEejtAx6R3g,Sacrifice,Elton John,66,rock,0.749,0.414,11,-13.036,0,0.0288,0.0149,0.00344,0.0401,0.465,112.751,305760,4
4Na0siMtWOW9pJoWJ1Ponv,Exit Music (For a Film),Radiohead,63,rock,0.293,0.276,7,-11.353,1,0.0351,0.229,0.119,0.167,0.196,121.603,267187,4
0FNP4X9OmYgFk2MRYVIFGB,My Way,Limp Bizkit,68,rock,0.581,0.857,6,-4,1,0.0462,0.0183,0.000001,0.381,0.6,97.006,272973,4
1Q1b8eVkUPGlpSArl8JAVw,Heart Of Gold - Remastered Album Version,Neil Young,65,rock,0.541,0.459,4,-10.433,0,0.0297,0.189,0.0274,0.099,0.803,171.165,187013,4
7aBAo2pO8LvrN8mGba7MvA,Icky Thump,The White Stripes,71,rock,0.424,0.632,9,-7.243,1,0.0922,0.021,0.0117,0.0545,0.356,97.694,254533,4
0zKs47fghFBtrEpxyUR1Wz,Burn It Down - One More Light Live,Linkin Park,64,rock,0.658,0.781,9,-6.472,0,0.0509,0.0639,0,0.381,0.542,110.008,253573,4
2cBGl1Ehr1D9xbqNmraqb4,Crazy,Aerosmith,69,rock,0.354,0.864,6,-3.878,0,0.0386,0.094,0,0.135,0.436,162.252,316693,3
6xtQ23d8GEXgcxyUKPtwc5,Runaway,Linkin Park,67,rock,0.636,0.884,7,-4.743,1,0.0584,0.0142,0,0.253,0.446,109.16,183973,4
6GyDY0yE47rfk8pcuKhioh,Make It Wit Chu,Queens of the Stone Age,59,rock,0.708,0.828,9,-5.286,1,0.0286,0.413,0.000104,0.12,0.505,91.979,290493,4
5IRWgQiN0c2i4U97iE3OoY,Heart of Gold,Neil Young,68,rock,0.542,0.444,4,-11.567,0,0.0295,0.212,0.0519,0.102,0.827,171.719,187013,4
6r9tjMWLv8fNdZKKTnqCEr,Follow Me,Muse,59,rock,0.279,0.817,3,-5.801,1,0.0586,0.00126,0.00002,0.141,0.0842,135.258,230920,4
4hf0hL4kWyjWztZzVsM39V,God Put A Smile Upon Your Face,Coldplay,66,rock,0.612,0.557,9,-5.757,1,0.0289,0.175,0.000077,0.0359,0.242,126.533,297307,4
6Gi8vIT6In8RrT2eTKxoVR,Brown Sugar,The Rolling Stones,64,rock,0.633,0.934,0,-3.594,1,0.0344,0.219,0.00021,0.0592,0.963,128.606,228667,4
4mj2UMyJTBTaO7pffAK29j,Holy Mountains,System Of A Down,62,rock,0.244,0.897,1,-2.402,1,0.0479,0.000992,0.00458,0.106,0.232,152.997,328867,4
6GsP3uMCd0Dn5T37C93waZ,Sick Love,Red Hot Chili Peppers,67,rock,0.591,0.794,4,-5.935,0,0.069,0.183,0,0.292,0.875,147.974,221440,4
4Ds0t9XZTHt4br6cuUD8js,Don't Leave Me Now,Supertramp,48,rock,0.488,0.611,5,-8.579,0,0.0365,0.369,0.0437,0.0433,0.136,111.143,384960,4
5egqKwgK5r5rvGD1LrtR7J,Points Of Authority,Linkin Park,68,rock,0.582,0.96,8,-5.434,0,0.142,0.0267,0,0.28,0.447,95.094,201547,4
3sHH7lklbfpcraDDvYnjo7,Bat Country,Avenged Sevenfold,71,rock,0.541,0.968,0,-4.129,1,0.0396,0.000248,0.000008,0.381,0.505,125.04,311813,4
3a6PN6BRB8PP3ms48s7kU1,Empire Ants (feat. Little Dragon),Gorillaz,64,rock,0.601,0.772,0,-4.137,0,0.031,0.181,0.0543,0.0928,0.294,99.445,283573,4
13AexELGlq5pB7PVkYHUx4,(I Can’t Get No) Satisfaction - Mono / Remastered,The Rolling Stones,54,rock,0.726,0.881,2,-6.971,1,0.0332,0.0365,0.0352,0.172,0.926,136.327,223440,4
1foMv2HQwfQ2vntFf9HFeG,Rhinestone Eyes,Gorillaz,64,rock,0.676,0.703,8,-5.815,0,0.0302,0.0869,0.000687,0.0463,0.852,92.761,200173,4
037Q3LMK7nqfCsTsD0E0JP,Sad But True,Metallica,68,rock,0.633,0.846,7,-6.347,1,0.0337,0.000819,0.00139,0.0762,0.448,89.23,323933,4
1id6H6vcwSB9GGv9NXh5cl,Song 2 - 2012 Remastered Version,Blur,53,rock,0.674,0.789,8,-6.903,1,0.0676,0.00178,0.0071,0.0754,0.918,129.804,121160,4
0W35nxtHtFlseSojmygEsf,War Pigs - 2009 Remastered Version,Black Sabbath,67,rock,0.462,0.628,6,-12.348,0,0.0581,0.231,0.00126,0.188,0.447,90.256,447053,4
1eN42Q7IWRzRBq8eW2Y2TE,El Condor Pasa (If I Could),Simon & Garfunkel,62,rock,0.33,0.214,4,-17.699,0,0.0311,0.836,0.0701,0.178,0.275,147.795,187040,4
4pU7ed71DOZozQrBQzqkdw,With A Little Help From My Friends,Joe Cocker,63,rock,0.339,0.426,2,-11.303,1,0.0543,0.317,0.00082,0.103,0.285,72.445,314200,3
76TZCvJ8GitQ2FA1q5dKu0,The Boxer,Simon & Garfunkel,69,rock,0.439,0.488,11,-14.464,1,0.0615,0.702,0.000339,0.16,0.629,93.017,308520,4
0eeEzvw5Etwv6tyz2PyE6L,In Bloom - Nevermind Version,Nirvana,64,rock,0.437,0.874,10,-4.815,0,0.0605,0.000044,0.000176,0.268,0.501,158.285,255080,4
0h8pmQEibj5GUdMoaqrJnF,So Far Away - Full Version,Dire Straits,64,rock,0.698,0.473,4,-11.741,1,0.0283,0.244,0.211,0.063,0.694,114.453,308800,4
7fcfNW0XxTWlwVlftzfDOR,Walk,Pantera,73,rock,0.43,0.704,1,-8.008,0,0.0804,0.000155,0.00221,0.0933,0.703,118.242,315120,4
35lBL83KZl80dHivikZKEq,"Hook, Line & Sinker",Royal Blood,65,rock,0.51,0.896,7,-5.217,1,0.0363,0.000614,0.000015,0.252,0.492,88.034,207760,4
236mI0lz8JdQjlmijARSwY,High Hopes - 2011 Remastered Version,Pink Floyd,58,rock,0.52,0.411,0,-12.536,0,0.025,0.202,0.153,0.351,0.28,75.235,447053,4
2vyae4DvSU2gs8OMOGwXF2,Rock or Bust,AC/DC,63,rock,0.572,0.825,8,-3.977,1,0.04,0.000071,0.000134,0.134,0.56,98.057,183053,4
75n7mraeMycQOl2sDGYaTe,Mad Sounds,Arctic Monkeys,65,rock,0.532,0.462,10,-10.71,1,0.03,0.279,0.196,0.101,0.485,80.001,215012,4
7AMnWNkwYPxaVDgkwmEEKj,Super Trouper,ABBA,63,rock,0.767,0.632,0,-8.288,1,0.028,0.436,0.000007,0.2,0.953,118.35,254613,4
54ix2V2omFv9UUiMks7Fhf,Woman,Wolfmother,58,rock,0.219,0.952,2,-3.621,1,0.176,0.000051,0.0989,0.157,0.172,112.886,176307,1
5jdvRj8zXHJ7XpKsBKT9CZ,Howlin' For You,The Black Keys,66,rock,0.708,0.737,11,-6.665,0,0.0943,0.0299,0.0804,0.101,0.476,132.612,191800,4
4Iyo50UoYhuuYORMLrGDci,Weird Fishes/ Arpeggi,Radiohead,67,rock,0.538,0.61,11,-8.027,0,0.0392,0.774,0.5175,0.0909,0.199,152.999,318187,4
2S7dIlkIskYF2mv1R66O1m,For Whom The Bell Tolls - Remastered,Metallica,67,rock,0.518,0.858,0,-6.147,1,0.0672,0.00563,0.00349,0.0598,0.249,117.897,309973,4
7aE5WXu5sFeNRh3Z05wwu4,Wish You Were Here - 2011 Remastered Version,Pink Floyd,61,rock,0.481,0.262,7,-15.73,1,0.0414,0.735,0.0114,0.381,0.375,122.883,334744,4
3Q8IgbIg5sgm1cq5GeJ54N,Tainted Love,Marilyn Manson,61,rock,0.621,0.876,8,-7.779,1,0.0728,0.00107,0.000002,0.292,0.537,142.017,200427,4
0jqblvsI9LBY4irmLVqqEO,Welcome to the Family,Avenged Sevenfold,71,rock,0.567,0.946,2,-3.973,0,0.0935,0.00267,0,0.0567,0.699,94.985,245573,4
70gbuMqwNBE2Y5rkQJE9By,Going To California,Led Zeppelin,69,rock,0.503,0.265,2,-15.913,1,0.0333,0.943,0.045,0.0867,0.522,78.044,212161,4
0WQiDwKJclirSYG9v5tayI,There Is A Light That Never Goes Out - 2011 Remastered Version,The Smiths,73,rock,0.523,0.769,4,-5.855,1,0.0269,0.04,0,0.136,0.876,136.162,244587,4
1L94M3KIu7QluZe63g64rv,Alive,Pearl Jam,76,rock,0.284,0.875,11,-6.069,0,0.0422,0.00752,0.000461,0.381,0.595,75.009,340907,4
3aYBjxTMvrEOP0A0UXg9ER,Final Masquerade,Linkin Park,66,rock,0.466,0.852,3,-4.487,1,0.0585,0.00774,0.000003,0.0989,0.428,164.032,217613,4
2DnJjbjNTV9Nd5NOa1KGba,You're So Vain,Carly Simon,73,rock,0.659,0.678,0,-8.18,1,0.0313,0.157,0.000007,0.0784,0.647,106.186,258411,4
6qt0IWS8y6yGR6gNTEmQzj,Viva La Vida - Live From Spotify London,Coldplay,65,rock,0.433,0.922,8,-6.8,1,0.12,0.123,0.000005,0.381,0.5,138.203,234027,3
0TF3F5Lw5apoD1zvR8LikO,Jessie's Girl,Rick Springfield,73,rock,0.688,0.706,2,-7.925,1,0.042,0.0752,0,0.0924,0.842,131.705,192867,4
2mwnYvlLVP465u9V9wjUGj,Find Me,Kings of Leon,69,rock,0.4,0.946,1,-3.966,0,0.0634,0.000136,0.5175,0.155,0.611,161.591,245573,4
6rdEEYHsLavlklAypD5cre,Runnin' Down A Dream,Tom Petty,63,rock,0.453,0.871,9,-12.004,1,0.0345,0.000451,0.298,0.381,0.748,170.011,262373,4
4QJLKU75Rg4558f4LbDBRi,If Today Was Your Last Day,Nickelback,71,rock,0.485,0.911,3,-5.749,1,0.0355,0.000087,0,0.092,0.568,89.956,249067,4
4yugZvBYaoREkJKtbG08Qr,Take It Easy,Eagles,75,rock,0.575,0.67,7,-10.39,1,0.0318,0.343,0.000005,0.129,0.74,139.191,211578,4
2arL1Kf2JBS7ms00JAz4w0,Help,Papa Roach,71,rock,0.507,0.918,2,-4.684,1,0.0701,0.00107,0.000009,0.311,0.284,92.006,215291,4
5ZYBczat60p8a2Fnenour4,Garage Palace (feat. Little Simz),Gorillaz,62,rock,0.776,0.666,0,-8.463,1,0.207,0.0872,0,0.381,0.51,133.062,151400,4
5rIhBK9aaVMck0W2YtOwci,Decks Dark,Radiohead,62,rock,0.56,0.5,2,-10.829,0,0.0272,0.668,0.5175,0.117,0.249,139.174,281011,4
1ot6jEe4w4hYnsOPjd3xKQ,I'm So Excited,The Pointer Sisters,70,rock,0.59,0.868,5,-5.832,0,0.048,0.0962,0.000322,0.381,0.798,184.348,230640,4
2W4yTO3qHdqyvbz2UxfIPh,Submission (feat. Danny Brown & Kelela),Gorillaz,62,rock,0.677,0.83,4,-3.96,1,0.0489,0.00697,0,0.134,0.612,137.997,201573,4
5RgPd9i9pxkGc8SBLd2i3p,Have A Nice Day,Stereophonics,64,rock,0.508,0.826,1,-4.088,0,0.0405,0.018,0,0.28,0.404,120.854,205067,4
1Q5kgpp4pmyGqPwNBzkSrw,Roadhouse Blues,The Doors,68,rock,0.612,0.634,9,-8.212,1,0.0319,0.337,0.000046,0.147,0.904,121.059,243827,4
4LOgi2TAAoKU9ImfzRrCPO,Heaven,Bryan Adams,72,rock,0.269,0.572,9,-7.361,0,0.0278,0.059,0.000001,0.123,0.364,69.83,243360,4
7FwBtcecmlpc1sLySPXeGE,Dancing In the Dark,Bruce Springsteen,75,rock,0.527,0.942,1,-5.64,0,0.0366,0.0115,0,0.188,0.495,148.723,241307,4
2CJ6CRzuRQd46asE1ucuVD,Charger (feat. Grace Jones),Gorillaz,61,rock,0.574,0.741,0,-4.815,1,0.044,0.112,0.00362,0.347,0.511,138.041,214387,4
1tjHKKI0r82IB5KL29whHs,Panic Station,Muse,63,rock,0.671,0.766,2,-3.1,1,0.0378,0.00224,0.000154,0.159,0.726,104.99,184200,4
4VP8QiCeaZq8BeTIUrMQOG,No You Girls,Franz Ferdinand,59,rock,0.677,0.916,2,-4.102,0,0.0296,0.0086,0.000077,0.0967,0.878,104.78,223787,4
2olVm1lHicpveMAo4AUDRB,The Power Of Love - 2006 Digital Remaster,Huey Lewis & The News,73,rock,0.768,0.829,5,-5.109,1,0.0313,0.0964,0.000029,0.097,0.962,118.773,234333,4
1LfSbPH1QCPxce41b9mmYF,Psycho,System Of A Down,60,rock,0.465,0.682,7,-4.046,1,0.073,0.00151,0.000065,0.175,0.412,145.32,225893,4
0dxPHMZTI8TWMYRucsAFNd,Attack,System Of A Down,62,rock,0.349,0.97,6,-2.874,1,0.0892,0.00511,0.000003,0.0433,0.299,159.785,186467,4
6QhXQOpyYvbpdbyjgAqKdY,Cecilia,Simon & Garfunkel,69,rock,0.755,0.876,0,-8.867,1,0.0362,0.357,0.000005,0.22,0.954,102.762,174827,4
0yac0FPhLRH9i9lOng3f81,Everybody's Changing,Keane,67,rock,0.518,0.839,0,-3.521,1,0.0287,0.0014,0.000365,0.109,0.416,94.017,215713,4
1158ckiB5S4cpsdYHDB9IF,My Own Summer (Shove It),Deftones,67,rock,0.443,0.781,1,-4.277,1,0.0377,0.000013,0.205,0.166,0.372,71.841,214760,4
6l8EbYRtQMgKOyc1gcDHF9,Bridge Over Troubled Water,Simon & Garfunkel,68,rock,0.149,0.206,3,-13.888,1,0.0323,0.822,0.000649,0.115,0.264,79.764,293120,4
7LyIoUsiMtelB1I0I4drEF,Modern Love - 1999 Remastered Version,David Bowie,67,rock,0.315,0.889,0,-8.192,1,0.041,0.000376,0.00241,0.133,0.961,181.329,288467,4
4CTgCROhytFCN0o8t4CYAO,American Dreams,Papa Roach,68,rock,0.587,0.879,2,-5.897,1,0.0553,0.00124,0,0.125,0.397,108.903,203119,4
4cVHMHgmWgudD399ZdhQ3L,Let's Dance (Single Version) [2002 Remastered Version] - Single Version; 2002 Digital Remaster,David Bowie,66,rock,0.654,0.641,8,-9.771,1,0.0482,0.00535,0.00321,0.209,0.794,114.696,247600,4
4wzt5Rrk3W98pHXAqutuJw,Talk,Coldplay,65,rock,0.413,0.557,7,-10.841,0,0.0335,0.00548,0.00227,0.155,0.158,120.318,311292,4
4dO0NqNcwW7yWEHPyQmi7m,Fade To Black - Remastered,Metallica,66,rock,0.256,0.924,7,-6.685,1,0.113,0.00369,0.234,0.114,0.28,113.574,417227,4
5KGbRvZyVyKP2AEJMHErB4,Old Yellow Bricks,Arctic Monkeys,66,rock,0.66,0.837,0,-4.315,1,0.0682,0.000147,0.000007,0.0788,0.757,135.158,193227,4
7wI3BPAoQj5lCpMmyNToGy,Lazy Boy - Edit,Franz Ferdinand,58,rock,0.604,0.911,0,-5.212,1,0.239,0.0158,0.000002,0.197,0.569,118.026,143670,4
3Ro71R8Vpy166E2PuQDSc8,The Magnificent Seven - Remastered,The Clash,58,rock,0.799,0.789,0,-8.208,1,0.0396,0.0604,0,0.0338,0.832,116.081,333520,4
70f0ToGXTEtLKFSwHMbHoC,Please Come Home For Christmas - Bonus Track,Eagles,59,rock,0.609,0.357,9,-10.056,1,0.0398,0.514,0.00034,0.0603,0.468,183.055,180413,3
4CWhc9FaMMfBTt4ANjfbOf,No More Sorrow,Linkin Park,66,rock,0.571,0.934,3,-4.22,0,0.0531,0.00316,0.000006,0.197,0.409,132.594,221720,4
6gYhwQ4mKirCbLFE1eYKhu,Hard Sun,Eddie Vedder,64,rock,0.439,0.84,8,-6.508,1,0.0325,0.0589,0.000913,0.314,0.6,143.347,322080,4
2Aqc48sn8He26hmTvQ2BMj,Hey,Pixies,68,rock,0.596,0.315,7,-15.003,1,0.0305,0.000897,0.00106,0.121,0.343,99.807,211440,4
10fRfvMo6WCO9Gaawxy2U9,Waterloo,ABBA,63,rock,0.445,0.949,2,-4.682,1,0.0471,0.395,0.000008,0.0902,0.653,147.604,168960,4
6qV3OEpN6uFCZnzNSslbn1,Conversation Piece,Kings of Leon,61,rock,0.425,0.593,4,-7.419,1,0.0241,0.35,0.488,0.216,0.653,170.506,299253,4
0cDa0cvogF66Dl7gh8yJQI,"De Do Do Do, De Da Da Da - Remastered 2003",The Police,58,rock,0.78,0.523,9,-8.884,1,0.051,0.06,0.0629,0.239,0.855,147.86,246689,4
3MFFDRC4wTN9JNGtzXsZlN,Love Her Madly,The Doors,69,rock,0.564,0.587,4,-7.393,0,0.0316,0.0573,0.00485,0.0416,0.966,147.462,198467,4
7FIcV2kEiO2mvvMbxU5Jkn,The Little Drummer Boy - Mono Version,Johnny Cash,56,rock,0.686,0.497,0,-10.422,0,0.0579,0.967,0.000416,0.105,0.559,118.871,152267,4
3sw1PM6wj5aUq3kDrHJsk8,Shiny Happy People,R.E.M.,69,rock,0.453,0.908,9,-3.948,1,0.0373,0.0285,0.03,0.258,0.74,124.592,225787,4
2fpKkOzGcJ1tnBDnu8kJmp,Fox on the Run - Single Version,Sweet,63,rock,0.474,0.809,4,-4.974,1,0.0386,0.00541,0,0.0602,0.702,127.599,202960,4
7dBMQbBKG6n9HkVXkUKnhQ,The Way You Used To Do,Queens of the Stone Age,71,rock,0.474,0.843,0,-5.909,1,0.239,0.0102,0.104,0.362,0.433,97.691,274282,4
3tRv4ZYZimrL27flnjgeR6,Every You Every Me,Placebo,66,rock,0.478,0.923,10,-7.547,1,0.0569,0.000027,0.5175,0.325,0.165,133.134,213800,4
4K1imZQQ0yKtJ40vGmUajS,Girl from the North Country,Bob Dylan,66,rock,0.607,0.142,7,-23.455,1,0.0382,0.843,0.000197,0.121,0.305,118.867,220400,4
5pS433WfKO8SVdAX3QYf0A,Wild Horses,The Rolling Stones,62,rock,0.432,0.389,7,-6.517,1,0.0255,0.687,0.0107,0.0788,0.158,139.506,341773,4
6p2liQLGoDaLXgND68bfVt,Coming Undone,Korn,72,rock,0.687,0.677,2,-4.172,1,0.0508,0.000658,0.000146,0.0564,0.546,75.052,199773,4
01v7kv0RTVaX4Vs8GcOGOP,This Is War,Thirty Seconds To Mars,63,rock,0.401,0.723,6,-5.26,1,0.0583,0.0661,0.000002,0.233,0.224,160.048,327027,4
3xMSaDC9TU6AQJIsxQB7MK,All You Need Is Love - Remastered,The Beatles,62,rock,0.4,0.48,7,-7.768,1,0.0295,0.346,0.000031,0.155,0.653,103.436,230387,4
1Dr1fXbc2IxaK1Mu8P8Khz,When I Come Around,Green Day,75,rock,0.531,0.909,11,-4.236,1,0.034,0.0175,0,0.231,0.814,97.546,178000,4
0G5F2msfVO77xs7ql2RiTS,Beautiful Day,U2,57,rock,0.541,0.914,2,-6.727,1,0.052,0.0225,0.000441,0.353,0.449,136.282,245707,4
4OeFQtRyT7vsLnRTv7t8YT,The Best,Tina Turner,66,rock,0.651,0.87,0,-5.149,1,0.0318,0.103,0.00815,0.0979,0.729,103.857,330253,4
0M80OH09xmL6yIeUHHyX0O,This Is The New Shit,Marilyn Manson,61,rock,0.566,0.869,2,-6.084,1,0.1,0.000916,0.00346,0.114,0.647,178.113,259667,4
75ARkUKb54dQ86YezuoNhn,Hate To Say I Told You So,The Hives,64,rock,0.447,0.9,5,-6.741,1,0.0578,0.00114,0.00596,0.381,0.39,135.861,199733,4
7f9I5WdyXm5q1XqnSYgQZb,Brianstorm,Arctic Monkeys,67,rock,0.42,0.974,1,-4.706,1,0.191,0.000082,0.00155,0.0871,0.463,165.182,172867,4
2A6yzRGMgSQCUapR2ptm6A,True Colors,Cyndi Lauper,69,rock,0.386,0.145,0,-16.94,1,0.0362,0.792,0.000196,0.1,0.262,171.63,226067,4
4Yx9Tw9dTgQ8eGCq3PRDyn,Raining Blood,Slayer,65,rock,0.301,0.995,1,-4.394,0,0.159,0.000417,0.295,0.125,0.0374,88.15,255187,4
1j9rezdE3YeC7yktZXC1em,I Want It All,Arctic Monkeys,65,rock,0.499,0.81,5,-5.579,1,0.0347,0.000637,0.0748,0.0625,0.288,131.052,185406,4
6wVWJl64yoTzU27EI8ep20,Crying Lightning,Arctic Monkeys,66,rock,0.498,0.885,4,-4.423,0,0.0461,0.0148,0.00041,0.239,0.67,106.719,224827,4
4z5eLUR8oCbRywMw1ytNol,Every Breaking Wave,U2,59,rock,0.674,0.441,9,-9.04,1,0.0267,0.00929,0.000017,0.109,0.412,115.04,252162,4
1ta2S3gzMhDEm4zXj1CMF6,"Faith - From ""Sing"" Original Motion Picture Soundtrack",Stevie Wonder,62,rock,0.732,0.871,1,-3.626,1,0.172,0.145,0,0.0567,0.931,158.052,160880,4
3vL57lNQWn9DedKLxY0nvt,Feel The Love Go - Edit,Franz Ferdinand,61,rock,0.593,0.666,10,-4.824,0,0.0679,0.000825,0,0.381,0.449,114.344,197490,4
4wYq5wugZDzQiMZQYG4wVB,Whole Lotta Rosie,AC/DC,64,rock,0.29,0.839,9,-4.459,1,0.078,0.0014,0.476,0.0954,0.42,158.972,333800,4
11Tm0hw3DDF1gqU0kSEwiC,Rape Me,Nirvana,61,rock,0.417,0.739,8,-10.543,1,0.0466,0.0186,0,0.0638,0.255,111.928,170000,4
3k9i7UzeSUYWIfUZFeFDUd,Layla - 40th Anniversary Version / 2010 Remastered,Derek & The Dominos,68,rock,0.404,0.903,1,-3.88,1,0.0668,0.577,0.297,0.287,0.498,115.672,423840,4
5tEWG2w3eCJAleGxvZGm8p,It's Raining Again,Supertramp,57,rock,0.603,0.674,10,-6.808,1,0.0295,0.62,0.00261,0.26,0.559,121.261,264240,4
7Ar4G7Ci11gpt6sfH9Cgz5,Listen To The Music,The Doobie Brothers,74,rock,0.645,0.598,1,-13.18,0,0.0335,0.221,0.000004,0.0721,0.913,105.929,227267,4
5nbNdS5SKdpiDZjCBh8W7b,Get It On,T. Rex,64,rock,0.728,0.878,11,-6.926,0,0.0564,0.176,0.5175,0.381,0.911,126.59,262613,4
4atMrAadB7dS8xn9vfk9PQ,Fireside,Arctic Monkeys,65,rock,0.538,0.953,9,-5.611,0,0.056,0.0234,0.00126,0.113,0.74,100.033,181049,4
5mhUPDWQH3s544WCsa0r9w,Human,The Killers,69,rock,0.547,0.837,10,-7.085,1,0.0676,0.00112,0.000624,0.0937,0.568,135.47,245360,4
4V05j7HDUU2bZQwDOeIySh,Last Resort,Papa Roach,69,rock,0.56,0.892,4,-3.365,0,0.0644,0.000624,0.000164,0.177,0.67,90.615,200480,4
6q9CRTF8dyABIcKj7bCJwf,Fear Of The Dark - 1998 Remastered Version,Iron Maiden,62,rock,0.301,0.813,2,-8.786,0,0.0568,0.000674,0.000631,0.197,0.236,109.25,436960,4
1JCUZFhvGhPQ1qZIB51YQc,Little Thing Gone Wild,Black Rebel Motorcycle Club,50,rock,0.546,0.838,1,-6.447,1,0.0371,0.000187,0.507,0.33,0.549,120.01,198710,4
1iGXvUsVVkYBas0Cniw6NB,Hallowed Be Thy Name - 1998 Remastered Version,Iron Maiden,66,rock,0.304,0.909,9,-5.162,1,0.0362,0.00185,0.122,0.362,0.348,103.99,432800,4
5wSXPGYKMycWJQE2b0UFEH,Bohemian Rhapsody - Remastered 2011,Queen,51,rock,0.392,0.398,0,-9.973,0,0.0515,0.256,0,0.195,0.236,143.587,355467,4
5LcD4BvRlJOn8inQGT2RUY,Miss You - Remastered,The Rolling Stones,59,rock,0.797,0.718,9,-4.747,0,0.0423,0.421,0.00678,0.236,0.811,109.688,288667,4
04MNKrAnzrHDUzuXAtNoLr,Live And Let Die,Guns N' Roses,65,rock,0.262,0.793,11,-8.668,1,0.0646,0.00968,0.08,0.115,0.247,152.447,183973,4
3YQUpKTmtgPJf8u6ooi9KA,Step Into Christmas,Elton John,66,rock,0.532,0.926,2,-5.536,1,0.0357,0.112,0.00001,0.318,0.814,140.137,272394,4
2tAeN2TKlQLOoSPXtARzBV,Eruption - 2015 Remastered Version,Van Halen,66,rock,0.225,0.689,8,-9.12,1,0.0555,0.469,0.5175,0.337,0.5,93.798,102080,4
6dWGJ5acTiipYqVpNyOTKd,New Divide - One More Light Live,Linkin Park,63,rock,0.463,0.87,5,-5.955,0,0.0473,0.00029,0.000002,0.381,0.26,117.945,270560,4
5IyL3XOaRPpTgxVjRIAxXU,Ziggy Stardust - 2012 Remastered Version,David Bowie,67,rock,0.505,0.554,7,-11.616,1,0.0782,0.0478,0,0.219,0.506,80.02,193880,4
6qB7YcFpeBEQa0D6QO482y,It Must Have Been Love,Roxette,70,rock,0.52,0.652,5,-6.655,1,0.0274,0.34,0.000055,0.256,0.722,80.609,258787,4
2ccUQnjjNWT0rsNnsBpsCA,Surrender,Cheap Trick,72,rock,0.524,0.955,0,-7.081,1,0.0411,0.00717,0.000009,0.381,0.869,133.849,253733,4
2DHgvPQD1jApRnT1DBZdrS,High Speed,Coldplay,64,rock,0.493,0.525,7,-9.342,0,0.0301,0.396,0.00736,0.0961,0.248,154.448,256467,4
7nnWIPM5hwE3DaUBkvOIpy,Drive,Incubus,74,rock,0.645,0.792,4,-7.34,0,0.036,0.0562,0.0121,0.119,0.666,90.565,232453,4
2nTgdpxwpXTk5x1c9yaO3W,Blackout,Muse,56,rock,0.172,0.28,10,-11.877,1,0.0394,0.43,0.408,0.131,0.0617,116.94,262200,3
3aKJVWH2QOsaMtiCLxYHZX,Lake Of Fire,Nirvana,62,rock,0.561,0.616,1,-9.69,0,0.195,0.318,0.000045,0.381,0.683,145.249,175907,4
2RaA6kIcvomt77qlIgGhCT,Breaking the Law,Judas Priest,70,rock,0.362,0.961,2,-5.664,1,0.0857,0.024,0.000009,0.159,0.491,164.019,153840,4
5EuWYcCiqOaf9jkWBauDFN,Want You Bad,The Offspring,64,rock,0.493,0.965,4,-4.268,1,0.0543,0.000064,0.000001,0.316,0.609,105.535,202573,4
0sDqo9UPzPUtu9wEkI3zRB,The Weight - 2000 - Remaster,The Band,72,rock,0.63,0.519,9,-10.997,1,0.0528,0.225,0.000004,0.0974,0.502,143.942,278627,4
0u35Dpz37TY2M2j20RUdMf,Politik,Coldplay,64,rock,0.263,0.481,5,-7.753,0,0.0293,0.0364,0.00021,0.11,0.0675,170.967,318627,4
1fQaoh3imrMunWVZh5kf90,Shepherd of Fire,Avenged Sevenfold,70,rock,0.576,0.906,2,-7.677,1,0.0571,0.000332,0.0614,0.0908,0.211,127.935,323800,4
3Yls95V4qCzVfR20gr8cOW,Cryin',Aerosmith,66,rock,0.443,0.855,9,-3.674,1,0.0324,0.000192,0.0102,0.353,0.466,105.84,308333,3
2nZ7Cvk7RIdnG3KvihJd5F,Wasted,Kasabian,64,rock,0.577,0.896,1,-6.662,0,0.0392,0.0108,0.000074,0.206,0.591,127.967,247307,4
22uzF19LxQW87kOVkR79Fq,Another's Arms,Coldplay,63,rock,0.518,0.572,8,-9.037,1,0.0291,0.00715,0.256,0.139,0.347,160.005,234413,4
46RVKt5Edm1zl0rXhPJZxz,Down Under,Men At Work,75,rock,0.746,0.79,11,-4.7,0,0.0257,0.0485,0.0261,0.0534,0.891,107.231,220867,4
5RYLa5P4qweEAKq5U1gdcK,A Kind Of Magic - Remastered 2011,Queen,61,rock,0.67,0.776,9,-5.874,1,0.0356,0.0184,0.00294,0.128,0.703,130.128,264253,4
5fcxVCOtfesNzI2n4Y4kiJ,Jackson - Mono Version,Johnny Cash,60,rock,0.741,0.615,0,-8.072,1,0.0358,0.519,0.000344,0.381,0.799,128.496,165827,4
0j3obufLXq5toSs592dX9U,Bliss,Muse,58,rock,0.447,0.8,0,-9.482,0,0.047,0.000258,0.00206,0.113,0.251,127.956,251147,4
3x2bXiU0o4WbsPkawXlfDA,Who Are You,The Who,65,rock,0.651,0.661,9,-11.405,1,0.0511,0.265,0.00313,0.106,0.489,156.371,378707,4
5MoDQWMDMaAGDEiWsJfeCi,Eternal Flame,The Bangles,71,rock,0.526,0.358,4,-7.239,0,0.0243,0.525,0,0.0942,0.4,78.988,238027,3
0n2SEXB2qoRQg171q7XqeW,Smooth,Santana,73,rock,0.609,0.923,9,-3.908,1,0.0338,0.16,0.000005,0.295,0.961,115.996,294987,4
2vQQfWTanvD99OeHLAoyhW,From The Ritz To The Rubble,Arctic Monkeys,66,rock,0.216,0.882,11,-5.176,0,0.0439,0.00147,0,0.308,0.656,189.286,193427,4
6kooDsorCpWVMGc994XjWN,Black Betty,Ram Jam,63,rock,0.465,0.907,11,-6.404,0,0.113,0.0241,0.00118,0.13,0.681,117.293,238973,4
6O6uCLip9LyOJhm6iV7M2y,Long Nights,Eddie Vedder,60,rock,0.474,0.308,5,-12.991,1,0.0297,0.634,0.00199,0.176,0.103,108.577,151773,4
6ITuEsxEy2qPhqMowdDAeI,Train in Vain - Remastered,The Clash,66,rock,0.761,0.722,2,-8.712,1,0.0428,0.0922,0.000366,0.132,0.966,122.764,194667,4
6MvGz9TuT9exMFmd6PoNso,My Immortal - Band Version,Evanescence,56,rock,0.25,0.334,9,-7.882,1,0.0342,0.756,0.000019,0.087,0.0699,149.946,273360,4
3CSpzkoL1XgDBZ1q9aDCUV,Uptown Girl,Billy Joel,73,rock,0.696,0.943,4,-2.962,1,0.0431,0.0736,0,0.381,0.833,129.003,194867,4
2WOjLF83vqjit2Zh4B69V3,"Don't Think Twice, It's All Right",Bob Dylan,67,rock,0.6,0.243,4,-17.085,1,0.0366,0.89,0.0022,0.249,0.468,110.535,217400,4
1cAKfDcmAPKijCDhK28GqW,Mandela Day - 2002 - Remaster,Simple Minds,54,rock,0.494,0.693,5,-9.781,1,0.0345,0.000897,0.0388,0.32,0.481,94.154,345293,4
14EORgkbXqIx5K4Haucmnb,Absolute Zero,Stone Sour,70,rock,0.552,0.988,1,-2.555,0,0.0787,0.000108,0.309,0.381,0.619,139.941,229840,4
4M7XzMb9rNL4rncIXR5pD6,Maybe Tomorrow,Stereophonics,62,rock,0.495,0.653,7,-6.769,0,0.0361,0.217,0.000458,0.334,0.571,80.897,272947,4
0F1sjS4EhR1Rwiq4ir6mqZ,The Drugs Don't Work,The Verve,64,rock,0.445,0.526,0,-8.649,1,0.0265,0.185,0,0.14,0.174,77.42,304880,4
6NdcSEhpGGAYXNnnhGS2s6,What I Like About You,The Romantics,72,rock,0.542,0.915,9,-9.637,1,0.0549,0.319,0.000053,0.171,0.92,159.81,175400,4
6U8VHaQxzECez4TSt0nmiP,Everglow - Live From Spotify London,Coldplay,64,rock,0.536,0.486,1,-9.431,0,0.037,0.304,0.000479,0.381,0.125,72.727,255853,4
2W6PNGCN4PGwPMf1jYazL4,Can't Stop Loving You - 2016 Remastered,Phil Collins,59,rock,0.604,0.778,0,-5.686,1,0.0259,0.00726,0.000013,0.114,0.419,100.155,256453,4
1XxCiPw07rd1ytYnE7SoJI,Road Trippin',Red Hot Chili Peppers,63,rock,0.243,0.47,4,-8.194,0,0.0353,0.309,0.000798,0.121,0.393,204.026,204973,4
0Q4FBn52tglZ02DCrAY8j0,You Are So Beautiful,Joe Cocker,60,rock,0.507,0.113,1,-10.781,1,0.0429,0.797,0.000592,0.166,0.207,118.469,163600,4
76Ug1q4l6rGwJ2ubV5wh3X,All Alone,Gorillaz,60,rock,0.585,0.809,7,-7.837,1,0.125,0.00144,0.35,0.272,0.456,148.151,213333,4
4wfm9CakR60wmNej5R6HRk,Where The Streets Have No Name,U2,58,rock,0.499,0.722,2,-9.496,1,0.0378,0.00846,0.00829,0.16,0.277,125.811,337506,4
1gij27s31tFKcTHa8f1u4g,Hard as a Rock,AC/DC,62,rock,0.481,0.724,4,-5.642,1,0.0324,0.0018,0.18,0.11,0.2,116.341,271000,4
1244xKUG27TnmQhUJlo3gU,Reapers,Muse,62,rock,0.421,0.892,7,-4.235,1,0.0564,0.000033,0.00331,0.141,0.398,95.866,359520,4
6AJlcxjEO2baFC24GPsJjg,Holding Out for a Hero,Bonnie Tyler,66,rock,0.575,0.811,9,-10.981,0,0.0401,0.0159,0.000004,0.0902,0.873,149.671,348707,4
3KVVhZUYs77OSujKlvWEXy,Leave Out All the Rest - One More Light Live,Linkin Park,64,rock,0.413,0.694,0,-7.984,1,0.0562,0.00286,0.00172,0.381,0.276,159.982,290720,4
72boGlgSwUK01n44O2tOCv,Lost in the Supermarket,The Clash,63,rock,0.608,0.634,4,-11.24,1,0.0725,0.0568,0.00568,0.116,0.841,147.514,226947,4
6wCAlef51zMkEePdBmS9sK,Still Loving You - 2015 Remaster,Scorpions,51,rock,0.271,0.597,8,-4.128,0,0.0311,0.158,0.00135,0.246,0.0746,103.29,388613,4
1gyee1JuFFiP476LQpRMYU,The Red,Chevelle,73,rock,0.509,0.843,1,-3.318,0,0.0488,0.000671,0.000803,0.348,0.332,140.055,238400,3
2lWX5GTGfy6QGkwOzJORBC,In the End - One More Light Live,Linkin Park,63,rock,0.355,0.89,3,-6.637,0,0.15,0.0131,0,0.381,0.287,104.838,228187,4
3LIaJyHeA9lxmskbFaez44,Lay All Your Love On Me,ABBA,62,rock,0.679,0.708,2,-7.854,0,0.0258,0.0989,0.00384,0.381,0.763,133.501,274467,4
1EXrFPfVNVsyb32yapebbM,Our House,Madness,64,rock,0.589,0.715,0,-6.073,1,0.0401,0.0884,0.00105,0.0559,0.806,120.999,203120,4
0OdZJLUjIwcp9zUM9cXLia,Sharp Edges - One More Light Live,Linkin Park,64,rock,0.425,0.453,5,-8.354,1,0.0671,0.64,0.000001,0.381,0.191,108.113,287547,4
7mXJEniTl79NSO50M2HjBU,Battle Symphony - One More Light Live,Linkin Park,63,rock,0.577,0.915,10,-4.964,1,0.0465,0.0843,0.00002,0.38,0.656,74.506,225133,4
2hQEhszuJ1boLQdy4eo7ks,En Chemin,Phil Collins,38,rock,0.647,0.668,7,-7.714,1,0.0277,0.557,0,0.331,0.521,101.974,221467,4
0vjYxBDAcflD0358arIVZG,Ten Tonne Skeleton,Royal Blood,62,rock,0.488,0.879,7,-3.329,0,0.0393,0.000488,0.000001,0.14,0.557,86.986,187853,4
4xh7W7tlNMIczFhupCPniY,Go Your Own Way - 2004 Remastered Edition,Fleetwood Mac,73,rock,0.586,0.941,5,-5.139,1,0.0375,0.0167,0.000776,0.068,0.831,135.448,223613,4
5jQcJ2st6yHWhUBjoDoZPH,Georgy Porgy,Toto,57,rock,0.821,0.573,11,-14.136,0,0.0718,0.105,0.0642,0.0566,0.938,97.12,247773,4
1BDKqhEFRW5d9Y5CVXNUL1,You Could Be Mine,Guns N' Roses,65,rock,0.346,0.984,10,-5.674,0,0.132,0.00842,0.377,0.338,0.302,150.847,343640,4
06ClI3XK2FPR5uP8tPcFS1,Around The World,Kings of Leon,67,rock,0.575,0.854,1,-5.847,0,0.0362,0.000252,0.5175,0.351,0.587,113.075,214040,4
2JB7PvDV0R3Vwbq0iy1WPe,Feet Don't Fail Me,Queens of the Stone Age,68,rock,0.514,0.806,2,-6.947,1,0.0582,0.0188,0.00227,0.0976,0.288,109.331,341825,4
47ih1BN9dECO0Gu0yPeMyD,TalkTalk,A Perfect Circle,66,rock,0.406,0.738,9,-4.64,1,0.0439,0.00138,0.0117,0.154,0.31,150.886,255806,3
6gXrEUzibufX9xYPk3HD5p,Life In The Fast Lane - Remastered,Eagles,72,rock,0.667,0.755,9,-7.246,1,0.069,0.0966,0.000069,0.0523,0.883,109.535,286220,4
5fpj84RsT9cOTfWUCxBTXu,Little Monster,Royal Blood,64,rock,0.454,0.882,5,-4.251,1,0.06,0.00122,0.00156,0.138,0.497,95.999,212310,4
3r7ob3H6WJJA0mf8eT9jQZ,Numb - One More Light Live,Linkin Park,63,rock,0.326,0.796,6,-6.507,0,0.109,0.0857,0,0.0919,0.32,100.963,230573,1
6hTcuIQa0sxrrByu9wTD7s,Born to Run,Bruce Springsteen,71,rock,0.27,0.944,4,-4.199,1,0.0975,0.00501,0.000021,0.116,0.606,146.347,269920,4
36lkJSDyMEZoWTqtRj8Q8q,You're The Inspiration - 2006 Remastered Version,Chicago,72,rock,0.583,0.602,11,-6.364,1,0.0274,0.368,0,0.22,0.388,74.008,229240,4
1dfuJYDSIc41cw5RPsaCF1,Help! - Remastered 2015,The Beatles,63,rock,0.602,0.736,11,-6.51,0,0.0332,0.149,0,0.0776,0.819,94.931,139240,4
0wyXUnldyolD7q1jbawZMI,Holy Mountain,Noel Gallagher's High Flying Birds,47,rock,0.429,0.969,1,-5.115,1,0.0412,0.000005,0.5175,0.381,0.729,137.015,234880,4
5bIjikRaksyTeLWJ3THDWJ,I'll Supply the Love,Toto,41,rock,0.739,0.841,1,-6.549,0,0.0307,0.00533,0.5175,0.101,0.742,125.25,224107,4
6crBy2sODw2HS53xquM6us,Tribute,Tenacious D,66,rock,0.365,0.767,9,-6.185,0,0.0681,0.181,0.000856,0.0942,0.422,94.174,248053,4
5XPv30nzEZOFS10mKGbtQ7,Up Around The Bend,Creedence Clearwater Revival,64,rock,0.589,0.85,2,-6.143,1,0.0343,0.0606,0.5175,0.274,0.813,130.318,161467,4
1IqFh00G2kvvMm8pRMpehA,Me and Bobby McGee,Janis Joplin,67,rock,0.453,0.464,2,-10.96,1,0.0431,0.302,0.00006,0.152,0.658,93.19,271333,4
2XiSB3m4WSkxD3xIUrYHfV,Adventure Of A Lifetime - Live From Spotify London,Coldplay,63,rock,0.515,0.851,9,-8.174,0,0.0689,0.0644,0.000139,0.381,0.588,115.665,258613,4
1rMwK3BY55sPQMNItiGN7w,Soundboy Killa,P.O.D.,54,rock,0.581,0.966,7,-6.117,1,0.117,0.000439,0.000115,0.0752,0.53,94.992,245187,4
0dOg1ySSI7NkpAe89Zo0b9,Born in the U.S.A.,Bruce Springsteen,69,rock,0.398,0.952,4,-6.042,1,0.061,0.000373,0.000077,0.1,0.584,122.093,278680,4
6mVD1SfTvlFAPVi7txFL5H,Machu Picchu,The Strokes,65,rock,0.695,0.814,1,-5.294,1,0.066,0.0133,0.0984,0.0601,0.882,105.011,209627,4
2vX5WL7s6UdeQyweZEx7PP,Walk This Way,Aerosmith,69,rock,0.629,0.785,5,-10.761,1,0.0471,0.0249,0.000009,0.0522,0.869,108.531,211027,4
2qoZNAP3JLyIOtbsPtBjvV,What Christmas Means To Me,Stevie Wonder,61,rock,0.478,0.542,5,-10.135,1,0.0367,0.244,0,0.0839,0.821,167.486,147227,4
1AOTn6kUs8cILwPuc8QMgT,Stranger In Town,Toto,40,rock,0.594,0.878,2,-7.377,0,0.0365,0.0428,0.314,0.309,0.76,155.185,286907,4
2xbrMtkxp399aSiCJ8EAON,Knives Out,Radiohead,58,rock,0.433,0.675,2,-6.702,0,0.0337,0.0911,0.293,0.159,0.184,137.268,254867,4
6olS0TmHmsGr0hXtcBsiVM,A Tout Le Monde - 2004 Digital Remaster,Megadeth,63,rock,0.272,0.747,5,-4.86,0,0.0401,0.000393,0.00004,0.16,0.255,202.777,262133,4
7hQ0ojbeqicGhw0wdUVeaN,We Got The Power (feat. Jehnny Beth),Gorillaz,60,rock,0.507,0.985,0,-2.392,1,0.153,0.228,0.000033,0.19,0.394,150.059,139560,4
3h4h7LYcudzLLRX2dJU6st,Africa,Toto,70,rock,0.701,0.576,9,-9.328,1,0.0298,0.195,0.000252,0.049,0.695,92.781,296400,4
2hmibAtdObO8F4tnhLENuQ,Reptilia,The Strokes,66,rock,0.488,0.65,9,-5.11,1,0.0336,0.000597,0.5175,0.101,0.77,158.011,219827,4
51c94ac31swyDQj9B3Lzs3,Change (In the House of Flies) - In The House Of Flies LP Version,Deftones,70,rock,0.269,0.853,7,-4.647,0,0.0854,0.000249,0.000246,0.118,0.179,141.581,299533,4
2VOg2G9oc0srASruCZApoJ,Georgy Porgy,Toto,38,rock,0.804,0.776,4,-7.917,0,0.0802,0.0496,0.0205,0.0669,0.914,97.167,247560,4
4bCOAuhvjsxbVBM5MM8oik,When We Stand Together,Nickelback,69,rock,0.446,0.9,10,-3.541,0,0.0489,0.000102,0.000019,0.0404,0.88,187.961,190787,4
2rgqPSIRAfaO2MGo9smdSX,Dancing Queen,ABBA,62,rock,0.512,0.933,9,-4.343,1,0.0504,0.177,0.00129,0.381,0.71,100.543,231093,4
6n8TMVyFKoUmDc4apxceRD,Breaking The Habit,Linkin Park,66,rock,0.579,0.849,4,-5.218,0,0.0303,0.108,0,0.0909,0.581,100.021,196907,4
09OpntwPHuNICsyEt1ETpE,Lullaby,The Cure,58,rock,0.73,0.676,9,-4.436,1,0.0467,0.00894,0.385,0.0534,0.551,93.922,248973,4
4QEFQlNFerDnWvNU8NASiV,Dragula,Rob Zombie,63,rock,0.591,0.966,0,-6.444,0,0.0529,0.000104,0.000103,0.0922,0.581,125.056,222726,4
33koOQs551ijjVmLbmrcDc,Yellow - Live From Spotify London,Coldplay,64,rock,0.223,0.439,11,-10.456,1,0.0312,0.447,0.0141,0.381,0.119,165.899,252467,4
2DyHhPyCZgZzNXn1IrtsTu,Any Way You Want It,Journey,66,rock,0.519,0.934,7,-7.137,1,0.0471,0.000312,0.00457,0.137,0.586,138.162,201867,4
5pE9vMyvVNOpZFutt6lyy4,Sleeping Powder,Gorillaz,63,rock,0.722,0.597,4,-5.964,0,0.0264,0.174,0.183,0.181,0.389,103.975,166482,4
0PgNhIg5n0UAOBVn43b8b6,The Adventures Of Rain Dance Maggie,Red Hot Chili Peppers,68,rock,0.683,0.734,4,-4.523,0,0.029,0.00112,0.0139,0.258,0.576,106.254,282400,4
4IlB0WKdchGUPa4WoAYy5D,Good Goodbye (feat. Stormzy) - One More Light Live,Linkin Park,63,rock,0.676,0.865,9,-7.685,0,0.123,0.229,0,0.381,0.271,127.98,248880,4
70b5hNMLKtBhbIcvhh4qw7,Tutti Frutti,Little Richard,53,rock,0.518,0.663,0,-3.852,0,0.0573,0.799,0,0.0772,0.937,184.669,144227,4
7EBoLgxVHSq0sCkTJsiX1f,Struck By Lightning,Toto,51,rock,0.449,0.834,9,-7.278,1,0.0444,0.0103,0.000028,0.051,0.575,179.954,255480,4
34x6hEJgGAOQvmlMql5Ige,Danger Zone,Kenny Loggins,73,rock,0.544,0.897,3,-6.056,0,0.0471,0.241,0,0.13,0.647,157.17,215133,4
6QewNVIDKdSl8Y3ycuHIei,Even Flow,Pearl Jam,76,rock,0.394,0.944,10,-6.506,0,0.0761,0.00178,0.000005,0.298,0.265,105.338,292581,4
6oyYKWTbYt5Zb8tIiLZbmH,Unchain My Heart,Joe Cocker,60,rock,0.751,0.674,9,-12.976,0,0.0425,0.0214,0.000143,0.32,0.696,117.969,304293,4
4KfSdst7rW39C0sfhArdrz,Barracuda,Heart,73,rock,0.547,0.691,4,-13.553,0,0.0369,0.015,0.105,0.144,0.667,137.148,261933,4
3D1Xnj2Q7oh7Vz3RH9fDvC,Nights In White Satin - Single Version,The Moody Blues,62,rock,0.159,0.352,4,-12.063,0,0.0322,0.265,0.293,0.251,0.197,77.861,265627,3
1KBuhAHzia2qoD4u6YhvER,Stiff Upper Lip,AC/DC,62,rock,0.588,0.855,7,-4.205,1,0.0331,0.0345,0.00786,0.16,0.698,123.69,214560,4
4woAWzTOfrG67vduS0JMJo,Mrs. Robinson,Simon & Garfunkel,57,rock,0.604,0.461,6,-13.372,0,0.0447,0.786,0.000031,0.0928,0.803,91.909,242533,4
23NPGXlSaIqWzvxIRhM2oG,Under The Bridge,Red Hot Chili Peppers,67,rock,0.554,0.49,4,-8.046,1,0.0457,0.0168,0.000534,0.136,0.513,84.275,265507,4
1cG560wZP0s6fs1nsEVtQw,Pale Blue Eyes,The Velvet Underground,61,rock,0.637,0.107,5,-18.759,1,0.0349,0.911,0.00146,0.103,0.296,82.879,339533,4
3agtg0x11wPvLIWkYR39nZ,Somewhere I Belong,Linkin Park,67,rock,0.451,0.951,1,-3.754,1,0.0645,0.00038,0.000002,0.261,0.442,162.065,213933,4
0T6kwiueP62ten2KLLmQS4,A Forest,The Cure,59,rock,0.579,0.622,0,-11.285,1,0.0563,0.365,0.5175,0.0955,0.435,163.107,354290,4
577mOFb1LAvSANIUZ4mbQ7,Revenga,System Of A Down,62,rock,0.51,0.944,8,-2.174,1,0.0768,0.0016,0.000111,0.0687,0.44,140.043,228027,4
4iwpCp7qdDLngGI3gsVTza,Miracle Aligner,The Last Shadow Puppets,64,rock,0.562,0.724,6,-8.627,0,0.0271,0.0124,0.000001,0.223,0.855,113.056,245728,4
0wokCRaKD0zPNhMRXAgVsr,Ordinary World,Duran Duran,72,rock,0.472,0.652,1,-10.171,0,0.0305,0.0131,0.000011,0.14,0.401,140.124,340200,4
0jnFDxgNhS156vu6roUVco,The Guns of Brixton,The Clash,59,rock,0.739,0.613,7,-9.487,1,0.0856,0.00501,0.124,0.095,0.677,96.493,192440,4
5OA6V14rCVeSplYvf8T18L,Polly,Nirvana,56,rock,0.829,0.385,2,-11.286,0,0.0587,0.899,0.194,0.112,0.532,121.117,173853,4
0Ln5tJyLX5qusquBOtq7wf,Fire,Kasabian,69,rock,0.525,0.741,10,-5.643,1,0.0311,0.0874,0.147,0.117,0.179,117.031,252280,4
3ftnDaaL02tMeOZBunIwls,Folsom Prison Blues - Live,Johnny Cash,69,rock,0.594,0.577,0,-12.772,1,0.0534,0.0215,0.00792,0.381,0.89,110.783,156427,4
47dKd4opEgipcKYEQm4CX4,Song For Someone,U2,56,rock,0.568,0.487,11,-9.709,1,0.0257,0.182,0.000019,0.381,0.36,104.996,226763,4
1kryOQS9FQDsbYY4db5zS5,Superstition,Stevie Wonder,59,rock,0.609,0.657,1,-11.496,1,0.0695,0.0308,0.00221,0.071,0.872,100.607,266160,4
4juq76lIar8YWOLpYMXUAG,Joker And The Thief,Wolfmother,61,rock,0.264,0.78,0,-2.741,1,0.0517,0.0452,0.0222,0.376,0.456,155.376,280467,4
2wBW9jGZRRMbQ416NDc7LW,The Chamber,Lenny Kravitz,59,rock,0.661,0.925,7,-6.396,1,0.0327,0.000095,0.014,0.0713,0.914,117.524,297321,4
6u0x5ad9ewHvs3z6u9Oe3c,Under Cover of Darkness,The Strokes,70,rock,0.357,0.775,11,-3.364,1,0.054,0.00419,0.285,0.0676,0.589,199.853,235547,4
1Jj6MF0xDOMA3Ut2Z368Bx,Time After Time,Cyndi Lauper,74,rock,0.724,0.436,0,-9.321,1,0.0282,0.576,0.000001,0.0908,0.324,130.439,243067,4
5oPN2dntsV2UM5ifrTGEC8,Everlasting Light,The Black Keys,55,rock,0.775,0.579,4,-6.592,1,0.0366,0.124,0.0196,0.366,0.731,90.461,204627,4
1UJNbgfTzG1gZZTWFJdMf1,Superfast Jellyfish (feat. Gruff Rhys and De La Soul),Gorillaz,61,rock,0.705,0.751,7,-4.767,1,0.239,0.0598,0.000003,0.381,0.819,80.727,174867,4
3WiZLAoMqPPN2ZIHEBYbkU,What I've Done - One More Light Live,Linkin Park,62,rock,0.531,0.859,5,-6.138,1,0.0383,0.000509,0.00265,0.381,0.29,119.994,273440,4
2HPVtKMWRlP1r9ODenvePM,I'll Be Waiting,Lenny Kravitz,59,rock,0.677,0.452,10,-6.468,1,0.0332,0.0736,0.0065,0.0969,0.595,72.78,259187,4
7xl2ZaOnKAxJyrkIQe2S43,Tick Tick Boom,The Hives,58,rock,0.562,0.835,9,-3.134,0,0.112,0.000356,0.000005,0.276,0.442,135.111,205357,4
4qmHeQBYieqj3VMAPascsE,Wonderful Tonight,Eric Clapton,69,rock,0.57,0.208,7,-15.661,1,0.0295,0.666,0.14,0.123,0.508,95.539,225027,4
7fpBtc7p3hFrEbDVc32ltY,Please Forgive Me,Bryan Adams,65,rock,0.565,0.427,9,-8.273,1,0.0266,0.576,0.000002,0.102,0.15,67.007,353467,3
47GmcU4JgL3TCweXvIEUBd,Personal Jesus,Marilyn Manson,59,rock,0.577,0.94,4,-5.257,0,0.113,0.000202,0.00586,0.381,0.267,130.126,246653,4
3EdqjSDHNVOEgo6XYqxwPh,No Particular Place To Go,Chuck Berry,62,rock,0.596,0.791,7,-8.88,1,0.0446,0.425,0.000295,0.0916,0.98,129.237,162750,4
1ndGB6rvxKYN9seCYO1dTF,The Zephyr Song,Red Hot Chili Peppers,68,rock,0.725,0.803,2,-4.083,1,0.0337,0.013,0.000037,0.0891,0.403,117.391,231933,4
61nSbxyL6VRPp32AMscxiF,Crazy Train,Ozzy Osbourne,62,rock,0.465,0.903,9,-4.628,1,0.0587,0.0187,0.00114,0.348,0.601,137.272,289467,4
1Ka4sX789wNftDGgjCO2h7,Falling Apart,Papa Roach,69,rock,0.528,0.942,3,-2.825,0,0.0512,0.000083,0,0.344,0.421,110.058,188920,4
4CoSCPlKNrWli7E5kFtbcl,Little Lies - Remastered,Fleetwood Mac,72,rock,0.64,0.649,2,-10.345,1,0.0264,0.216,0.000083,0.0551,0.865,124.825,221053,4
3E8gEvhLia6w9lQv3hfxzM,Under My Thumb,The Rolling Stones,60,rock,0.738,0.491,6,-13.407,0,0.0487,0.298,0.218,0.119,0.809,126.96,221533,4
2NmpePwcU5msK7cYZBWiBt,Voulez-Vous,ABBA,58,rock,0.714,0.78,11,-6.901,0,0.0361,0.125,0.000379,0.0922,0.918,126.633,309853,4
4qM461TqtpnP4GLRIXwEnW,Sussudio - 2016 Remastered,Phil Collins,64,rock,0.714,0.935,5,-5.195,1,0.0849,0.0529,0.0934,0.0515,0.725,121.232,263107,4
6DnKPMbm4KnBP16v7xde4J,Solsbury Hill - 2002 Remaster,Peter Gabriel,64,rock,0.477,0.65,11,-7.904,1,0.0529,0.35,0.000239,0.104,0.465,204.947,263561,3
5BXGP4IsPuXSVNQYZLQCuD,Invisible - One More Light Live,Linkin Park,62,rock,0.535,0.657,1,-9.407,0,0.105,0.168,0.000002,0.381,0.3,84.918,270187,4
7foXypuH2NcLbKv1ZetzsX,Smoke On The Water - 1997 Remastered Version,Deep Purple,49,rock,0.636,0.682,0,-7.754,1,0.0261,0.0245,0.133,0.147,0.808,114.19,227853,4
1zGk1kgAxCpg6PHjGuLe4J,Pinball Wizard,The Who,65,rock,0.543,0.715,2,-8.89,1,0.0356,0.0192,0,0.256,0.468,124.011,180943,4
6u38x61qv7JBIJD4dqztmm,Magnificent,U2,54,rock,0.529,0.715,6,-6.065,0,0.0348,0.00012,0.497,0.112,0.592,114.973,324013,4
0kish3Tobj6Wq0we74343q,Always,Bon Jovi,71,rock,0.377,0.658,4,-5.589,1,0.0318,0.117,0,0.0677,0.307,143.713,353320,4
64gpgh5jBMxyh7iVJll23t,The Sound of Silence,Simon & Garfunkel,59,rock,0.531,0.217,6,-13.883,1,0.0302,0.871,0.000003,0.101,0.34,106.842,185200,4
15gkmegUbWk1FcRPjX8gq1,My Mistakes Were Made For You,The Last Shadow Puppets,59,rock,0.302,0.914,2,-4.724,0,0.0516,0.0344,0.000004,0.305,0.758,97.953,186547,4
2wSAWEYUHkt92X4SBAPqZE,Karma Chameleon - 2002 - Remaster,Culture Club,72,rock,0.668,0.73,10,-7.182,1,0.0366,0.225,0,0.188,0.894,92.049,252773,4
0EbIifYAM9wTYlPzKgTwFA,Lift,Radiohead,57,rock,0.309,0.547,4,-7.752,1,0.0297,0.00226,0.5175,0.108,0.157,156.736,246840,4
7qRmdDl9dnHkFT4MMboG7Y,Come On Over,Royal Blood,59,rock,0.514,0.9,7,-4.66,1,0.0364,0.000592,0.00203,0.261,0.552,107.863,171846,4
5YnNWHKCJaJKwbagXDb5Uf,War Machine,AC/DC,61,rock,0.518,0.718,9,-4.355,1,0.0343,0.000048,0.244,0.25,0.531,127.593,189787,4
1dYw8HTRJnFpeEeMtXj99a,ROADS UNTRAVELED,Linkin Park,64,rock,0.599,0.788,8,-6.25,0,0.0294,0.263,0.00525,0.155,0.581,100.001,229933,3
4yaPEK6hkRTeHEuMc1KdSm,Can You Feel The Love Tonight - Remastered,Elton John,38,rock,0.299,0.379,10,-7.84,1,0.0305,0.785,0.00001,0.1,0.127,123.873,241893,4
2R6go62CuxqqX0w1TgXxes,If You Have To Ask,Red Hot Chili Peppers,57,rock,0.709,0.738,7,-12.019,1,0.048,0.00236,0.5175,0.073,0.671,96.24,216693,4
19YmvsVCetCBeVj6O2mljR,Still Breathing,Green Day,70,rock,0.54,0.902,1,-3.577,1,0.0442,0.0142,0,0.0756,0.692,75.033,224760,4
2jDDiDPOBkNocJp1riU9a0,Heroes - 1998 Remastered Version,David Bowie,42,rock,0.476,0.773,7,-6.936,1,0.0293,0.00641,0.0327,0.11,0.256,113.121,213013,4
6VltRkmJbCTqgKrTHk4Ulw,"My My, Hey Hey (Out of the Blue)",Neil Young,66,rock,0.502,0.4,7,-13.697,0,0.0294,0.856,0.000375,0.333,0.435,127.182,227706,4
2vEKnRFHgowLLXZIO1HlhP,Spanish Sea,Toto,49,rock,0.588,0.737,2,-9.008,1,0.043,0.00816,0.000017,0.12,0.794,93.365,260320,4
5UEnHoDYpsxlfzWLZIc7LD,River (feat. Ed Sheeran),Eminem,97,rap,0.757,0.748,8,-5.794,0,0.239,0.17,0,0.0759,0.693,90.052,221013,4
6T8cJz5lAqGer9GUHGyelE,God's Plan,Drake,97,rap,0.755,0.448,7,-9.587,1,0.107,0.0283,0.000033,0.381,0.318,77.179,198960,4
3YU6vJbjYUG0tiJyXf9x5V,Him & I (with Halsey),G-Eazy,94,rap,0.589,0.731,2,-6.343,1,0.0868,0.0534,0,0.308,0.191,87.908,268867,4
2fQrGHiQOvpL9UgPvtYy6G,Bank Account,21 Savage,92,rap,0.884,0.346,8,-8.228,0,0.239,0.0151,0.000007,0.0871,0.376,75.016,220307,4
12SJpYZEdj4kzWZ8FPFg4Y,All The Stars (with SZA),Kendrick Lamar,91,rap,0.715,0.62,5,-5.428,0,0.0507,0.0322,0.0142,0.0881,0.456,96.812,235540,4
3B54sVLJ402zGa6Xm4YGNe,Unforgettable,French Montana,93,rap,0.726,0.769,6,-5.043,1,0.123,0.0293,0.0101,0.104,0.733,97.985,233902,4
2U7Hu2RaNQNRi7izoJyZaX,rockstar,Post Malone,87,rap,0.578,0.532,5,-6.636,0,0.066,0.117,0.00009,0.143,0.12,159.784,218320,4
7GX5flRQZVHRAGd6B4TmDO,XO TOUR Llif3,Lil Uzi Vert,94,rap,0.732,0.75,11,-6.366,0,0.231,0.00264,0,0.109,0.401,155.096,182707,4
7sO5G9EABYOXQKNPNiE9NR,Ric Flair Drip (& Metro Boomin),Offset,94,rap,0.88,0.428,9,-8.28,1,0.206,0.149,0.000051,0.114,0.333,100.007,172800,4
1jr1BnpXymcf2i97mTR8tJ,Walk It Talk It,Migos,80,rap,0.909,0.631,9,-5.447,1,0.205,0.0717,0,0.108,0.394,145.968,276147,4
5aFQU3VPCQ3YGfKBA4tLfj,1-800-273-8255,Logic,87,rap,0.627,0.572,5,-7.738,0,0.0373,0.568,0.000002,0.198,0.361,100.041,250173,4
7ujx3NYtwO2LkmKGz59mXp,HUMBLE.,Kendrick Lamar,88,rap,0.906,0.625,1,-6.779,0,0.0903,0.000243,0.000032,0.0975,0.423,150.018,177000,4
6DY2TWhO7ioSmVzK3kuHk8,Narcos,Migos,83,rap,0.936,0.592,7,-6.878,0,0.144,0.014,0,0.137,0.24,124.996,255379,4
14EgW52HVqnLHd30bgbPxg,Darkside (with Ty Dolla $ign & Future feat. Kiiara),Ty Dolla $ign,78,rap,0.509,0.631,7,-6.312,0,0.0566,0.0976,0,0.058,0.157,154.359,233248,4
6syOdAs4IK8kPWR7gDyjRw,Congratulations,Post Malone,87,rap,0.629,0.817,6,-4.261,1,0.0357,0.199,0,0.317,0.466,123.087,220293,4
2mdxJLJHzFmiiYdTZ8JcyH,I Fall Apart,Post Malone,90,rap,0.565,0.55,8,-5.357,0,0.0397,0.0782,0,0.196,0.302,143.927,223347,4
1xznGGDReH1oQq0xzbwXa3,One Dance,Drake,85,rap,0.791,0.619,1,-5.886,1,0.0532,0.00784,0.00423,0.351,0.371,103.989,173987,4
5k38wzpLb15YgncyWdTZE4,Him & I (with Halsey),G-Eazy,92,rap,0.589,0.731,2,-6.343,1,0.0868,0.0534,0,0.308,0.191,87.908,268867,4
4RepvCWqsP6zBuzvwYibAS,I Feel It Coming,The Weeknd,83,rap,0.769,0.813,0,-5.9,0,0.143,0.429,0,0.0952,0.567,92.985,269187,4
4ofvoCdXq99vpMZO4Cfp8x,Pray For Me (with Kendrick Lamar),The Weeknd,89,rap,0.728,0.668,2,-5.02,1,0.126,0.0805,0.000015,0.102,0.162,100.537,211440,4
0VgkVdmE4gld66l8iyGjgx,Mask Off,Future,88,rap,0.833,0.434,2,-8.795,1,0.239,0.0102,0.0219,0.165,0.281,150.062,204600,4
5rxPi0MiR4miNK0rCmk980,Broken People (with Logic & Rag'n'Bone Man),Logic,80,rap,0.694,0.702,9,-5.477,1,0.0946,0.123,0,0.0758,0.308,79.959,212067,4
2tek8UnoiJdkmpPMqa5KRQ,Stir Fry,Migos,84,rap,0.814,0.819,2,-5.48,1,0.239,0.00316,0,0.133,0.517,181.958,190288,4
6VFMGKuYTlaYgbhvILfbc7,Candy Paint,Post Malone,87,rap,0.669,0.686,4,-5.534,1,0.184,0.627,0,0.0734,0.437,180.046,229573,4
2e0cr3SmqCR6Ow6zVCs6pj,All Night,Big Boi,77,rap,0.847,0.831,8,-4.56,0,0.0459,0.0624,0,0.106,0.865,135.994,241893,4
2Imq77E6CEJR5TPUxlJvTY,All The Stars (with SZA),Kendrick Lamar,83,rap,0.532,0.642,5,-4.891,0,0.111,0.0548,0.000246,0.0991,0.536,193.016,232187,4
2Xqd0wUttjueBfdcltADOv,No Limit,G-Eazy,92,rap,0.838,0.771,1,-3.791,1,0.239,0.0117,0,0.0853,0.405,175.957,245387,4
1yxgsra98r3qAtxqiGZPiX,Butterfly Effect,Travis Scott,90,rap,0.763,0.598,11,-6.865,1,0.0539,0.0714,0,0.112,0.182,140.987,190678,4
7w9bgPAmPTtrkt2v16QWvQ,Lose Yourself - Soundtrack Version,Eminem,83,rap,0.701,0.728,2,-4.554,1,0.239,0.00971,0.00115,0.361,0.0591,171.388,326467,4
0lcJ1p6R8PWT5u7GW4J9YH,GUMMO,6ix9ine,78,rap,0.69,0.771,1,-4.939,1,0.157,0.0555,0,0.138,0.629,78.518,157643,4
4y6c5vMzKKM3KsMbHtjKx5,Stronger,Kanye West,81,rap,0.617,0.717,10,-7.858,0,0.153,0.00564,0,0.381,0.49,103.992,311867,4
2Uvy6SkNqxvnH1W68dymxG,Redbone,Childish Gambino,80,rap,0.745,0.359,1,-10.429,1,0.112,0.192,0.00628,0.138,0.55,160.123,326933,4
6yr8GiTHWvFfi4o6Q5ebdT,'Till I Collapse,Eminem,83,rap,0.551,0.851,1,-3.277,1,0.197,0.0748,0,0.0784,0.1,171.411,297893,4
6gBFPUFcJLzWGx4lenP6h2,goosebumps,Travis Scott,90,rap,0.841,0.728,7,-3.37,1,0.0484,0.0847,0,0.149,0.43,130.049,243837,4
4DTpngLjoHj5gFxEZFeD3J,Codeine Dreaming (feat. Lil Wayne),Kodak Black,91,rap,0.736,0.604,1,-7.357,0,0.222,0.0652,0.000064,0.124,0.574,155.007,264532,4
3vKU0GTHo5nl3kTCYAiqc3,Black Panther,Kendrick Lamar,78,rap,0.612,0.588,1,-9.355,1,0.239,0.62,0.000004,0.264,0.48,90.251,130613,4
4lxlbCDntNIJyZSqgV0mzz,"Home (with Machine Gun Kelly, X Ambassadors & Bebe Rexha)",Machine Gun Kelly,71,rap,0.653,0.718,3,-5.232,0,0.213,0.00413,0,0.0537,0.216,82.034,202805,4
5u6vkDnOyaf8LsteDAj2ub,Ghostface Killers,21 Savage,87,rap,0.782,0.436,2,-7.033,1,0.155,0.331,0.000013,0.342,0.243,82.994,268933,4
5aAx2yezTd8zXrkmtKl66Z,Starboy,The Weeknd,84,rap,0.681,0.594,7,-7.028,1,0.239,0.165,0.000003,0.134,0.535,186.054,230453,4
4WGyY671Z37inSpCTBJoIm,"Earned It (Fifty Shades Of Grey) - From The ""Fifty Shades Of Grey"" Soundtrack",The Weeknd,78,rap,0.66,0.372,2,-6.025,0,0.0314,0.417,0,0.0954,0.432,119.946,252227,3
5A4anUcHrgnqH9UorW9XbG,Big Shot (with Travis Scott),Kendrick Lamar,77,rap,0.859,0.479,1,-9.07,1,0.217,0.00699,0,0.0979,0.298,130.06,221827,4
5WkPWduQVV8fh7pppm1fqg,LOVE. FEAT. ZACARI.,Kendrick Lamar,83,rap,0.801,0.58,10,-7.311,1,0.1,0.289,0,0.153,0.777,126.062,213400,4
07W9fL0ee9LsqD9c3kNrdo,Notice Me,Migos,80,rap,0.797,0.341,5,-9.733,0,0.239,0.111,0.000001,0.198,0.423,165.917,233880,4
40oKW22ZNNkEdZLJTScaQI,Roll In Peace (feat. XXXTENTACION),Kodak Black,88,rap,0.747,0.524,10,-6.807,0,0.239,0.0306,0,0.2,0.363,140.053,213132,4
3ncgNpxLoBQ65ABk4djDyd,Pick It Up (feat. A$AP Rocky),Famous Dex,92,rap,0.921,0.467,1,-8.443,1,0.119,0.0149,0.000238,0.334,0.287,135.995,191252,4
7qTD8Cc8nC41FBhgCJLhVB,KEKE,6ix9ine,78,rap,0.593,0.856,7,-5.737,1,0.239,0.0346,0,0.381,0.453,187.799,151915,4
7nnNjqPkUPKk8FOCikJins,New Freezer (feat. Kendrick Lamar),Rich The Kid,78,rap,0.887,0.66,0,-10.118,1,0.239,0.0409,0,0.0734,0.584,140.012,193173,4
0KJEIWTEKMfBL2J7Sn3X5I,Gang Gang,Migos,78,rap,0.639,0.611,2,-9.826,1,0.159,0.256,0,0.112,0.526,180.072,181319,4
0o9zCEVyWijwMMGhE2qa9w,KOODA,6ix9ine,76,rap,0.887,0.644,1,-4.518,1,0.239,0.161,0,0.254,0.179,91.213,142582,4
7hDc8b7IXETo14hHIHdnhd,Passionfruit,Drake,82,rap,0.809,0.463,11,-11.377,1,0.0396,0.256,0.085,0.109,0.364,111.98,298941,4
4FKqLfrZNloY0vp8Pxjz6c,Pray For Me (with Kendrick Lamar),The Weeknd,73,rap,0.73,0.673,2,-4.997,1,0.13,0.0902,0.000025,0.104,0.161,100.534,211440,4
6ltPEsP4edATzvinHOzvk2,Still D.R.E.,Dr. Dre,79,rap,0.814,0.779,11,-3.271,1,0.235,0.175,0.000671,0.0605,0.544,93.43,268005,4
4Y1rSqSFwv7I1FYCICVm00,BBO (Bad Bitches Only),Migos,76,rap,0.805,0.767,4,-5.791,0,0.0634,0.0471,0.000001,0.217,0.498,161.961,251859,4
0P6AWOA4LG1XOctzaVu5tt,The Weekend - Funk Wav Remix,SZA,88,rap,0.775,0.573,11,-4.933,1,0.0585,0.495,0,0.126,0.667,101.925,171806,4
0nhVrTiCGiGRCoZOJiWzm1,Danger (with Migos & Marshmello),Migos,82,rap,0.814,0.743,9,-2.968,1,0.159,0.152,0,0.163,0.367,107.996,214587,4
3tvkzvUTF0yoq3pdBi81I0,Diplomatic Immunity,Drake,82,rap,0.663,0.846,0,-5.226,1,0.239,0.00472,0,0.292,0.526,75.137,255840,4
2hCKzqwjRjhycKeZJvbloJ,Go Flex,Post Malone,82,rap,0.663,0.489,5,-8.198,1,0.124,0.227,0,0.0769,0.117,81.959,179613,4
3g9Mi3kTzzmjBUXN7wnGjI,MotorSport,Migos,77,rap,0.9,0.517,2,-5.4,1,0.204,0.0321,0,0.316,0.173,138.012,303077,4
4hLZSlkovQopjSb5No68Sq,Slippery (feat. Gucci Mane),Migos,58,rap,0.92,0.674,1,-5.662,0,0.239,0.307,0,0.104,0.741,141.967,304041,4
2nwp9gU9ZGyKRzMswpfc7k,Flooded,Migos,68,rap,0.952,0.504,10,-6.716,0,0.239,0.00874,0,0.116,0.332,135.078,270213,4
4iEpZuwhEuoilKaZjXQPbF,X (with 2 Chainz & Saudi),ScHoolboy Q,78,rap,0.763,0.468,2,-8.476,1,0.239,0.0211,0,0.26,0.351,131.004,267427,4
2DQ1ITjI0YoLFzuADN1ZBW,No Limit,G-Eazy,87,rap,0.838,0.771,1,-3.791,1,0.239,0.0117,0,0.0853,0.405,175.957,245387,4
1Bi5t0q9j3nYXIZuZgSGvr,White Iverson,Post Malone,81,rap,0.677,0.577,7,-7.671,1,0.0355,0.221,0,0.0776,0.329,130.05,256533,4
4TKO1gFn3kurQbNLh3asym,Bad and Boujee (feat. Lil Uzi Vert),Migos,57,rap,0.927,0.665,11,-5.313,1,0.239,0.061,0,0.123,0.175,127.076,343150,4
4cGeMgLcykDLAazHFpbZbU,DNA.,Kendrick Lamar,81,rap,0.636,0.517,0,-6.759,1,0.239,0.00402,0,0.0874,0.394,139.928,185947,4
1XRgIKC5TPwo7nWGyKqgG0,I Get The Bag (feat. Migos),Gucci Mane,89,rap,0.89,0.633,11,-5.475,1,0.168,0.0232,0.000343,0.0993,0.425,139.948,233087,4
0EdMYHi2FTUIhQ5ANoT8Ax,T-Shirt,Migos,57,rap,0.865,0.687,10,-3.744,0,0.217,0.242,0,0.158,0.486,139.023,242407,4
2XDhuJvvx2wcIROXbfTTYr,Believe,Eminem,78,rap,0.886,0.488,1,-5.628,0,0.184,0.166,0,0.343,0.114,130.064,315347,4
1OAh8uOEOvTDqkKFsKksCi,Wild Thoughts,DJ Khaled,86,rap,0.671,0.672,0,-3.094,0,0.0688,0.0329,0,0.118,0.632,97.98,204173,4
3zMkigL6JlMlIuyNhllQR8,White Sand,Migos,74,rap,0.827,0.589,5,-7.576,0,0.0777,0.035,0,0.272,0.421,142.092,202835,4
7iL6o9tox1zgHpKUfh9vuC,In Da Club,50 Cent,77,rap,0.899,0.713,6,-2.752,0,0.239,0.255,0,0.0708,0.777,90.051,193467,4
2jG6ifTWXk0AvonlgcXGgZ,Portland,Drake,77,rap,0.925,0.443,1,-8.216,1,0.239,0.0172,0,0.276,0.35,136.078,236615,4
3fmk3BdsZxERH19AOu4JHr,Emoji A Chain,Migos,72,rap,0.889,0.33,1,-8.33,1,0.18,0.0352,0,0.126,0.392,139.953,315185,4
5EnYT6F7wEcdege6mDHEfO,Signs,Drake,78,rap,0.801,0.727,0,-4.687,1,0.0606,0.0864,0.00406,0.112,0.218,107.371,234373,4
689uBlyIufk2LUhAwjny4w,Nowadays (feat. Landon Cube),Lil Skies,87,rap,0.745,0.646,6,-6.987,0,0.17,0.157,0,0.338,0.46,79.993,203908,4
0egwbpNUagfbqFuqaPd6jt,Supastars,Migos,72,rap,0.781,0.678,1,-4.369,1,0.059,0.246,0,0.076,0.355,75.95,293138,4
4TWAzDJK3z7pdjDOJbT7wS,CC,Migos,70,rap,0.849,0.726,9,-6.701,0,0.185,0.232,0,0.0938,0.785,134.016,259340,4
3kh6liHZ8IHHRFMHXNJ79Y,Higher We Go - Intro,Migos,72,rap,0.815,0.547,8,-4.041,1,0.0942,0.0768,0,0.215,0.183,152,255849,4
7lQWRAjyhTpCWFC0jmclT4,Gangsta's Paradise,Coolio,81,rap,0.647,0.514,8,-10.05,1,0.0593,0.0655,0,0.381,0.387,79.974,240693,4
7giJloJaYKHBVnxmck789F,Icon,Jaden Smith,78,rap,0.573,0.81,9,-5.088,0,0.239,0.228,0,0.381,0.463,119.978,220996,4
4dVpf9jZjcORqGTLUaeYj9,Plain Jane,A$AP Ferg,91,rap,0.797,0.844,11,-5.482,1,0.239,0.0651,0,0.087,0.52,170.142,173600,4
1gjxuBurykxzaqbDaqKKYU,Wanted You (feat. Lil Uzi Vert),NAV,78,rap,0.797,0.721,9,-4.912,0,0.0575,0.174,0,0.24,0.627,146.924,228080,4
0Pw6Gg8QChw5iSRRSrcWXP,Opps (with Yugen Blakrok),Vince Staples,74,rap,0.708,0.785,1,-6.809,1,0.239,0.152,0.000082,0.381,0.854,128.074,180893,4
40YcuQysJ0KlGQTeGUosTC,"Me, Myself & I",G-Eazy,82,rap,0.757,0.672,0,-6.524,0,0.0955,0.0186,0,0.158,0.382,111.996,251467,4
5VqJxgZhcDV7OfJ8S2OA0r,Auto Pilot,Migos,70,rap,0.924,0.714,11,-5.795,1,0.166,0.0742,0,0.202,0.261,129.984,287992,4
5RRw66jDLIzgIqwA7ABJ9o,Saint,Huncho Jack,77,rap,0.855,0.642,1,-3.701,1,0.0557,0.00953,0,0.104,0.0696,150.081,140793,4
0OI7AFifLSoGzpb8bdBLLV,"Home (with Machine Gun Kelly, X Ambassadors & Bebe Rexha)",Machine Gun Kelly,89,rap,0.653,0.718,3,-5.232,0,0.213,0.00413,0,0.0537,0.216,82.034,202805,4
6RsWqX8zABZLhZydXxEFOm,Can't Feel My Face,The Weeknd,78,rap,0.702,0.77,9,-5.416,0,0.0482,0.124,0,0.103,0.593,107.951,213520,4
5o2r7507gCOYdRMeR3noqZ,Fake Love,Drake,80,rap,0.928,0.481,9,-9.35,0,0.239,0.105,0,0.176,0.613,134.007,210937,4
46gjYTEK7W8ZTABcglGP2f,Jumpman,Drake,75,rap,0.853,0.558,1,-7.448,1,0.202,0.0462,0,0.341,0.654,142.079,205879,4
06wOQGz4bGB7HETrIjpIep,Without Me,Eminem,78,rap,0.915,0.656,7,-2.827,1,0.0716,0.00299,0,0.324,0.642,112.243,290227,4
0OMt4Qyetdbw2eUEvKBdHH,Remind Me,Eminem,76,rap,0.764,0.867,4,-3.856,1,0.239,0.125,0,0.381,0.767,93.969,225173,4
4jO6mPzrEfpNvVddyo5eBW,"King's Dead (with Kendrick Lamar, Future & James Blake)",Jay Rock,72,rap,0.562,0.738,1,-4.641,1,0.239,0.00109,0,0.162,0.39,81.809,225267,4
5WQ1hIc5d2EVbRQ8qsj8Uh,Hey Ya! - Radio Mix / Club Mix,OutKast,75,rap,0.719,0.967,0,-2.435,1,0.0552,0.0588,0.000249,0.206,0.964,79.505,235213,4
7zjRBaNkVjk1vZ8JqxQIXO,LOYALTY. FEAT. RIHANNA.,Kendrick Lamar,78,rap,0.681,0.523,9,-8.963,0,0.0542,0.021,0,0.178,0.473,110.812,227360,4
08qFPu7ksp9KrQJJPuFXxu,"King's Dead (with Kendrick Lamar, Future & James Blake)",Jay Rock,80,rap,0.645,0.717,1,-5.056,1,0.239,0.000844,0,0.183,0.383,137.136,229670,4
6UaRii9AH6Zss9xNMEQ2M9,Love The Way You Lie,Eminem,79,rap,0.746,0.922,10,-5.014,1,0.236,0.246,0,0.381,0.638,86.961,263373,4
2rIY8S6doGY1SEZIh7siw1,Too Much Jewelry,Migos,70,rap,0.679,0.331,1,-9.24,0,0.177,0.222,0.000002,0.128,0.217,149.949,245664,4
2BoS7pU92MQtynhQ0cZOLT,Tunnel Vision,Kodak Black,70,rap,0.497,0.489,11,-7.724,0,0.239,0.0576,0.000099,0.122,0.231,171.853,268187,4
6iq4lMooC2s4RkJpcDNFsW,Open It Up,Migos,68,rap,0.762,0.854,10,-3.88,0,0.0609,0.261,0,0.381,0.451,124.996,245798,4
2rozzUGTRWqhTa2NzJAl8I,Like Home (feat. Alicia Keys),Eminem,76,rap,0.778,0.783,8,-4.534,1,0.239,0.258,0,0.231,0.285,109.911,245467,4
20LxTsa6936zOlzTWqoPVt,The Next Episode,Dr. Dre,76,rap,0.92,0.891,3,-2.398,0,0.239,0.0313,0,0.083,0.311,95.295,161600,4
4OURH8h9ylAU1aD4eSspiI,No Complaints,Metro Boomin,71,rap,0.911,0.51,2,-10.786,1,0.185,0.0836,0.0658,0.0797,0.191,123.961,261733,4
6fwdbPMwP1zVStm8FybmkO,X (feat. Future),21 Savage,83,rap,0.835,0.413,1,-9.81,1,0.239,0.373,0.00133,0.101,0.111,149.004,258880,4
5TRaIECBIfSkeqkKoG6psm,Dubai Shit,Huncho Jack,75,rap,0.768,0.535,10,-4.489,0,0.0534,0.0569,0,0.0902,0.239,138.086,228431,4
6DB2KOEwHnjkgEnBt5SdeJ,Mask Off - Remix,Future,79,rap,0.727,0.431,2,-12.007,1,0.239,0.0111,0.0166,0.381,0.223,150.005,257987,4
3BvXHtUdGbfLOVxfRWn6NT,Too Playa,Migos,70,rap,0.722,0.503,10,-8.143,1,0.108,0.0191,0,0.0999,0.0715,138.028,312741,4
4dASQiO1Eoo3RJvt74FtXB,"Sucker For Pain (with Wiz Khalifa, Imagine Dragons, Logic & Ty Dolla $ign feat. X Ambassadors)",Lil Wayne,83,rap,0.502,0.786,9,-4.378,0,0.239,0.255,0,0.381,0.739,169.021,243491,4
0pdW4B6Sq4MMNz1sFtkR5G,Crown the Kings,Migos,69,rap,0.868,0.691,5,-6.048,0,0.0799,0.0454,0,0.166,0.34,143.043,229904,4
0YOXGfOvoxzAl9XkxH8eEK,Bloody Waters (with Anderson .Paak & James Blake),Ab-Soul,72,rap,0.5,0.61,8,-8.812,1,0.239,0.198,0,0.165,0.195,180.457,272307,4
20dP2DaMHIAmwWAbp7peSr,pick up the phone,Young Thug,82,rap,0.711,0.739,7,-3.804,0,0.129,0.114,0,0.226,0.43,136.919,252256,4
690eFR004iRz8klM2PickS,Poles 1469,Trippie Redd,72,rap,0.74,0.774,4,-3.835,0,0.0515,0.221,0,0.122,0.198,81.525,149576,4
46THN9jjPWhSqFUu6YsBhv,Panda,Desiigner,74,rap,0.679,0.734,10,-5.542,0,0.239,0.0241,0.000002,0.369,0.245,145.028,247867,4
3DXncPQOG4VBw3QHh3S817,I'm the One,DJ Khaled,86,rap,0.609,0.668,7,-4.284,1,0.0367,0.0552,0,0.167,0.811,80.924,288600,4
3nWzRkoCa44adZZ00li9sF,Go Legend (& Metro Boomin),Big Sean,73,rap,0.649,0.591,1,-8.914,0,0.116,0.014,0,0.188,0.21,150.008,268947,4
6sDQ4uiWw9OdVrCXFLSlZt,Rap God,Eminem,78,rap,0.712,0.838,7,-2.679,1,0.239,0.403,0,0.381,0.607,148.138,363521,4
6sAuG2sRqecZxTrcPPnc1y,Made Men,Migos,69,rap,0.826,0.717,5,-3.408,1,0.0432,0.332,0,0.223,0.27,154.957,288024,4
5XqhLDOcpTeZpAzHUHYGuA,Ice Tray,Quality Control,75,rap,0.89,0.504,8,-5.444,0,0.123,0.023,0,0.123,0.222,129.969,213613,4
4Fj5G5b8MeCrCRDP5JDvpr,Beast,Migos,69,rap,0.892,0.459,1,-7.822,1,0.0951,0.0255,0,0.149,0.104,136.982,260224,4
2FBUoWkIuQXwayw2RNo5l6,Hotline Bling,Drake,77,rap,0.903,0.62,2,-8.094,1,0.0587,0.00347,0.000119,0.0504,0.539,134.96,267067,4
10h0EKjUzEvQlZC94YPaeg,Famous - Remix,French Montana,55,rap,0.472,0.723,6,-4.929,1,0.239,0.0605,0,0.0859,0.548,98.265,244469,4
5p9ufaI7TwrlXtmiKCz3q3,Bad Husband (feat. X Ambassadors),Eminem,76,rap,0.51,0.72,10,-5.157,0,0.239,0.083,0,0.118,0.451,94.289,287893,3
589BHUwFA8FXEsEdTYLIDu,Get Right Witcha,Migos,53,rap,0.95,0.743,10,-5.861,0,0.238,0.0646,0.000012,0.103,0.62,136.98,257546,4
5WoaF1B5XIEnWfmb5NZikf,Sky Walker,Miguel,90,rap,0.674,0.506,6,-10.532,1,0.0434,0.173,0,0.0866,0.183,145.965,259333,4
2AKl7EDsNJXjW2n8OF3PrF,Dark Knight Dummo (Feat. Travis Scott),Trippie Redd,73,rap,0.384,0.821,8,-2.83,0,0.0948,0.158,0,0.137,0.244,121.108,256163,4
4jB8tS25Afh6aXC5w2MbXQ,Movin' Too Fast,Migos,68,rap,0.87,0.571,1,-7.297,0,0.19,0.126,0,0.0785,0.159,131.073,263983,4
2RUFzxyUlI36KKy9Agkqze,POWER,Kanye West,77,rap,0.539,0.907,0,-4.757,0,0.13,0.0193,0,0.381,0.553,154,292093,4
2D2w9943rsnJOGCrI4aMQp,My Choppa Hate Niggas,21 Savage,78,rap,0.862,0.274,0,-5.818,0,0.239,0.0974,0.185,0.183,0.146,77.493,148640,4
7r6LNJT2LqpLpEyZQJPygt,Patek Water,Future,80,rap,0.86,0.561,6,-5.757,0,0.185,0.274,0,0.108,0.354,152.984,189480,4
25oOaleife6E2MIKmFkPvg,Relationship (feat. Future),Young Thug,85,rap,0.842,0.597,2,-6.336,1,0.0627,0.00252,0,0.124,0.298,145.992,215307,4
7dyluIqv7QYVTXXZiMWPHW,Numb / Encore,JAY Z,79,rap,0.685,0.803,2,-4.251,1,0.156,0.0601,0,0.381,0.799,107.005,205280,4
2EEeOnHehOozLq4aS0n6SL,iSpy (feat. Lil Yachty),KYLE,86,rap,0.746,0.653,7,-6.745,1,0.239,0.378,0,0.229,0.672,75.016,253107,4
7KccdUP4IslFXUNNseqBc7,The Real Slim Shady,Eminem,74,rap,0.948,0.656,5,-4.34,0,0.0606,0.0287,0,0.0472,0.77,104.495,284491,4
2eAZfqOm4EnOF9VvN50Tyc,The Way Life Goes (feat. Oh Wonder),Lil Uzi Vert,87,rap,0.703,0.757,1,-3.612,1,0.05,0.617,0,0.106,0.696,82.008,221747,4
6Ww0J5EFjiPxkgZpEkRQVN,Nowhere Fast (feat. Kehlani),Eminem,75,rap,0.708,0.729,11,-4.621,1,0.188,0.261,0,0.0692,0.644,79.024,264173,4
107CfwBqfICzcKur8k7UCA,Tragic Endings (feat. Skylar Grey),Eminem,75,rap,0.634,0.771,4,-4.957,0,0.239,0.429,0,0.381,0.522,80.971,252027,4
1MAqR81Tz28IIqMJ2KUDAO,Killing Me Softly with His Song,Fugees,72,rap,0.765,0.29,4,-17.117,0,0.139,0.0279,0.000001,0.381,0.506,92.409,298773,4
71pF7BYCD2bR7QXHGuco8S,Work Hard,Migos,67,rap,0.799,0.682,8,-5.375,0,0.0619,0.0398,0,0.136,0.329,147.983,317881,4
2MlcK8OgC5IpQz3l093YSR,Pursuit Of Happiness - Extended Steve Aoki Remix (Explicit),Kid Cudi,70,rap,0.723,0.695,9,-5.201,0,0.0586,0.0105,0.00355,0.0459,0.604,127.989,373627,4
0Rt2ekFM9bXqeAgR0TLZkz,i Shyne,Carnage,75,rap,0.776,0.732,8,-3.719,1,0.081,0.175,0,0.364,0.383,144.076,153351,4
4gUQE7JiIwnQKde4RtKytB,Magnolia,Playboi Carti,76,rap,0.795,0.584,11,-7.322,0,0.239,0.0115,0,0.381,0.452,163.005,181812,4
4VSVT9njJD3BsXIdCNHOVQ,Swang,Rae Sremmurd,75,rap,0.672,0.326,8,-9.36,1,0.0634,0.225,0.000029,0.101,0.154,140.008,208120,4
09BhVtcw1sVubMNHLM5I4v,Shooters,Tory Lanez,73,rap,0.63,0.544,7,-6.905,0,0.0517,0.106,0,0.381,0.118,129.94,207023,4
5XJJdNPkwmbUwE79gv0NxK,Gold Digger,Kanye West,77,rap,0.646,0.696,1,-5.572,0,0.239,0.0192,0,0.0762,0.625,92.88,207401,4
5b88tNINg4Q4nrRbrCXUmg,"Happy - From ""Despicable Me 2""",Pharrell Williams,74,rap,0.647,0.822,5,-4.662,0,0.183,0.219,0,0.0908,0.962,160.019,232720,4
3AszgPDZd9q0DpDFt4HFBy,Hey Ya! - Radio Mix / Club Mix,OutKast,72,rap,0.715,0.97,0,-2.206,1,0.0648,0.0644,0.000156,0.205,0.963,79.504,239240,4
2g7uRZ68eLtv74XrxgdT2q,"Young, Wild & Free (feat. Bruno Mars)",Snoop Dogg,71,rap,0.715,0.655,0,-6.425,1,0.137,0.0525,0,0.115,0.531,95.078,207333,4
4hEl2wrneFEJbJ6SDYWd2f,Not Afraid,Eminem,76,rap,0.854,0.954,0,-1.185,0,0.239,0.543,0,0.201,0.67,114.609,248133,5
0ESJlaM8CE1jRWaNtwSNj8,beibs in the trap,Travis Scott,83,rap,0.743,0.571,7,-6.054,0,0.145,0.24,0,0.291,0.495,119.054,213863,4
1wHZx0LgzFHyeIZkUydNXq,Antidote,Travis Scott,80,rap,0.713,0.526,1,-5.046,1,0.032,0.00767,0.000148,0.124,0.131,131.05,262693,4
6F609ICg9Spjrw1epsAnpa,Controlla,Drake,75,rap,0.607,0.476,10,-11.076,0,0.239,0.0773,0,0.113,0.347,122.976,245227,5
2xTft6GEZeTyWNpdX94rkf,All Eyez On Me,2Pac,76,rap,0.872,0.723,1,-5.968,1,0.239,0.0293,0,0.327,0.843,93.279,307773,4
3VzJE6yGuj8fDExUh6TLnc,Candy Shop,50 Cent,75,rap,0.614,0.574,11,-7.961,1,0.239,0.0253,0.000032,0.38,0.755,125.173,209107,5
55mvJ5aguCn85QuZ0NVns4,Love Scars,Trippie Redd,72,rap,0.649,0.601,9,-7.311,0,0.0738,0.000449,0,0.127,0.263,119.271,143969,4
72i5s3SBDEkaRUOgUTlkfO,In Your Head,Eminem,73,rap,0.618,0.792,1,-5.267,1,0.239,0.00194,0,0.379,0.199,82.723,182640,4
1vc2YF7ZvUtwr45HNpdGch,Numb,21 Savage,79,rap,0.839,0.437,5,-11.344,0,0.239,0.0438,0.000003,0.131,0.464,82.008,271307,4
6GNifiuBPrKFpwNBYnooFm,The Way Life Goes (feat. Nicki Minaj & Oh Wonder) - Remix,Lil Uzi Vert,83,rap,0.749,0.671,6,-5.151,1,0.0599,0.68,0,0.167,0.756,81.994,268864,4
6rZssCJPEdQnyeEdNLKsr8,ELEMENT.,Kendrick Lamar,74,rap,0.73,0.686,4,-4.713,0,0.239,0.219,0,0.211,0.459,189.889,208733,4
6j9waHwQTPaCjDR93wFG5p,Top Down On Da NAWF,Migos,67,rap,0.814,0.433,5,-7.773,1,0.071,0.00299,0.0051,0.106,0.16,151.018,295487,4
4g2j0YZdGB8x5vQjXmJsKN,Untouchable,Eminem,73,rap,0.546,0.89,7,-3.38,1,0.239,0.0781,0,0.146,0.636,177.612,370133,4
7EiZI6JVHllARrX9PUvAdX,Low Life,Future,83,rap,0.722,0.331,8,-7.789,1,0.0725,0.337,0.283,0.146,0.102,143.974,313547,4
21xJVN5wEbJogczYxfZhqR,Black Beatles,Rae Sremmurd,76,rap,0.794,0.647,0,-6.232,1,0.0628,0.158,0,0.139,0.345,145.945,291893,4
3eZGNBvKkExXp8q5FAyM8y,Champions,Kanye West,71,rap,0.696,0.774,6,-2.424,0,0.084,0.0653,0,0.381,0.33,134.985,334253,4
2yuyaYAELoMG4ApV5wJsWR,Curve (feat. The Weeknd),Gucci Mane,81,rap,0.76,0.476,8,-8.103,1,0.239,0.294,0,0.1,0.354,147.01,161990,4
5t4qsJx5uwD1WEOxqMrswM,Culture National Anthem - Outro,Migos,66,rap,0.711,0.524,0,-6.903,1,0.0672,0.153,0,0.11,0.294,140.064,283114,4
6jdOi5U5LBzQrc4c1VT983,"Hold On, We're Going Home",Drake,72,rap,0.773,0.404,6,-7.438,0,0.0949,0.00357,0.000022,0.0718,0.287,99.999,227880,4
33z5crv3IO5U2BOi8xod92,Something New (feat. Ty Dolla $ign),Wiz Khalifa,77,rap,0.814,0.635,7,-6.609,0,0.0809,0.0935,0,0.0892,0.784,87.581,200774,4
2MdMjF20umbTe4y2FgdnG8,Chloraseptic (feat. Phresher),Eminem,72,rap,0.894,0.749,1,-6.415,1,0.239,0.0396,0,0.272,0.381,132.06,301147,4
6RB9YvNyP0RZfCUcMtZELH,Freedom,Pharrell Williams,69,rap,0.427,0.558,1,-6.374,0,0.0685,0.395,0.000037,0.136,0.605,86.141,162467,4
0q75NwOoFiARAVp4EXU4Bs,Love Galore,SZA,86,rap,0.795,0.594,0,-6.2,1,0.0747,0.111,0,0.162,0.409,135.002,275080,4
5ByAIlEEnxYdvpnezg7HTX,Juicy,The Notorious B.I.G.,79,rap,0.889,0.816,9,-4.67,1,0.239,0.472,0,0.204,0.777,96.056,302693,4
5hQAvqoRM00q0dVJxAJmCn,Deja Vu,Post Malone,75,rap,0.622,0.699,7,-6.514,1,0.0466,0.107,0,0.114,0.386,133.931,234213,4
3G0yz3DZn3lfraledmBCT0,P.I.M.P.,50 Cent,72,rap,0.712,0.772,10,-3.024,0,0.239,0.0521,0.000004,0.0368,0.848,84.722,249480,4
3pndPhlQWjuSoXhcIIdBjv,What They Want,Russ,81,rap,0.71,0.404,1,-10.04,0,0.239,0.484,0,0.0953,0.398,139.553,165853,4
0E8CA9JBoEs3tD0JQJUpQb,Perplexing Pegasus,Rae Sremmurd,72,rap,0.898,0.447,1,-8.849,1,0.0772,0.000676,0.00001,0.365,0.308,145.964,204787,4
0GOJobsbOSIF99y6CGr5o6,Sober,G-Eazy,78,rap,0.558,0.766,6,-5.953,0,0.231,0.263,0,0.32,0.182,96.281,203960,4
3IU6xbfNZosvTdRrGs8b2u,Reminder,The Weeknd,74,rap,0.738,0.517,8,-7.364,1,0.13,0.143,0,0.163,0.357,79.995,218880,4
5U8hKxSaDXB8cVeLFQjvwx,The Monster,Eminem,75,rap,0.784,0.85,9,-3.679,1,0.0691,0.0492,0,0.112,0.567,110.004,250189,4
41jDpQ9b2VnVdsYEy2nC7z,It's A Vibe,2 Chainz,75,rap,0.816,0.508,11,-7.471,0,0.143,0.0289,0.000516,0.112,0.507,72.99,210200,4
4gmmRb6bZJffOOiww1JGTO,No Heart,21 Savage,80,rap,0.906,0.444,4,-8.692,0,0.239,0.136,0.000064,0.173,0.678,140.063,235040,4
5rb9QrpfcKFHM1EUbSIurX,Yeah!,Usher,81,rap,0.894,0.791,2,-4.699,1,0.112,0.0183,0,0.0388,0.583,105.018,250373,4
62vpWI1CHwFy7tMIcSStl8,No Role Modelz,J. Cole,85,rap,0.696,0.521,10,-8.465,0,0.239,0.302,0,0.0565,0.458,100,292987,4
1zF69Xru3AToRB87kAKqra,Die For You,The Weeknd,74,rap,0.587,0.514,1,-7.182,0,0.0763,0.105,0,0.147,0.486,133.881,260253,4
1uL78kFWxhz3umTMWJu8n5,Sauce It Up,Lil Uzi Vert,83,rap,0.813,0.528,6,-6.305,0,0.239,0.0715,0,0.125,0.131,79.532,207039,4
4nlKIaxmvklOm1Tf9K6SC9,Trap Queen,Fetty Wap,54,rap,0.746,0.873,7,-3.803,1,0.128,0.0244,0,0.354,0.817,148.075,222093,4
0uxSUdBrJy9Un0EYoBowng,20 Min,Lil Uzi Vert,82,rap,0.773,0.75,8,-4.009,0,0.117,0.109,0,0.174,0.783,123.426,220587,4
32cHleNk6n0RIVJMF4Q8LU,Morning After,dvsn,71,rap,0.668,0.504,4,-9.193,0,0.0382,0.00959,0.000006,0.0992,0.154,119.99,269973,4
7oDTApxHeWzTQOR7GPPxw4,Heat,Eminem,72,rap,0.835,0.864,7,-5.361,0,0.239,0.163,0,0.305,0.511,99.043,250000,4
4SRqDmPxYX0pUb5B5ut2Ri,So Sick,Ne-Yo,76,rap,0.452,0.574,6,-8.336,1,0.239,0.246,0,0.189,0.58,92.791,207187,4
6P2ffRHZZ8CdH3GfWq71Ci,Castle,Eminem,72,rap,0.657,0.826,7,-4.544,1,0.239,0.0228,0.000554,0.0967,0.26,85.064,254760,4
66CFbqJScx6zRieGllITcs,"See You Again (feat. Charlie Puth) - From ""Furious 7""",Wiz Khalifa,77,rap,0.689,0.481,10,-7.503,1,0.0815,0.369,0.000001,0.0649,0.283,80.025,229526,4
5yH8SRaCMMD2NbXRdD5YP2,Bad and Boujee (feat. Lil Uzi Vert),Migos,51,rap,0.897,0.661,8,-6.2,0,0.239,0.0633,0,0.116,0.193,127.081,334467,4
4GobZWa9KuHk6whyzN4lRy,Chloraseptic (feat. 2 Chainz & Phresher) - Remix,Eminem,73,rap,0.872,0.732,1,-6.614,1,0.239,0.168,0,0.334,0.482,135.831,296941,4
2LKlHBPHxLG5ArAXfF148n,Lemon - Edit,N.E.R.D,82,rap,0.805,0.71,1,-6.642,1,0.239,0.000881,0.000026,0.358,0.147,190.044,146907,4
4EsYkJjHKMejYLp54woB9c,Letterman,Wiz Khalifa,78,rap,0.93,0.673,10,-7.314,0,0.0733,0.0112,0,0.138,0.219,134.984,188563,4
7CRVv14VLogIh8BZLcRpJM,Modern Slavery,Huncho Jack,72,rap,0.744,0.739,4,-3.735,0,0.224,0.00161,0,0.28,0.507,134.008,148560,4
2ExePm1EBdSJkr4Y4Nc50z,Gyalchester,Drake,73,rap,0.877,0.391,1,-8.196,1,0.063,0.0317,0.000502,0.0945,0.122,131.018,189230,4
5GG3knKdxKWrNboRijxeKF,Run Me Dry,Bryson Tiller,80,rap,0.646,0.756,9,-9.017,0,0.239,0.393,0.000032,0.202,0.596,193.881,169267,4
4YkwUfWSIxdKNLDXw0caFO,Pills & Automobiles,Chris Brown,81,rap,0.82,0.696,7,-4.918,0,0.182,0.119,0,0.231,0.617,144.981,292910,4
4Q3N4Ct4zCuIHuZ65E3BD4,Tunnel Vision,Kodak Black,84,rap,0.497,0.489,11,-7.724,0,0.239,0.0576,0.000099,0.122,0.231,171.853,268187,4
5ay25AMFQBSzLJ2wmqXTeY,T'd Up,Rae Sremmurd,70,rap,0.832,0.576,8,-6.665,1,0.108,0.00436,0.000003,0.17,0.124,151.989,232863,4
05CgKydlFJALNy4JTHeMgs,Framed,Eminem,71,rap,0.744,0.821,7,-3.009,1,0.161,0.0113,0,0.259,0.762,145.982,252960,4
0I3q5fE6wg7LIfHGngUTnV,Ms. Jackson,OutKast,79,rap,0.843,0.805,4,-5.946,0,0.239,0.142,0,0.0771,0.615,94.946,270507,4
0t6IEH0yGXKMaU86asSmzg,No Option,Post Malone,75,rap,0.655,0.725,2,-5.055,1,0.053,0.0877,0,0.252,0.463,84.014,179827,4
1ULa3GfdMKs0MfRpm6xVlu,We Dem Boyz,Wiz Khalifa,72,rap,0.717,0.862,8,-4.736,1,0.054,0.00689,0,0.321,0.52,130.021,224933,4
2rnFb0VnsxFPYgkJXrgcAc,Batman,Jaden Smith,68,rap,0.696,0.599,3,-7.361,1,0.0904,0.241,0.000002,0.119,0.273,140,184929,4
2N3U8uTYhjX2KwGT0pf5x0,Everyday,A$AP Rocky,78,rap,0.394,0.661,4,-8.684,1,0.193,0.0101,0,0.343,0.335,149.822,260987,4
6aTNfIir5pZmrFOC1gnxXB,Famous,French Montana,72,rap,0.722,0.598,6,-6.755,1,0.162,0.0234,0.000016,0.121,0.569,99.948,244975,4
3qk4wRMDlaeagZGjSYbsOV,Sober,G-Eazy,79,rap,0.558,0.766,6,-5.953,0,0.231,0.263,0,0.32,0.182,96.281,203960,4
0taOCiup4HNG9LmbduVlJj,Rubbin Off The Paint,YBN Nahmir,86,rap,0.721,0.71,7,-9.294,1,0.239,0.000655,0,0.359,0.509,108.024,156057,5
6gU9OKjOE7ghfEd55oRO57,The Weekend,SZA,84,rap,0.487,0.366,8,-9.405,0,0.0531,0.241,0,0.126,0.161,68.191,272187,5
11KJSRSgaDxqydKYiD2Jew,Too Good,Drake,76,rap,0.804,0.648,7,-7.805,1,0.117,0.0573,0.000035,0.102,0.392,117.983,263373,4
3ssX20QT5c3nA9wk78V1LQ,Ambitionz Az A Ridah,2Pac,79,rap,0.801,0.91,2,-6.566,1,0.225,0.00239,0.000909,0.0737,0.804,87.276,278387,4
0zQS4nZPuKl1isqXVGhwUg,Stronger,Kanye West,50,rap,0.631,0.72,10,-7.854,0,0.13,0.00529,0,0.372,0.478,103.987,311947,4
6tUgfsOa8PLkoede5nOR7D,Lemon,N.E.R.D,82,rap,0.919,0.73,1,-6.581,1,0.088,0.00194,0.000085,0.101,0.189,95.044,219880,4
4ILPeQqo6Xx4ZOFlreeQNU,Audi.,Smokepurpp,72,rap,0.794,0.366,7,-10.051,1,0.135,0.0214,0,0.0964,0.278,122.993,159522,4
0chdEzeIcgfNYbWJBpgvzR,Arose,Eminem,72,rap,0.612,0.904,4,-6.076,0,0.239,0.182,0,0.17,0.555,75.801,274627,4
0Zh5U48tZNeAzzLTV1CVBE,Forgot About Dre,Dr. Dre,73,rap,0.925,0.737,8,-1.292,1,0.0777,0.092,0,0.169,0.603,133.946,222240,4
3p0Y1C5jhaqyKW7d9oskXA,Alone,Russ,78,rap,0.537,0.528,11,-7.666,0,0.208,0.0874,0,0.0855,0.124,96.931,178773,4
2GByM82VgSrwywP6MVZmsm,Black & Chinese,Huncho Jack,71,rap,0.667,0.848,1,-4.156,1,0.0928,0.00285,0.00291,0.125,0.361,159.15,172017,4
4XoP1AkbOurU9CeZ2rMEz2,F**kin' Problems,A$AP Rocky,80,rap,0.869,0.687,1,-6.816,1,0.239,0.0208,0.000001,0.114,0.668,96.006,233787,4
3lyeSiAIdLoZUHhV8psOTI,Feed Me Dope,Future,72,rap,0.853,0.688,8,-6.509,0,0.239,0.0118,0,0.151,0.565,150.012,166693,4
2AYTGaclgKXACh13nJRVcV,All The Way Up (Remix),Fat Joe,72,rap,0.564,0.717,10,-6.403,0,0.239,0.097,0,0.381,0.423,117.489,284831,5
2lLqpx1YG9pxA3Y9UGN9Ty,Where U From,Huncho Jack,68,rap,0.759,0.752,1,-2.964,1,0.0805,0.0488,0,0.198,0.27,140,251969,4
5lZsh9Qf7CbHI9Fcc7Zcsq,Bounce Out With That,YBN Nahmir,83,rap,0.865,0.652,8,-8.218,1,0.105,0.037,0,0.0925,0.372,94.946,97202,4
2WWruw7ul9N7eqoHELyMc2,The Beautiful & Damned,G-Eazy,78,rap,0.656,0.804,8,-5.191,0,0.239,0.173,0,0.381,0.314,125.882,189307,4
02hNDxtMMTpq72rdp1lm6v,4 AM,2 Chainz,70,rap,0.789,0.501,6,-7.167,0,0.239,0.124,0,0.169,0.225,75.031,255560,4
4QVOTT9CM2ftSLwnYGNDjd,Stan,Eminem,72,rap,0.781,0.74,6,-5.065,0,0.208,0.0375,0.000002,0.381,0.527,80.056,404427,4
4hGZxsGcFnuCJXn25EWj5j,Need Me (feat. Pink),Eminem,72,rap,0.697,0.664,10,-7.148,1,0.0626,0.00501,0,0.304,0.566,104.979,265467,3
5pWAuRZyAC3HIf36GfRcbz,Too Young,Post Malone,71,rap,0.625,0.639,11,-6.474,0,0.054,0.292,0.000057,0.0833,0.263,123.012,237147,4
0zMxL4BTjSqCsUtfdlcL8G,Tiimmy Turner,Desiigner,73,rap,0.602,0.723,6,-3.021,1,0.0405,0.168,0,0.0781,0.293,122.812,239853,4
6jmTHeoWvBaSrwWttr8Xvu,I Mean It,G-Eazy,79,rap,0.712,0.562,10,-6.008,1,0.129,0.125,0,0.136,0.142,140,236480,4
0Oa9mHOnH14GZ4toWwkf4c,Good Life (with G-Eazy & Kehlani),G-Eazy,75,rap,0.572,0.778,1,-5.208,1,0.233,0.00638,0,0.0563,0.54,168.073,225520,4
1dZwhDMg4tAzGPb99FcDQM,El Chapo - feat. Skrillex,The Game,69,rap,0.747,0.912,6,-3.324,0,0.239,0.139,0,0.271,0.59,127.096,220079,4
3i1B1PnsfnOQPGVIzhf1lr,"That's My N**** (with Meek Mill, YG & Snoop Dogg)",Meek Mill,78,rap,0.723,0.732,11,-5.514,1,0.0864,0.11,0,0.381,0.503,104.991,199747,4
4kfEy7h6bWBS5OaDpccTap,Marvelous Day (feat. Lil Uzi Vert & Gunna),Kap G,78,rap,0.846,0.651,7,-5.481,0,0.128,0.634,0,0.125,0.581,140.048,223921,4
0PyWKgNmGiYTFe6MXN5U4K,Bounce Back,Big Sean,77,rap,0.684,0.549,9,-5.695,1,0.239,0.11,0,0.125,0.277,81.441,222360,4
2NeHnSFnwNp1Z5WYgcjJ8L,X Gon' Give It To Ya,DMX,76,rap,0.678,0.857,10,-5.173,0,0.216,0.0325,0,0.0788,0.622,94.95,219253,4
4nAyv6465LBywy7tOx78bc,Party Monster,The Weeknd,73,rap,0.582,0.621,1,-8.332,1,0.0793,0.188,0.000017,0.299,0.225,77.555,249213,4
4GXl8l1MfZPf2GvpyRPJBf,pick up the phone,Young Thug,70,rap,0.706,0.716,7,-4.263,0,0.0768,0.115,0,0.316,0.459,136.904,252263,4
4HkJZAJUvXmqGquwlXFTCu,Stan,Eminem,65,rap,0.781,0.77,6,-4.421,0,0.23,0.0406,0.000002,0.381,0.495,80.052,404067,4
4ceMuukXWzAQRYRYXalJMS,Motorcycle Patches,Huncho Jack,70,rap,0.893,0.662,5,-5.03,0,0.0971,0.0171,0,0.105,0.446,81.524,191410,4
2YzmfPLqUx5CJOaw5ThsBV,Plain Jane REMIX,A$AP Ferg,83,rap,0.791,0.839,11,-4.284,1,0.239,0.0588,0.000063,0.259,0.383,170.113,202636,4
39h7qYbmksGgxQzDH9X7Aq,Energy,Drake,69,rap,0.748,0.571,11,-7.916,1,0.239,0.38,0,0.381,0.553,172.105,181933,4
5XQMr19TL7Mfksq9zihbOu,Questions,Chris Brown,83,rap,0.614,0.598,10,-6.335,0,0.0561,0.00543,0,0.1,0.565,105.803,129478,4
16qYlQ6koFxYVbiJbGHblz,G.O.M.D.,J. Cole,80,rap,0.889,0.393,4,-10.821,0,0.239,0.331,0.000009,0.283,0.304,128.065,301133,4
2V2URIj73ZFksArTldfkRW,Sauce It Up,Lil Uzi Vert,0,rap,0.813,0.528,6,-6.305,0,0.239,0.0715,0,0.125,0.131,79.532,207039,4
1f5cbQtDrykjarZVrShaDI,Drowning (feat. Kodak Black),A Boogie Wit da Hoodie,86,rap,0.839,0.81,5,-5.274,0,0.0568,0.501,0,0.117,0.814,129.014,209269,4
08GMwsvnrVZqBDE9djqAia,Breakfast (feat. A$AP Rocky),Jaden Smith,67,rap,0.47,0.78,2,-7.823,1,0.239,0.277,0,0.381,0.161,80.6,184599,4
5XXlKTJfxOQj7Eo0cszSOc,Eye 2 Eye,Huncho Jack,71,rap,0.815,0.649,2,-4.381,1,0.157,0.00109,0,0.102,0.172,146.034,190679,4
270aLuFCbX32hhBr8MQyPM,Love U Better (feat. Lil Wayne & The-Dream),Ty Dolla $ign,82,rap,0.645,0.541,10,-6.312,0,0.0385,0.0802,0,0.325,0.411,95.061,181880,4
3IkACj2ZEsmDLzhQNBW2XH,Offended,Eminem,71,rap,0.656,0.871,1,-4.604,1,0.239,0.573,0,0.381,0.75,140.322,320920,4
1rpXGKGehV4BxdHftWgtLP,I Sip,Tory Lanez,72,rap,0.645,0.543,5,-11.219,0,0.239,0.226,0,0.111,0.501,99.728,196436,4
7yyRTcZmCiyzzJlNzGC9Ol,Broccoli (feat. Lil Yachty),DRAM,76,rap,0.886,0.525,8,-7.39,1,0.131,0.236,0,0.057,0.708,145.99,225205,4
1WIZiOuNO3woKfdlSK2gNn,Transportin',Kodak Black,84,rap,0.804,0.66,10,-4.86,0,0.0726,0.0319,0,0.103,0.257,94.053,169345,4
23WHTR4EN7QUx1oqa2z0zh,We Own It (Fast & Furious),2 Chainz,68,rap,0.548,0.903,1,-4.562,0,0.239,0.0516,0,0.0529,0.552,172.042,227907,4
5lWiOPIRStb7Qkub64wGVW,Broken People (with Logic & Rag'n'Bone Man),Logic,69,rap,0.694,0.702,9,-5.477,1,0.0946,0.123,0,0.0758,0.308,79.959,212067,4
2jWth8MatYnnFPiOZpCxPP,"That's My N**** (with Meek Mill, YG & Snoop Dogg)",Meek Mill,72,rap,0.723,0.732,11,-5.514,1,0.0864,0.11,0,0.381,0.503,104.991,199747,4
1vVNlXi8gf8tZ7OhnEs4VE,A Lie,French Montana,74,rap,0.516,0.792,1,-5.38,0,0.216,0.0235,0,0.381,0.524,121.189,226790,5
0UtnpKaReKUg2GquaSxCyD,Money Trees,Kendrick Lamar,71,rap,0.716,0.53,7,-7.38,1,0.132,0.0739,0,0.216,0.362,71.981,386907,4
6rOLiOF1wIqFa9f0G4jOhX,U Mad,Vic Mensa,61,rap,0.722,0.586,1,-6.495,1,0.0472,0.0122,0,0.325,0.48,134.047,299799,4
2QsZVnbWVSjKMXK6K3uRBL,U Remind Me,Usher,74,rap,0.657,0.629,6,-4.938,1,0.0782,0.194,0,0.254,0.726,93.985,266893,4
0iTCmKvuU1ReULiQB0rI7n,Tone it Down (feat. Chris Brown),Gucci Mane,74,rap,0.764,0.646,8,-5.375,1,0.0711,0.158,0.000001,0.0889,0.612,130.927,221052,4
1vffte5WTHIik37ePfJdo4,King Kunta,Kendrick Lamar,73,rap,0.884,0.657,6,-4.569,0,0.0977,0.00589,0,0.154,0.489,107.059,234693,4
3qX1dqmDdmMvvfMVfsx4Bh,m.A.A.d city,Kendrick Lamar,75,rap,0.484,0.722,2,-6.804,1,0.239,0.0508,0.000004,0.381,0.226,90.928,350120,4
0B8QzDH7YWih85V5SEMnyJ,Money Longer,Lil Uzi Vert,82,rap,0.795,0.568,5,-7.817,0,0.142,0.0541,0,0.108,0.478,136.173,198944,4
18QmsgC86DW2MSBV4zlucP,Black And Yellow,Wiz Khalifa,49,rap,0.684,0.834,2,-4.524,0,0.0675,0.0646,0,0.271,0.538,164.02,217667,4
33ZXjLCpiINn8eQIDYEPTD,"Shook Ones, Pt. II",Mobb Deep,77,rap,0.763,0.786,10,-6.472,0,0.229,0.0146,0.0114,0.0817,0.504,93.857,325507,4
55OdqrG8WLmsYyY1jijD9b,Wyclef Jean,Young Thug,78,rap,0.863,0.576,5,-5.687,0,0.239,0.124,0,0.143,0.832,132.054,236293,4
3TZwjdclvWt7iPJUnMpgcs,Jump Around,House Of Pain,76,rap,0.854,0.71,4,-6.32,0,0.0793,0.0113,0.000087,0.166,0.818,106.894,214947,4
51UC1yV79s4uxyIHs2ilYE,Tiimmy Turner - Remix,Desiigner,60,rap,0.788,0.467,1,-6.483,1,0.0931,0.254,0,0.122,0.393,122.983,141613,4
6wb6zxkNTBtcYVkXcvNyJp,No Type,Rae Sremmurd,72,rap,0.885,0.479,6,-7.81,1,0.149,0.0138,0.000003,0.0925,0.237,125.077,200080,4
5DCA1FOUDBURlRTNg4ganf,Let Me Blow Ya Mind,Eve,68,rap,0.905,0.559,1,-4.237,0,0.11,0.249,0,0.0646,0.887,90.031,229933,4
7lQ2PnKDMjolzzqLT1CMrK,Huncho Jack,Huncho Jack,69,rap,0.797,0.571,5,-3.51,0,0.0478,0.0085,0,0.172,0.062,136.995,199227,4
2ye824NM1m7Nc2UPXtwZjL,When I'm Gone,Eminem,73,rap,0.515,0.74,10,-5.507,0,0.239,0.0493,0,0.258,0.765,75.922,281133,4
6vMkejaBSRe1ZncIG1uf0w,PROUD,2 Chainz,65,rap,0.784,0.804,10,-4.289,0,0.239,0.749,0,0.159,0.888,173.933,234667,4
4Q3TpOXEJZY04PwDDqrAeb,Birthday Sex,Jeremih,70,rap,0.677,0.523,7,-5.603,0,0.0439,0.295,0,0.15,0.446,60.019,226507,4
4S7YHmlWwfwArgd8LfSPud,L$D,A$AP Rocky,78,rap,0.598,0.252,2,-15.086,1,0.0647,0.193,0.138,0.0992,0.0352,120.06,238307,4
4PpuH4mxL0rD35mOWaLoKS,Lemon,N.E.R.D,74,rap,0.916,0.727,1,-6.556,1,0.0861,0.00214,0.000145,0.118,0.201,94.997,219707,4
0weAUscowxeqDtpCgtbpgp,Gettin' Jiggy Wit It,Will Smith,75,rap,0.881,0.874,6,-4.505,1,0.139,0.0175,0.000001,0.154,0.858,107.891,227933,4
3rtuukjxyg57bDRZbkkt5l,Crash & Burn,G-Eazy,72,rap,0.558,0.778,3,-4.03,0,0.239,0.0719,0,0.0905,0.294,88.125,180360,4
6yHkPtl6UQ7RjtJLBPzbJw,Selfish,Future,78,rap,0.415,0.369,8,-10.044,1,0.0741,0.0303,0.000008,0.381,0.0913,95.746,251423,4
4zii9cq9ZgxYJFnaxM3Tul,Unforgettable - Latin Remix,French Montana,72,rap,0.749,0.784,8,-5.271,0,0.171,0.0714,0.00102,0.101,0.655,97.985,214000,4
2PpruBYCo4H7WOBJ7Q2EwM,Hey Ya! - Radio Mix / Club Mix,OutKast,78,rap,0.728,0.974,4,-2.261,0,0.0665,0.103,0.000532,0.175,0.965,79.526,235213,4
7bre6yd84LZ6MFoTppmHja,Swimming Pools (Drank),Kendrick Lamar,70,rap,0.656,0.446,1,-5.897,1,0.239,0.00695,0.000419,0.088,0.203,74.543,247800,4
7j5gDUNmYO7DHaeoRjpLdQ,Kelly Price (feat. Travis Scott),Migos,48,rap,0.745,0.685,4,-5.7,0,0.0313,0.53,0,0.176,0.437,121.977,363934,4
5OOkp4U9P9oL23maHFHL1h,Panda,Desiigner,75,rap,0.576,0.766,10,-4.943,0,0.239,0.028,0.000002,0.366,0.236,144.833,246761,4
5ACkknqH2GcrVtmBB7LaRv,Teenage Fever,Drake,73,rap,0.766,0.283,8,-10.33,0,0.0846,0.111,0.0172,0.115,0.144,97.04,219692,4
6HR1z11h0ROUlWP4Kx8Z7G,Mad Stalkers,21 Savage,74,rap,0.9,0.365,10,-6.395,0,0.235,0.147,0.185,0.179,0.136,135.003,202667,4
6NPVjNh8Jhru9xOmyQigds,Happy,Pharrell Williams,75,rap,0.652,0.757,1,-6.819,1,0.153,0.286,0,0.0886,0.962,159.911,233305,4
17baAghWcrewNOcc9dCewx,Mockingbird,Eminem,74,rap,0.621,0.672,4,-3.892,0,0.239,0.21,0,0.13,0.228,83.808,251267,4
1nO2NjuFkGaAWcMdJ1pNrp,Cocky,A$AP Rocky,0,rap,0.797,0.633,5,-4.815,1,0.238,0.223,0,0.109,0.577,156.015,232413,4
4yDi13deftrX9gY9B3wgOI,Cocky,A$AP Rocky,0,rap,0.793,0.671,5,-3.805,1,0.239,0.253,0,0.111,0.565,155.981,231595,4
3p6fkbeZDIVqapfdgQe6fm,Famous,Kanye West,74,rap,0.469,0.754,6,-3.664,1,0.13,0.0679,0,0.106,0.421,174.068,196040,4
1Mb187X5w3OUQNH6P5M28Y,Ex (feat. YG),Ty Dolla $ign,78,rap,0.77,0.426,5,-5.717,0,0.0473,0.0116,0,0.273,0.523,102.056,163133,4
1XVcew2GXXQdLZN1AGRPgm,So Good (& Metro Boomin),Big Sean,70,rap,0.692,0.405,8,-8.617,0,0.239,0.0161,0,0.114,0.57,116.843,268720,5
7sjwaBQ6M3aVigYfBjm1sL,Ima Boss - feat. Rick Ross,Meek Mill,65,rap,0.37,0.87,5,-2.09,1,0.239,0.0415,0,0.381,0.331,79.092,250240,4
7Kdne8CUyNJIGmFdE23UNJ,Go,Huncho Jack,66,rap,0.749,0.89,5,-0.897,0,0.0404,0.307,0.000034,0.311,0.597,135.029,156530,4
4AFgK4wP1iD5i8BYaLr9Vf,You Da Baddest,Future,75,rap,0.807,0.736,7,-6.748,1,0.151,0.109,0.00729,0.104,0.54,154.023,242933,4
7ByfFjT83MNmisdzhZ50Fv,With You,Chris Brown,68,rap,0.662,0.693,3,-4.298,1,0.0698,0.134,0,0.145,0.655,86.009,252120,4
5h5tBFnbcVioFXiOixTn6E,"Bitch, Don’t Kill My Vibe",Kendrick Lamar,71,rap,0.59,0.702,1,-9.058,1,0.0817,0.0135,0,0.381,0.124,134.023,310720,4
2EBCVPNAG46nbgs6jXPGvv,Starships,Nicki Minaj,74,rap,0.746,0.728,11,-2.464,0,0.0762,0.158,0,0.249,0.708,124.954,210627,4
28boB2CUpgdEDw38645vvd,Patient,Post Malone,70,rap,0.752,0.649,5,-6.204,0,0.175,0.543,0,0.13,0.577,89.984,194333,4
7xC7Dv9kSpPKqel8iyYNLJ,wokeuplikethis*,Playboi Carti,72,rap,0.785,0.623,8,-6.755,1,0.239,0.0132,0,0.155,0.496,78.467,235535,4
68vgtRHr7iZHpzGpon6Jlo,My Boo,Usher,78,rap,0.662,0.507,5,-8.238,1,0.118,0.257,0,0.0465,0.676,86.412,223440,4
6kP57bEoT8R9ytlGUfUTmB,Secrets,The Weeknd,70,rap,0.662,0.783,0,-5.759,1,0.0503,0.0142,0.000015,0.27,0.728,109.952,265600,4
7mJ2RZgc9MDpiQBijvPYFX,Saint Laurent Mask,Huncho Jack,67,rap,0.767,0.59,11,-4.098,1,0.041,0.0432,0,0.169,0.0792,134.994,190437,4
3wGXyJGsCf1myH5MooQIqE,The Race,Tay-K,81,rap,0.766,0.606,9,-6.064,1,0.239,0.00266,0,0.166,0.352,160.223,140000,4
3NzJnmcgNPGFWJYvO3HneW,Blem,Drake,72,rap,0.726,0.535,7,-7.804,0,0.0476,0.0533,0.000014,0.0984,0.375,98.067,216558,4
2u7mxWSeoqTXndK5e08jMp,Nowadays (feat. Landon Cube),Lil Skies,81,rap,0.745,0.646,6,-6.987,0,0.17,0.157,0,0.338,0.46,79.993,203908,4
6glklpxk7EtKIdxA3kYQS5,Miss Independent,Ne-Yo,72,rap,0.668,0.673,1,-5.714,1,0.145,0.48,0,0.194,0.727,171.812,232000,4
4f1QbCjIAgQwnf7ms9NXWx,Me You,Russ,79,rap,0.702,0.762,8,-2.733,1,0.0328,0.00196,0.000451,0.142,0.233,95.019,164200,4
358uP4VwX0XYKji2IW19zi,Moves,Big Sean,70,rap,0.803,0.524,2,-6.245,1,0.239,0.0563,0,0.174,0.349,75.531,142907,4
0l08dcPEqNEUhymVBext8h,My Name Is,Eminem,69,rap,0.833,0.681,5,-6.248,0,0.239,0.0406,0,0.0926,0.839,85.497,268400,4
5WHVJ7MILL1r5xs8hDfJ4i,Get It Together,Drake,70,rap,0.781,0.721,5,-9.133,0,0.0514,0.0945,0.391,0.104,0.849,123.011,250337,4
1ce3DvvGQn6hY2LMGMLCr5,Black Skinhead,Kanye West,74,rap,0.578,0.825,1,-6.107,1,0.239,0.000986,0,0.176,0.283,130.089,188013,4
13q8un4Xjs3IOfdem4jgVe,GXD,21 Savage,61,rap,0.811,0.445,8,-10.105,1,0.239,0.0453,0,0.109,0.25,103.992,154082,4
2svutFGaCycRmYc1mWbfQh,Don't Don't Do It!,N.E.R.D,71,rap,0.799,0.871,2,-5.784,1,0.138,0.12,0,0.0688,0.811,77.013,257707,4
43PuMrRfbyyuz4QpZ3oAwN,Exchange,Bryson Tiller,83,rap,0.53,0.433,6,-10.598,1,0.185,0.108,0,0.135,0.274,160.14,194613,4
5QxxIhXt7E8yR3F7U9ajiV,Ultimate,Denzel Curry,67,rap,0.488,0.826,6,-3.11,0,0.239,0.0949,0.000003,0.246,0.762,112.65,189974,4
5sNESr6pQfIhL3krM8CtZn,Numb / Encore,JAY Z,76,rap,0.687,0.793,2,-4.254,1,0.166,0.0603,0,0.381,0.751,107.045,205733,4
2qFT2tvTY8ZsBZLeaFeEB3,Everybody,Logic,72,rap,0.888,0.934,0,-5.983,0,0.0923,0.173,0,0.0685,0.764,109.997,162347,4
5AL46kwqlBX7qWP3qUppJe,PRIDE.,Kendrick Lamar,69,rap,0.667,0.533,4,-7.005,0,0.0562,0.0817,0.000008,0.152,0.392,138.865,275253,4
5iUQMwxUPdJBFeGkePtM66,Dang! (feat. Anderson .Paak),Mac Miller,75,rap,0.836,0.67,5,-6.907,0,0.23,0.00826,0.000355,0.0837,0.556,107.018,305350,4
1CJnWD3xbUiP3gEJwuVSsO,Fade,Kanye West,68,rap,0.743,0.77,9,-5.738,0,0.0989,0.102,0,0.314,0.308,105.93,193748,4
7t2bFihaDvhIrd2gn2CWJO,"Or Nah (feat. The Weeknd, Wiz Khalifa and DJ Mustard) - Remix",Ty Dolla $ign,81,rap,0.805,0.33,1,-8.712,0,0.1,0.22,0,0.105,0.211,121.97,242983,4
3pXF1nA74528Edde4of9CC,Don't,Bryson Tiller,83,rap,0.765,0.356,11,-5.556,0,0.196,0.222,0,0.0963,0.19,97.001,198293,4
4LOoPg7TavHtNmCTOfd9XQ,Ready or Not,Fugees,61,rap,0.601,0.422,10,-13.364,0,0.239,0.21,0,0.0839,0.563,132.456,226987,3
0DRJUYCorvVMEHa5dAyg0R,PRBLMS,6LACK,74,rap,0.495,0.589,9,-4.676,1,0.129,0.0314,0.000001,0.18,0.116,103.076,246773,4
1B87ZDrD3Pno9hS4stamWO,Comin Out Strong,Future,76,rap,0.628,0.481,1,-7.775,1,0.239,0.29,0,0.118,0.33,108.761,254370,5
6eCdIgMLCc1T5h52mDg8NA,Liife,Desiigner,70,rap,0.658,0.607,0,-6.166,1,0.239,0.115,0,0.324,0.306,154.91,197680,4
3dgQqOiQ9fCKVhNOedd2lf,Started From The Bottom,Drake,68,rap,0.792,0.523,8,-7.856,1,0.196,0.0365,0,0.161,0.545,86.311,174120,4
69f1steoIMhN1skPkBR6rB,Distance,Omarion,73,rap,0.774,0.812,7,-5.446,1,0.215,0.184,0,0.0757,0.743,103.878,183099,4
4knL4iPxPOZjQzTUlELGSY,Rake It Up,Yo Gotti,85,rap,0.91,0.444,1,-8.126,0,0.239,0.022,0,0.137,0.53,149.953,276333,4
57IRaiAB4hBZu3gnNVZC0v,No Smoke,YoungBoy Never Broke Again,81,rap,0.658,0.736,9,-6.097,0,0.239,0.113,0,0.0978,0.804,143.966,160000,4
2oy5kjcc7itM64xk00Gz2c,Pull The Trigger,Russ,73,rap,0.623,0.651,4,-6.988,0,0.239,0.305,0,0.101,0.296,82.078,156560,4
7LAhKXDNWwq3CmnFP3UIOP,Nightmare,Offset,74,rap,0.739,0.405,0,-10.897,1,0.0852,0.442,0.211,0.158,0.127,157.09,147987,4
6wOCaV1MY8CN2ujNJSfr5z,Pray For Me,G-Eazy,75,rap,0.77,0.502,5,-9.604,0,0.13,0.0614,0,0.069,0.305,127.946,207907,4
45FMZNp09Z0FMjjOUVGAzm,How U Feel,Huncho Jack,66,rap,0.853,0.79,2,-2.557,1,0.158,0.0474,0.000012,0.381,0.46,139.986,205682,4
6TXglvsCOo7dQrEgRiIdO0,Bad Things (with Camila Cabello),Machine Gun Kelly,76,rap,0.678,0.696,2,-4.79,1,0.133,0.206,0,0.164,0.254,137.822,239293,4
2Dts49OexROL2KvCK2sokf,What's The Difference,Dr. Dre,71,rap,0.782,0.819,11,-0.158,0,0.239,0.252,0,0.133,0.725,91.824,244267,4
1JxV2A7IFlmosxlCckJ8Yc,Do Not Disturb,Drake,71,rap,0.618,0.693,7,-5.943,0,0.239,0.246,0,0.112,0.454,170.982,283551,4
124NFj84ppZ5pAxTuVQYCQ,Take Care,Drake,71,rap,0.682,0.527,0,-10.426,0,0.234,0.0315,0.000039,0.0926,0.306,121.743,277387,4
39Do25PdLaSd8XPewzM35n,Ex Calling,6LACK,73,rap,0.783,0.566,1,-7.491,1,0.239,0.00706,0.000011,0.226,0.0586,155.961,211960,4
7s6TeadLgo8mkgWawc7SAO,Moon Rock,Huncho Jack,66,rap,0.714,0.719,8,-3.984,1,0.0574,0.0101,0,0.141,0.188,143.007,151184,4
7d19457woBxmPRCq255YqM,The Race - Remix,Tay-K,79,rap,0.75,0.548,9,-6.288,1,0.239,0.00619,0,0.156,0.377,160.084,211875,4
1XvHiCTd0MDb16S8bQNl74,All Of The Lights,Kanye West,71,rap,0.546,0.796,1,-3.263,1,0.0639,0.0909,0.000027,0.19,0.254,142.123,299613,4
36UuD5tbu7TyugjJLMTzCr,One Night,Lil Yachty,71,rap,0.767,0.476,0,-12.676,1,0.126,0.379,0,0.106,0.38,129.962,243270,4
6sDCgB1Ulh7aw92mk0opyd,But A Dream,G-Eazy,74,rap,0.583,0.685,8,-6.978,1,0.239,0.162,0,0.0858,0.44,155.947,206427,4
3D8nmWMF0nJW3dy04EUM4d,Temperature,Tyga,73,rap,0.864,0.587,4,-4.504,0,0.0985,0.36,0.000059,0.0909,0.539,96.033,200009,4
7KwZNVEaqikRSBSpyhXK2j,Hypnotize - 2014 Remastered Version,The Notorious B.I.G.,78,rap,0.901,0.697,9,-3.439,1,0.239,0.145,0,0.287,0.67,93.941,229827,4
3QHONiXGMGU3z68mQInncF,I'll Be Missing You (feat. 112),Diddy,75,rap,0.862,0.479,7,-9.199,1,0.0646,0.0522,0.00126,0.381,0.925,109.878,301520,4
5IKOXYnhzrLxqhlI0btiaa,Red Roses (feat. Landon Cube),Lil Skies,82,rap,0.599,0.818,9,-4.215,0,0.0881,0.717,0.000014,0.228,0.475,140.009,262062,4
3Wyc7M8twhxeyaC51BcQYb,Changes - 1998 Greatest Hits (Explicit),2Pac,69,rap,0.863,0.672,7,-6.311,1,0.0739,0.0446,0,0.166,0.338,111.11,268827,4
6HHytHLXLX8QfWTtGfFSvH,Drop It Like It's Hot,Snoop Dogg,73,rap,0.892,0.628,1,-3.832,1,0.216,0.169,0,0.102,0.676,92.063,266067,4
17QaCiTklVj0c7VLqErDGu,Plug Walk,Rich The Kid,67,rap,0.875,0.535,11,-6.534,1,0.146,0.237,0,0.108,0.178,95.001,175511,4
5SqSckut3FcoQKmGkMWgp1,Often,The Weeknd,72,rap,0.571,0.612,7,-9.851,0,0.045,0.229,0,0.127,0.0812,133.995,249040,4
06Gyf2pFDVmN5K8XAawG96,No Cap,Future,72,rap,0.8,0.523,1,-6.578,1,0.107,0.00108,0,0.352,0.379,147.057,144142,4
1XZkxBNZT13KoAexAKB2lp,True Colors,The Weeknd,69,rap,0.608,0.419,1,-8.231,1,0.239,0.277,0,0.187,0.634,76.61,206013,4
0Y0TOsE1q11qgbi7c5WZsG,R.I.C.O. (feat. Drake),Meek Mill,77,rap,0.727,0.599,1,-6.941,1,0.239,0.317,0,0.219,0.386,167.909,197133,3
1Ci4wASMY4xtKVMeHA6Sd5,through the late night,Travis Scott,76,rap,0.744,0.589,5,-1.218,0,0.0359,0.36,0,0.119,0.242,127.051,286236,4
5HR4CYT5nPpFy8m9wJQgrr,Rockin’,The Weeknd,69,rap,0.737,0.881,9,-5.567,0,0.227,0.0123,0,0.0806,0.768,112.992,232880,4
1wWRtPIKD7ZNvtsrzLyTev,All da Smoke,Future,70,rap,0.893,0.583,0,-6.862,1,0.239,0.0265,0.000013,0.149,0.115,147,204960,4
3ojTJaonfkL96iIWa47SU3,Questions,Chris Brown,75,rap,0.614,0.598,10,-6.335,0,0.0561,0.00543,0,0.1,0.565,105.803,129478,4
73HCBO1XCKxNMTZLTFgs8A,XXX. FEAT. U2.,Kendrick Lamar,69,rap,0.573,0.627,8,-7.02,1,0.239,0.147,0.000002,0.111,0.29,170.1,254200,4
310Qd5lOzFStXKZB3zWCtE,Learn How to Watch (feat. Mac Miller & MadeinTYO),Carnage,76,rap,0.555,0.769,7,-5.192,1,0.239,0.324,0,0.164,0.365,130.063,121851,4
5FsJ8AUxW1KBypdhFvbdkd,PIE,Future,75,rap,0.755,0.6,5,-6.431,0,0.239,0.144,0,0.117,0.652,155.982,211240,4
1eqFqYoSV3aaCqsaGvX8jR,Pull Up N Wreck (& Metro Boomin),Big Sean,68,rap,0.487,0.441,10,-7.858,1,0.239,0.00725,0.000644,0.182,0.0891,173.086,227533,4
15EPc80XuFrb2LmOzGjuRg,Crew,GoldLink,84,rap,0.728,0.607,1,-8.417,0,0.132,0.133,0,0.0864,0.445,129.938,176702,4
5mphdlILgAq3vh1MSvAJTS,Thinkin Bout You,Frank Ocean,74,rap,0.716,0.349,0,-11.203,1,0.0498,0.384,0.00222,0.098,0.203,129.795,200747,4
7rwJL9MG4KhKDuVmq1kT24,Outlet,Desiigner,67,rap,0.642,0.816,5,-2.129,0,0.0899,0.115,0.000343,0.356,0.324,124.172,268813,4
7zBQRGpYImAdIZc97FNj3V,"Shell Shocked (feat. Kill The Noise & Madsonik) - From ""Teenage Mutant Ninja Turtles""",Juicy J,70,rap,0.596,0.815,6,-5.668,0,0.0755,0.0111,0,0.174,0.459,165.015,206567,4
4cg1yakyRSIOjxKM2I7J1q,Digits,Young Thug,76,rap,0.769,0.632,10,-4.228,0,0.0537,0.0325,0,0.116,0.294,131.932,176387,4
5IVCuswUfdYjl2eQ2FHqUd,Hard Knock Life (Ghetto Anthem),JAY Z,65,rap,0.799,0.825,0,-4.113,1,0.239,0.0878,0.00845,0.0271,0.624,77.067,239720,4
0LvwrCJtecLr9mnS0h0k7U,Where The Hood At,DMX,64,rap,0.494,0.943,5,-3.704,0,0.239,0.156,0,0.335,0.797,185.982,287427,4
1wZqJM5FGDEl3FjHDxDyQd,Come and See Me (feat. Drake),PARTYNEXTDOOR,80,rap,0.717,0.347,11,-10.265,0,0.0636,0.0511,0.000002,0.087,0.0589,84.987,235477,4
5bGDb8fjyVuV829GwGaXI6,Money Made Me Do It,Post Malone,71,rap,0.575,0.43,7,-6.526,1,0.238,0.324,0,0.0673,0.354,120.105,224960,3
1tlBuoIRrtqFs9bE9dmli5,Extra Luv,Future,71,rap,0.831,0.573,4,-6.408,0,0.221,0.188,0.000883,0.109,0.229,100.015,246173,4
60rkizhZ73kbBvcBNVf6eZ,Some Way,NAV,71,rap,0.746,0.715,7,-6.244,1,0.239,0.112,0,0.0927,0.341,154.938,179773,4
5jnxxpX2834SB6LJ0S73Uz,Lollipop,Lil Wayne,67,rap,0.829,0.428,0,-9.469,1,0.083,0.055,0.00423,0.137,0.448,148.077,299333,4
7FB8l7UA1HKqnuSLjP9qDc,Caroline,Aminé,74,rap,0.952,0.318,10,-10.357,1,0.239,0.174,0,0.205,0.665,120.077,209640,4
1zGMbDm3QVOGwzuIExaWoe,Deadz (feat. 2 Chainz),Migos,46,rap,0.862,0.785,8,-3.571,1,0.232,0.162,0,0.128,0.372,123.012,274097,4
1KF7iLK6wK3hjjtqxjRiym,Mink Flow,Future,68,rap,0.692,0.533,6,-6.165,0,0.176,0.00355,0,0.114,0.25,78.902,178787,4
2UnDapGkIkNyqcxM3h75tT,When Vultures Cry,Kodak Black,49,rap,0.759,0.724,9,-4.188,0,0.206,0.337,0,0.145,0.334,94.999,200191,4
1aSTn7F9RUijD31mAzjlQx,Running Outta Love,Kodak Black,53,rap,0.709,0.704,10,-4.465,1,0.0882,0.336,0,0.262,0.387,132.043,225367,4
6jLzD3MKPmRp58AWTTQnBw,Fuck With You (feat. Tory Lanez),Kodak Black,51,rap,0.697,0.593,0,-5.927,1,0.0914,0.121,0,0.0835,0.243,140.017,215167,4
3WW9NaxJkWXfahwf5H0VVM,Bill and Jill,Kodak Black,51,rap,0.812,0.583,10,-4.474,0,0.239,0.573,0,0.0775,0.72,136.986,229569,4
4OTofNs1V7sgnSSlzj4edo,Hate Being Alone,Kodak Black,50,rap,0.71,0.59,5,-4.653,0,0.0291,0.258,0,0.372,0.231,125.955,244079,4
7nx814gyT8DsdZpOsOR35q,Corrupted,Kodak Black,48,rap,0.88,0.42,2,-7.909,1,0.239,0.396,0,0.165,0.3,108.784,161992,4
1jM6fCYnlLCV8t3run0yUl,Acting Weird,Kodak Black,49,rap,0.675,0.694,8,-4.334,1,0.14,0.401,0,0.17,0.472,144.04,243708,4
1wHvJ7PJEyEAgiOK5FqAKn,Codeine Dreaming (feat. Lil Wayne),Kodak Black,46,rap,0.736,0.604,1,-7.357,0,0.222,0.0652,0.000064,0.124,0.574,155.007,264532,4
4AfNO2UVU4N33AJT4lBmY2,Why You Always Gotta Go,Kodak Black,49,rap,0.681,0.551,5,-5.408,0,0.0513,0.726,0,0.184,0.392,74.023,200592,4
5KDj6rPWsDVcIGukuz9g9D,Laudy,Kodak Black,48,rap,0.785,0.51,2,-6.106,1,0.187,0.266,0,0.153,0.543,135.983,241342,4
4HShStOvX5kpOGgWgNIEUx,I Get Lonely,Kodak Black,48,rap,0.742,0.595,6,-4.191,1,0.156,0.612,0,0.1,0.38,132.099,213338,4
4S0ibCATJOVJx0M1K57XSc,Loyal,Kodak Black,49,rap,0.856,0.501,1,-5.758,0,0.065,0.283,0,0.138,0.335,97.008,165821,4
3AN3wEILfQKknECOOhhyr0,Feb 14,Kodak Black,48,rap,0.827,0.484,1,-5.254,0,0.239,0.243,0,0.105,0.297,137.977,200000,4
3yCMKrzcrwlzI7E5Bur7ea,Kicking In,Kodak Black,47,rap,0.808,0.498,10,-8.153,1,0.239,0.349,0,0.109,0.632,136.967,189417,4
7hUM2RrAz7MyIxZaZcdCzn,Call You,Kodak Black,46,rap,0.716,0.556,9,-7.058,0,0.239,0.436,0,0.0857,0.274,134.947,260969,4
53lNzVaIaBvr3ZwXWniIUX,No Feelings,Kodak Black,46,rap,0.739,0.512,0,-4.695,1,0.21,0.577,0,0.164,0.139,139.827,182244,4
4wP9vFS6qutVoXcAGgbwUi,Helluva Love,Kodak Black,46,rap,0.671,0.675,8,-5.664,1,0.0882,0.44,0,0.164,0.428,149.947,217888,4
1AHfovSnGPVYKaahRtA0U6,The Message,Nas,67,rap,0.614,0.543,5,-7.178,1,0.239,0.00776,0.000033,0.381,0.485,178.422,234093,4
7y2SOXPaH6ORTya7ROEzy0,Sidewalks,The Weeknd,70,rap,0.538,0.731,1,-5.252,0,0.0786,0.142,0,0.341,0.576,149.787,231360,4
40wUM3LFZOlUcZfxEIZrYK,Swimming Pools (Drank) - Extended Version,Kendrick Lamar,69,rap,0.706,0.484,6,-7.818,0,0.239,0.127,0.000023,0.381,0.239,74.039,313787,4
4ntsD33Pgsgk8rUyZLLiUV,DEVASTATED,Joey Bada$$,79,rap,0.812,0.628,10,-6.164,0,0.0682,0.0634,0,0.254,0.485,123.004,207059,4
4cxMGhkinTocPSVVKWIw0d,Losin Control,Russ,83,rap,0.759,0.245,6,-6.545,1,0.138,0.515,0.000154,0.102,0.209,96.992,237507,4
4kTLpAbhuEGHAAdDjOIWaa,Pursuit Of Happiness (nightmare),Kid Cudi,66,rap,0.627,0.589,0,-9.056,1,0.0405,0.497,0.000071,0.324,0.247,115.284,295293,4
6DiS8gTaI6P40meyqi5gQ7,Watch Me,Jaden Smith,66,rap,0.723,0.728,2,-4.771,1,0.075,0.00781,0.000212,0.148,0.228,129.94,154456,4
7tE7CJf15pivimWnzLeDFC,rockstar - Remix,Post Malone,72,rap,0.662,0.575,7,-6.03,0,0.163,0.201,0.000001,0.133,0.211,159.933,245947,4
3OJq3VFyNrU0INcTwPyjbD,Bali (feat. Nav),88GLAM,75,rap,0.646,0.503,11,-7.218,1,0.0402,0.097,0,0.13,0.509,158.027,185316,4
2JzZzZUQj3Qff7wapcbKjc,See You Again (feat. Charlie Puth),Wiz Khalifa,78,rap,0.689,0.481,10,-7.503,1,0.0815,0.369,0.000001,0.0649,0.283,80.025,229526,4
1DXxBfuFV6bOi4W8BhYx7R,Up,NAV,70,rap,0.655,0.49,8,-6.8,0,0.13,0.0368,0,0.105,0.374,154.283,199520,4
6RD9GItAGZ3gbUbx14okHF,One I Want (feat. PARTYNEXTDOOR),Majid Jordan,73,rap,0.913,0.223,11,-12.421,0,0.239,0.257,0.000088,0.0786,0.35,139.968,212547,4
35i7NRGGKSewRNNg5gHBFa,What the Price,Migos,46,rap,0.786,0.625,6,-4.194,1,0.0542,0.293,0,0.15,0.216,123.983,248506,4
2QMg5rL83bKsUjAKJY9Vwy,Danger (with Migos & Marshmello),Migos,67,rap,0.814,0.743,9,-2.968,1,0.159,0.152,0,0.163,0.367,107.996,214587,4
3HtGb3X1ATpCagy47EFROT,Best Man,Huncho Jack,65,rap,0.672,0.667,8,-4.626,1,0.0609,0.00278,0.000037,0.315,0.158,106.887,266879,4
09FhDfmrSDN162X1yFfapI,False Alarm,The Weeknd,67,rap,0.514,0.674,8,-6.437,0,0.075,0.0297,0.000025,0.187,0.184,173.988,220307,4
6kl1qtQXQsFiIWRBK24Cfp,RAF,A$AP Mob,76,rap,0.848,0.663,8,-5.606,0,0.239,0.523,0,0.108,0.333,133.993,255413,4
119c93MHjrDLJTApCVGpvx,C.R.E.A.M.,Wu-Tang Clan,74,rap,0.479,0.549,11,-10.551,0,0.239,0.57,0.0239,0.127,0.576,180.985,252187,4
3qKGvSu1inEZKwYQnMavNA,Smack That - Dirty,Akon,74,rap,0.94,0.743,5,-5.166,0,0.0475,0.317,0,0.0909,0.932,118.988,212360,4
0svl7cK07gK1ia5ainczU5,Break Ya Neck,Busta Rhymes,71,rap,0.82,0.809,4,-6.759,0,0.239,0.443,0.00175,0.0613,0.737,83.011,231240,4
2ANLarE8yHVsLWW21nj79M,You Was Right,Lil Uzi Vert,80,rap,0.843,0.359,0,-7.417,1,0.239,0.069,0,0.12,0.156,81.987,163944,4
4iGnWxnSzWnLcUBtk5eBSE,LAND OF THE FREAKS,2 Chainz,51,rap,0.874,0.435,2,-7.919,1,0.239,0.425,0.00141,0.123,0.182,129.986,221720,4
3MLOAIJNWWS8FQpvdaiKR7,Poetic Justice,Kendrick Lamar,69,rap,0.771,0.558,6,-9.993,0,0.239,0.156,0,0.249,0.646,135.913,300160,4
7grpBK2VaYTB15QsYFCNhj,Father Stretch My Hands Pt. 1,Kanye West,71,rap,0.717,0.568,7,-4.404,1,0.0807,0.138,0,0.381,0.362,113.17,135920,4
2eU63GLRBeMOszGRTCEE9E,California Love - Original Version (Explicit),2Pac,71,rap,0.761,0.835,7,-3.076,1,0.0425,0.031,0.000001,0.381,0.766,91.524,284907,4
60PAzFNW3vAiAiVK6DRJfB,Day 'N' Nite,Kid Cudi,70,rap,0.88,0.443,11,-6.359,0,0.0653,0.462,0.000007,0.122,0.803,138.018,221240,4
6Ius4TC0L3cN74HT7ENE6e,Wet Dreamz,J. Cole,82,rap,0.504,0.705,6,-8.205,0,0.239,0.0752,0,0.128,0.584,175.483,239320,4
1cZlBZwnwGPtYeRIeQcoFh,wonderful,Travis Scott,77,rap,0.769,0.569,1,-5.591,0,0.0786,0.0737,0,0.0571,0.612,146.062,216946,4
3ZhTT6yjZwpPph5MIJ53XY,Red Roses (feat. Landon Cube),Lil Skies,79,rap,0.691,0.683,0,-7.335,1,0.0954,0.547,0,0.221,0.456,140.002,262544,4
4aIZQ7kJLS1TgFw2pEj0RD,Legend,Drake,69,rap,0.712,0.563,1,-7.573,1,0.071,0.0269,0,0.0776,0.299,100.093,241853,4
5BniTxgyzl4kPkXdiAAiEV,LUST.,Kendrick Lamar,68,rap,0.696,0.552,3,-9.371,0,0.239,0.199,0,0.111,0.632,94.126,307880,4
0aYT8ZxzaAufDuBWoqYMQT,Love Scars Pt. 2 / Rack City,Trippie Redd,62,rap,0.671,0.584,1,-7.975,1,0.111,0.0591,0,0.0808,0.201,81.004,155368,4
4Kz4RdRCceaA9VgTqBhBfa,The Motto,Drake,71,rap,0.756,0.436,1,-8.406,1,0.239,0.000143,0.000047,0.111,0.378,201.831,181573,3
4nthV2eZAXnt4yiJMocLkG,Dilemma,Nelly,74,rap,0.73,0.552,2,-8.177,0,0.146,0.18,0.000061,0.224,0.613,168.091,289173,4
44YAJYlDg4EECrecze8BU2,No Less,G-Eazy,71,rap,0.632,0.49,11,-7.386,0,0.239,0.566,0,0.0985,0.178,93.979,250640,4
3H1JaS0NUNFjwVcJZ76SgC,"Perfect Pint (feat. Kendrick Lamar, Gucci Mane & Rae Sremmurd)",Mike WiLL Made-It,69,rap,0.735,0.562,4,-5.509,0,0.146,0.153,0,0.0692,0.302,180.057,240926,4
5gx2E5aIXMRBellPZW1up5,Pills & Automobiles,Chris Brown,76,rap,0.82,0.696,7,-4.918,0,0.182,0.119,0,0.232,0.617,144.981,293435,4
63eqzh8NNPnxJLzuUCibTZ,Waves,Kanye West,69,rap,0.545,0.572,10,-4.499,1,0.04,0.0402,0.000007,0.331,0.0588,96.239,181573,4
6m6Oy3F6GG0zRwH03rWmTv,Still Serving,21 Savage,72,rap,0.926,0.544,5,-6.827,1,0.0727,0.413,0.000095,0.112,0.656,115.951,231787,4
0C80KJWvQWIGjbOiIurV1W,Because Of You,Ne-Yo,69,rap,0.81,0.538,0,-5.784,0,0.0356,0.528,0,0.0951,0.828,109.97,266840,4
6k00KADr5QGjwO3aSPovdW,OK BITCH,2 Chainz,49,rap,0.848,0.56,9,-7.596,1,0.239,0.136,0.000001,0.216,0.544,149.974,191787,4
3oxCefEI6Tc6Z6t20J4IvH,Disrespectful,21 Savage,73,rap,0.799,0.381,1,-7.147,1,0.239,0.354,0.000003,0.135,0.0488,158.021,160320,4
6HK4YGOpZr1ost68QP3ul0,Ride Slow,Russ,78,rap,0.737,0.429,4,-10.252,0,0.0785,0.632,0,0.104,0.147,99.955,185400,4
06aw4JI5nYa8XBeBKVrltZ,Berzerk,Eminem,67,rap,0.715,0.874,2,-4.052,1,0.239,0.0232,0,0.246,0.678,95.213,238746,4
7fOPVfABNLg3sxtgXBhBdp,The Plan,G-Eazy,73,rap,0.826,0.597,1,-7.807,1,0.239,0.00278,0,0.156,0.35,118.044,250293,4
1DRW9bQzt2SE8f7H4KJZyL,Sky Walker,Miguel,78,rap,0.629,0.717,6,-5.706,1,0.0638,0.0876,0,0.358,0.129,145.959,260077,4
60WcXjimfbhk6T0gj1Eufg,Hate It Or Love It,The Game,69,rap,0.802,0.785,9,-4.781,1,0.207,0.14,0,0.123,0.435,99.998,206400,4
1Ji3WBPpX2HYJT8UnUAh1t,Phone (feat. NAV),Smokepurpp,67,rap,0.803,0.497,5,-8.101,0,0.124,0.0168,0,0.0857,0.605,155.07,185806,4
2MYl0er3UZ1RlKwRb5LODh,A.D.H.D,Kendrick Lamar,76,rap,0.609,0.799,9,-6.883,1,0.239,0.33,0,0.108,0.582,157.74,215509,4
4INDiWSKvqSKDEu7mh8HFz,Mo Money Mo Problems (feat. Mase & Puff Daddy) - 2014 Remastered Version,The Notorious B.I.G.,76,rap,0.845,0.884,6,-4.506,0,0.0759,0.0128,0.000002,0.203,0.904,104.536,257400,4
7vg47qMIEdLfNdTE3WLf0T,Darth Vader,21 Savage,72,rap,0.724,0.284,7,-10.494,1,0.239,0.557,0.0175,0.121,0.144,150.98,228893,4
22uyC54d6XAPRTlc6IchaP,YAH.,Kendrick Lamar,67,rap,0.689,0.694,1,-7.913,1,0.185,0.613,0,0.222,0.614,70.041,160293,4
5mB1bWU8VueYVxuvcLPn2B,Do It Myself,Russ,72,rap,0.831,0.558,1,-3.551,1,0.239,0.018,0,0.094,0.338,141.974,167333,4
29Key5Lj0YlIMH8JzRDy6U,Survival,Eminem,66,rap,0.449,0.892,2,-3.002,1,0.225,0.0044,0,0.126,0.416,176.129,272417,4
2Si43OSoa3MW5mmc0mBs36,Sing For The Moment,Eminem,68,rap,0.672,0.818,5,-4.209,0,0.109,0.00185,0.000002,0.0612,0.164,164.078,339667,4
2XaInsPPUkZRkY4uFJ3AHK,Met Gala (feat. Offset),Gucci Mane,78,rap,0.817,0.587,2,-6.502,1,0.108,0.052,0.00165,0.185,0.352,140.062,209143,4
0S9qIwKBDKtQaIEwPtzTau,LAMBORGHINI TRUCK (ATLANTA SHIT),2 Chainz,45,rap,0.609,0.668,5,-6.1,0,0.239,0.293,0,0.381,0.365,163.791,325867,4
7vbjH8laThXpcBXeLNPm3M,Run Up the Racks,21 Savage,72,rap,0.825,0.364,2,-7.635,0,0.121,0.141,0.311,0.195,0.177,153.028,189800,4
2WzpOMkCaakq1T3luPCjLH,Know Yourself,Drake,67,rap,0.733,0.412,11,-8.687,0,0.225,0.196,0,0.342,0.179,114.413,275840,4
0k6DnZMLoEUH8NGD5zh2SE,Ayo,Chris Brown,75,rap,0.823,0.563,6,-5.095,1,0.0443,0.0399,0,0.0851,0.682,98.031,225227,4
1oTHteQbmJw15rPxPVXUTv,Insane in the Brain,Cypress Hill,72,rap,0.897,0.612,11,-10.489,1,0.211,0.0297,0.186,0.0894,0.767,102.305,208267,4
26OhjtaTamFocE08t83ml6,"Psycho, Pt. 2",Russ,80,rap,0.766,0.548,10,-4.29,1,0.235,0.775,0.000006,0.1,0.424,82.944,161985,4
4w7yrP4RAeeyhfG9nJqQvS,I Don't Fuck With You,Big Sean,73,rap,0.823,0.733,1,-5.474,1,0.0628,0.0349,0,0.324,0.397,97.972,284387,4
0HXhk04CE4fE2Xr387TET3,Legend,G-Eazy,74,rap,0.807,0.597,10,-4.813,0,0.0489,0.0722,0,0.119,0.181,75,205360,4
1B75hgRqe7A4fwee3g3Wmu,U Can't Touch This,MC Hammer,74,rap,0.867,0.517,11,-13.222,0,0.0875,0.00456,0.000339,0.0864,0.866,133.148,257360,4
17DjWsC0G9YQtAiepG3c5v,Stunting Ain't Nuthin (feat. Slim Jxmmi & Young Dolph),Gucci Mane,70,rap,0.86,0.71,7,-5.705,1,0.239,0.177,0,0.0865,0.764,122.993,316053,4
0XGLsSU6wtfnKXiMNvQr61,Versace (Remix),Migos,75,rap,0.845,0.705,6,-4.271,0,0.239,0.0218,0,0.339,0.334,132.05,246047,4
5tFep7dXGd7vEJ668wTPux,Both (feat. Drake),Gucci Mane,82,rap,0.85,0.405,7,-7.509,0,0.225,0.119,0.000118,0.0707,0.344,139.976,190312,4
34hJwhU36GGSYmtO2T7g4s,Bust Down,Trippie Redd,67,rap,0.728,0.813,4,-4.238,0,0.145,0.346,0.000023,0.147,0.688,73.005,245229,4
2aNdXtCtyoB2KrUh7pJYxO,Whole Lot,21 Savage,71,rap,0.916,0.537,6,-9.79,0,0.239,0.188,0.00286,0.115,0.223,123.02,313987,4
3igM2fkaHJIZ3ifNPwFoCv,My Dawg,Quality Control,66,rap,0.911,0.637,1,-7.252,1,0.112,0.0259,0,0.104,0.615,133.037,317701,4
0ZaSipkjXePTkzOQW29rxt,Madiba Riddim,Drake,68,rap,0.839,0.521,7,-10.45,1,0.166,0.245,0.00545,0.381,0.33,105.992,205163,4
5pBvNeOAJ54zgd5lEOmM3b,Without Me,Eminem,69,rap,0.919,0.657,7,-2.823,1,0.0907,0.00293,0,0.356,0.659,112.23,291213,4
5voKHxbIqgBU7fZMX8Lu0T,Superman,Eminem,70,rap,0.803,0.757,4,-3.212,0,0.0597,0.0175,0,0.195,0.623,130.019,350227,4
2EbQzx4SPYv6Aup9mhP9U0,Neighbors,J. Cole,73,rap,0.897,0.284,6,-12.983,0,0.239,0.34,0.000503,0.107,0.434,138.978,216520,4
0GNE1UhKqpB5r9h5VX4ZYM,Big Lie,Post Malone,69,rap,0.397,0.691,6,-4.981,0,0.197,0.178,0,0.0722,0.249,170.788,207680,4
7KA4W4McWYRpgf0fWsJZWB,See You Again,"Tyler, The Creator",81,rap,0.558,0.559,6,-9.222,1,0.0959,0.371,0.000007,0.109,0.62,78.558,180387,4
3ZFwFe104aquLWAwagKgtg,BLOOD.,Kendrick Lamar,65,rap,0.513,0.237,8,-16.683,0,0.239,0.133,0.0938,0.381,0.447,78.563,118067,3
2vaMWMPMgsWX4fwJiKmdWm,Undefeated (feat. 21 Savage),A Boogie Wit da Hoodie,78,rap,0.717,0.753,7,-4.609,0,0.239,0.293,0,0.158,0.631,169.857,174012,4
2XdgSB4TtzUHQYCMfSHbFI,High End,Chris Brown,70,rap,0.725,0.503,10,-5.646,1,0.209,0.0144,0.000002,0.124,0.0636,153.047,202214,4
54Bdz1CeXqh2fpAfGT59CN,Six Feet Under,The Weeknd,69,rap,0.769,0.491,6,-8.509,0,0.0726,0.101,0,0.126,0.251,140.021,237573,4
5J5PXmMdQ2nh1lZOal8KmK,Litty (feat. Tory Lanez),Meek Mill,74,rap,0.592,0.701,10,-4.014,0,0.0858,0.0451,0,0.327,0.282,129.501,280615,4
07pJdL0L9XDGW0HBj0rIS2,Skateboard P (feat. Big Sean),MadeinTYO,80,rap,0.831,0.47,1,-7.48,0,0.239,0.0371,0,0.144,0.339,75.474,242307,4
7L9g4cPfohScjJ8mGwLQWr,TEMPTATION,Joey Bada$$,74,rap,0.775,0.707,10,-5.339,0,0.152,0.397,0,0.381,0.78,104.979,244198,4
21kVlWTlFf8dO8N2aTzlof,KMT,Drake,71,rap,0.875,0.6,1,-6.818,1,0.0435,0.0189,0.0143,0.132,0.0906,119.987,162638,4
6LxSe8YmdPxy095Ux6znaQ,Headlines,Drake,69,rap,0.649,0.558,6,-7.336,0,0.0834,0.34,0.000266,0.0912,0.379,152.017,235987,4
33i0KOPBWURNW3l97a4QPy,Alright,Kendrick Lamar,68,rap,0.796,0.766,7,-5.974,1,0.238,0.0742,0,0.0827,0.558,110.034,219333,4
137wbDM4s2ugav7MKO45O9,Wicked Games,The Weeknd,68,rap,0.409,0.579,11,-5.156,0,0.0387,0.0113,0.000005,0.368,0.316,111.426,323747,4
4Laj089BOj6jBxTb8GlKwK,Feel,Post Malone,67,rap,0.573,0.496,5,-8.216,0,0.0531,0.232,0.000005,0.0775,0.197,119.955,197120,4
3LBBQH0CWnrG3kSvSmzArK,Free Smoke,Drake,68,rap,0.736,0.491,10,-6.892,0,0.239,0.0681,0,0.381,0.203,141.979,218674,4
4Tjg4jsELqr8cSgwDZ4twe,Mockingbird,Eminem,68,rap,0.637,0.678,0,-3.798,1,0.239,0.209,0,0.156,0.254,84.039,250760,4
5yMZU1xolje7E1xGmezcuj,Cleanin' Out My Closet,Eminem,68,rap,0.908,0.762,9,-4.773,0,0.153,0.0658,0,0.104,0.869,148.016,297933,4
7Lb4aeK6E6QjNBIxxHQGek,FEEL.,Kendrick Lamar,67,rap,0.733,0.785,0,-8.368,1,0.239,0.146,0,0.134,0.486,109.932,214827,4
3YQJLreEsHpl2tOZYlHInZ,B,Jaden Smith,65,rap,0.52,0.386,2,-11.059,0,0.0556,0.214,0,0.361,0.452,144.075,186176,4
13XHuE00ElL5thSxkaEXxK,Only God Can Judge Me,2Pac,71,rap,0.802,0.787,11,-6.009,0,0.205,0.00127,0.000181,0.0764,0.806,90.188,296907,4
5Xl8hwINbHKEYBHIU0WL1i,Unforgettable - Major Lazer Remix,French Montana,73,rap,0.728,0.676,1,-5.131,0,0.132,0.00692,0.000003,0.101,0.307,99.972,196800,4
5kyd6oKvKmj6mWCaAaHoN4,Privacy,Chris Brown,72,rap,0.741,0.58,0,-7.741,1,0.239,0.153,0,0.109,0.428,97.092,220964,4
3SP0MlWYfu7xt1ZfMqBxh9,FEAR.,Kendrick Lamar,67,rap,0.586,0.474,10,-7.063,0,0.239,0.616,0.00001,0.381,0.455,149.967,447053,4
21yRtB6B8EMounImAfHRCP,Who Dat Boy,"Tyler, The Creator",77,rap,0.706,0.485,8,-9.671,1,0.239,0.337,0,0.122,0.144,115.414,205093,4
55GLc4nywcX4aIlOcx1u06,FaceTime,21 Savage,73,rap,0.701,0.624,10,-11.115,1,0.239,0.219,0,0.107,0.383,93.024,239160,4
24nRdDUUIdM2mv1YdwMdu6,Apologize,Timbaland,70,rap,0.657,0.588,8,-6.005,1,0.0272,0.0252,0,0.087,0.105,118.022,184827,4
2zQNWn8dWZytgxS68YZXuH,Myself,NAV,70,rap,0.504,0.393,5,-7.61,0,0.239,0.667,0,0.115,0.0813,79.989,226040,4
49zD0wr2S3d0lZPib0K4e1,F*ck Up Some Commas,Future,75,rap,0.874,0.568,11,-5.896,0,0.224,0.0698,0.000014,0.149,0.46,139.995,237400,4
0CkB9rEZYaJbA5Vxl1pcO4,Cocoon,Migos,44,rap,0.58,0.824,7,-3.695,1,0.239,0.191,0,0.0879,0.364,120.033,297800,4
2Nfd2ITp4WkI1aoZlYpZwg,I'm so Groovy,Future,72,rap,0.938,0.478,1,-9.739,1,0.239,0.0418,0.00884,0.0801,0.386,138.059,261752,4
4RTCgAEKSXZrJJLJxGpNQe,Too Hotty,Quality Control,65,rap,0.889,0.398,1,-7.184,1,0.204,0.193,0,0.104,0.158,129.993,295997,4
22Mme5vsZ688TMUieIHdx3,Wild for the Night,A$AP Rocky,76,rap,0.756,0.857,2,-4.185,1,0.239,0.0452,0,0.121,0.688,140.016,212640,4
3zSCNTXI7Ed0PiidZVmzIe,Ignition (Remix),R. Kelly,77,rap,0.778,0.549,1,-6.144,1,0.0473,0.0549,0,0.0724,0.802,133.041,186040,4
5AayoxfE1DGATWmrdjAA38,Fingers Blue (feat. Travis Scott),Smokepurpp,65,rap,0.879,0.882,0,-5.47,0,0.239,0.34,0.000016,0.135,0.837,130.034,194771,4
1QgTBfRN5m81a5K01qens6,444+222,Lil Uzi Vert,75,rap,0.791,0.513,10,-6.568,0,0.239,0.0235,0.000028,0.101,0.481,76.997,247347,4
4uhvMW7ly7tJil31YYscAN,Erase Your Social,Lil Uzi Vert,79,rap,0.705,0.609,3,-5.728,1,0.0729,0.694,0,0.234,0.718,140.058,199993,4
0XpEoWpZqlQpGFYZXDU2Hj,Sacrifices,Drake,66,rap,0.903,0.439,8,-11.813,1,0.239,0.0407,0,0.138,0.532,139.112,307593,4
7vL1M0BHhpjbaKrwRimJ4L,Sneakin’,Drake,68,rap,0.806,0.558,8,-6.538,1,0.172,0.00496,0.000001,0.16,0.26,85.011,251333,4
2XHzzp1j4IfTNp1FTn7YFg,Love Me,Lil Wayne,67,rap,0.676,0.628,8,-6.433,0,0.0329,0.0135,0,0.093,0.48,124.908,255053,4
6KqKg8IPuvtDB3PNAvffFf,Shake That,Eminem,71,rap,0.964,0.642,1,-5.831,0,0.109,0.0543,0.000037,0.158,0.547,107.006,274440,4
0PHXs3kOWF6uGDMVSOUjvm,Broken Whiskey Glass,Post Malone,66,rap,0.466,0.687,2,-7.327,0,0.0553,0.309,0.000002,0.13,0.122,99.919,233813,4
30zIhIH1XViWRNqmaDZ48u,Real Thing (feat. Future),Tory Lanez,66,rap,0.664,0.507,7,-8.219,0,0.239,0.00834,0,0.381,0.343,160.058,243146,4
7ILDKRd8vc3qB749vDvuJd,GOD.,Kendrick Lamar,66,rap,0.707,0.553,0,-5.935,1,0.0827,0.0375,0,0.274,0.237,132.961,248827,4
0MqOr7Mn0484bXVnlO4QeZ,Sativa,Jhene Aiko,71,rap,0.741,0.62,6,-7.439,0,0.0472,0.334,0,0.302,0.7,126.028,276960,4
7qUJQSNX9QNf46CC6FgH66,"Sucker For Pain (with Wiz Khalifa, Imagine Dragons, Logic & Ty Dolla $ign feat. X Ambassadors)",Lil Wayne,73,rap,0.502,0.786,9,-4.378,0,0.239,0.255,0,0.381,0.739,169.021,243491,4
1BSA5I386L2IAmFQURYjIz,"Guwop (feat. Quavo, Offset and Young Scooter)",Young Thug,72,rap,0.883,0.616,0,-7.218,0,0.239,0.014,0.000001,0.0967,0.482,141.969,315973,4
2n5gVJ9fzeX2SSWlLQuyS9,Fight Night,Migos,78,rap,0.874,0.706,1,-5.132,1,0.207,0.182,0,0.334,0.895,89.968,216248,4
7rfiXyFb5M9BqdkvKvVEiB,"My Love (feat. Major Lazer, WizKid, Dua Lipa)",Wale,76,rap,0.728,0.811,7,-4.278,1,0.0564,0.0453,0.000002,0.362,0.705,114.995,228707,4
1aUT4xl8iiYNr6emik4qTB,I Need A Doctor,Dr. Dre,70,rap,0.587,0.931,3,-4.426,1,0.239,0.103,0.000001,0.346,0.445,155.964,283733,4
6vLrN5q3FiQQGQ6LtHmadx,Call Me,NAV,67,rap,0.672,0.39,9,-8.552,0,0.111,0.444,0.00166,0.124,0.134,170.086,215067,4
3oQV2LqDmYJu6zkULJT1uj,4422,Drake,66,rap,0.61,0.229,11,-12.36,0,0.0333,0.558,0.0413,0.113,0.19,111.887,186293,4
7wwifjNAb172PtDpKK3CoR,V. 3005,Childish Gambino,70,rap,0.472,0.457,6,-7.23,0,0.239,0.13,0,0.0975,0.643,165.969,234215,4
0x7U32vZzq7e1qVpA0MBwK,Just A Lil Bit,50 Cent,70,rap,0.489,0.692,1,-6.672,1,0.239,0.0322,0.00608,0.315,0.527,96.946,237707,4
4IWGnyOHDrVZEtPWfs4s7q,Do What I Want,Lil Uzi Vert,78,rap,0.681,0.701,9,-6.336,1,0.0767,0.106,0,0.208,0.398,139.952,175203,4
2OsGdZYDdTK4pxDMsK0Blv,Ms. Fat Booty,Mos Def,68,rap,0.781,0.589,1,-4.827,1,0.21,0.148,0,0.166,0.864,90.437,223515,4
3xKsf9qdS1CyvXSMEid6g8,Pink + White,Frank Ocean,79,rap,0.544,0.552,9,-7.45,1,0.0991,0.67,0.000046,0.381,0.554,159.738,184516,3
7B2NTZXEPeshkufbqT1gMN,Fuxk,21 Savage,59,rap,0.763,0.654,11,-9.423,0,0.239,0.0875,0.000003,0.139,0.277,119.982,160522,4
6alkH0qqKJZG1tl1DUQjwy,You (feat. Tye Tribbett),Snoop Dogg,57,rap,0.44,0.783,0,-6.113,0,0.22,0.00381,0,0.338,0.596,89.591,226333,4
6hSkTXRf0Tl8ZvicBG9QHO,Spice Girl,Aminé,70,rap,0.602,0.459,10,-7.789,1,0.239,0.395,0,0.153,0.846,79.035,173947,4
3GIlkmoqNZ3FC406hjYWOj,No Long Talk,Drake,67,rap,0.913,0.608,10,-6.839,0,0.234,0.0671,0,0.381,0.578,97.063,149569,4
3JJH0Vdu6XPD5ibEgNPbTA,Flip,Russ,74,rap,0.797,0.623,3,-3.869,0,0.239,0.353,0,0.117,0.704,75.987,168973,4
0oTOo292LkitVqiga4s9Er,Call Casting,Migos,44,rap,0.852,0.727,1,-4.851,1,0.239,0.0962,0,0.154,0.496,130.014,232705,4
19gEmPjfqSZT0ulDRfjl0m,Hot N*gga,Bobby Shmurda,77,rap,0.794,0.51,9,-7.314,1,0.239,0.0505,0.000002,0.0562,0.18,167.879,194561,4
1QLvGmkNlC2DqgtWz8I3UL,100,21 Savage,57,rap,0.759,0.825,11,-8.049,0,0.239,0.0858,0,0.205,0.561,129.997,171629,4
6lV2MSQmRIkycDScNtrBXO,Airplanes (feat. Hayley Williams of Paramore),B.o.B,78,rap,0.66,0.867,6,-4.285,0,0.116,0.11,0,0.0368,0.377,93.033,180480,4
0SAGxH14Iwn2ZHFVvZ4zRx,Who's Stopping Me (& Metro Boomin),Big Sean,63,rap,0.748,0.559,7,-10.427,1,0.239,0.428,0,0.075,0.785,99.95,213600,4
70FCugJxa7XW04Np6iYJdI,21 Questions,50 Cent,68,rap,0.646,0.813,6,-3.846,0,0.239,0.349,0.000094,0.0427,0.895,92.729,224440,4
5ngSGTy4Tw8cIBCMeIgoc9,Why We Thugs,Ice Cube,61,rap,0.755,0.604,1,-5.436,1,0.239,0.382,0,0.125,0.663,98.458,224107,4
6hEqXeJEyu69U3vmS4zgGh,OK (feat. Lil Pump),Smokepurpp,63,rap,0.861,0.587,8,-7.565,1,0.239,0.0141,0,0.19,0.566,145.847,126761,4
5eG6cZTO4G5hFcnjyGR1ao,LUV,Tory Lanez,70,rap,0.688,0.541,11,-8.128,0,0.114,0.0118,0,0.123,0.247,95.109,228640,4
0CA3A2LhGO9cdx6z5EETy2,DUCKWORTH.,Kendrick Lamar,66,rap,0.549,0.736,1,-6.883,1,0.239,0.0457,0,0.267,0.627,177.021,248613,4
25rc1PFgPvtV6GFSloyOI0,New Level,A$AP Ferg,64,rap,0.738,0.704,1,-1.69,0,0.131,0.0344,0,0.162,0.152,121.059,264973,4
4e8adomAEK3qRCYFQ86FCP,TYT,Gucci Mane,73,rap,0.959,0.577,1,-8.639,0,0.239,0.105,0,0.0616,0.547,129.965,207023,4
18bhLb1XbBQbRj9QAvIiHt,Pick Me Up,G-Eazy,71,rap,0.584,0.731,1,-6.209,1,0.209,0.114,0.000035,0.381,0.44,84.913,228960,4
47hs3xNT3iOGvgmC4eXBAi,Coming Home,Diddy - Dirty Money,67,rap,0.353,0.815,7,-1.844,1,0.212,0.164,0,0.217,0.245,167.971,238760,4
1QUuqPaTbBjFOvYjzq5Lso,That's A Lot,G-Eazy,72,rap,0.775,0.719,2,-6.349,1,0.053,0.0227,0.000141,0.249,0.439,159.91,214520,4
7v9DprD3Ar9Qhhg0pzGqV2,Kush Ups (feat. Wiz Khalifa),Snoop Dogg,53,rap,0.584,0.864,1,-2.871,1,0.0875,0.0163,0,0.238,0.587,149.407,237040,4
6DaE3A1uIvDqVrVSNvUy6B,Grass Ain't Greener,Chris Brown,73,rap,0.644,0.601,10,-5.097,0,0.0496,0.388,0,0.0884,0.518,133.946,201422,4
78zC6abUHZ9ntpqLXMqrmo,THat Part,ScHoolboy Q,67,rap,0.923,0.516,6,-7.617,0,0.0909,0.0799,0,0.137,0.328,112.973,313573,4
0BU7nIcCZxYSE0hYcc5oZz,Too Many Years,Kodak Black,80,rap,0.665,0.706,8,-6.859,0,0.0958,0.0237,0,0.112,0.632,147.067,196336,4
2g8HN35AnVGIk7B8yMucww,Big Poppa,The Notorious B.I.G.,76,rap,0.778,0.578,9,-7.22,0,0.239,0.432,0,0.138,0.758,84.487,252747,4
7HFl64GKBtPTa5YoW7j4jL,All About U,2Pac,69,rap,0.856,0.793,2,-4.003,1,0.134,0.0651,0,0.314,0.763,103.208,276813,4
3LySNPf6PRGhOVWJdZutow,Crack A Bottle,Eminem,66,rap,0.516,0.874,9,-2.571,1,0.186,0.0864,0,0.173,0.391,169.561,297520,3
5HBcMAMVgBVUWiLyiK7q4I,Deep Down Body Thurst,N.E.R.D,65,rap,0.65,0.545,0,-7.314,1,0.0386,0.484,0.0026,0.129,0.25,179.936,251293,4
7n8UWYTawkrcC1KBsY5XRc,Beautiful,Eminem,69,rap,0.727,0.696,5,-4.472,0,0.0706,0.251,0,0.0726,0.467,132.077,392827,4
7xVLFuuYdAvcTfcP3IG3dS,Work REMIX,A$AP Ferg,79,rap,0.841,0.733,1,-5.077,1,0.142,0.0246,0,0.174,0.284,130.009,283693,4
00xzzjRjiIhOXsagSUozdy,A Lonely Night,The Weeknd,65,rap,0.852,0.651,7,-7.04,0,0.0807,0.0443,0.000009,0.0889,0.863,113.998,220173,4
7uKcScNXuO3MWw6LowBjW1,"One, Two Step",Ciara,77,rap,0.944,0.511,5,-10.96,0,0.161,0.042,0.00107,0.0379,0.842,113.046,203787,4
61QSuw5VlC0LTS8WMO356g,All The Way Up,Fat Joe,75,rap,0.536,0.721,10,-6.44,0,0.239,0.062,0,0.381,0.393,117.139,191942,5
1MYlx4dBtiyjn7K8YSyfzT,The Real Slim Shady,Eminem,68,rap,0.947,0.655,5,-4.243,0,0.0609,0.0331,0,0.0433,0.787,104.485,284800,4
36OA3hOMG7zcVGLz2lskw8,White Iverson,Post Malone,70,rap,0.679,0.565,7,-7.654,1,0.035,0.216,0,0.0797,0.316,130.079,256533,4
7kqcudBGM74MXVoYMaoWkC,Loyal,Chris Brown,76,rap,0.845,0.506,1,-5.971,1,0.0409,0.0228,0.000001,0.0879,0.647,99.051,264947,4
7pWJEQ9Bmxy9DrWLxXRWNF,Wolves,Kanye West,66,rap,0.557,0.397,1,-8.019,1,0.045,0.194,0.00186,0.133,0.127,77.946,301587,4
0ophOpneT0tyzBeeKchDBH,Everything (feat. Jacquees & Dreezy),Snoop Dogg,52,rap,0.753,0.75,1,-7.942,0,0.15,0.0255,0,0.193,0.512,114.987,269217,4
7euujXy941mB6TL7uANTxz,Amy Winehouse,21 Savage,58,rap,0.535,0.427,10,-9.658,0,0.0512,0.139,0.00129,0.11,0.195,173.597,121887,3
0mkjekH9rwp4Fg5PxzUTrd,0 To 100 / The Catch Up,Drake,69,rap,0.559,0.716,11,-3.964,0,0.239,0.737,0,0.252,0.504,176.618,275227,4
6OiZEXU5hBZHmnvRhaKbl5,Attention,The Weeknd,67,rap,0.661,0.429,4,-7.33,0,0.136,0.672,0.000204,0.118,0.359,148.028,197653,4
3uqinR4FCjLv28bkrTdNX5,A Milli,Lil Wayne,66,rap,0.673,0.695,6,-8.636,0,0.239,0.0387,0.00206,0.194,0.774,151.468,221840,4
4bEcoz1OcfMgUbp2ft8ieQ,911 / Mr. Lonely,"Tyler, The Creator",77,rap,0.48,0.61,0,-7.042,1,0.239,0.0456,0,0.313,0.297,90.034,255653,4
5PQmSHzWnlgG4EBuIqjac2,If I Ruled the World (Imagine That),Nas,73,rap,0.879,0.564,10,-7.682,0,0.239,0.0474,0.000009,0.0519,0.523,93.908,282373,4
2S9Hmv3pv86ScVA8XnFmOW,Space Bound,Eminem,69,rap,0.671,0.885,0,-3.464,1,0.132,0.0451,0,0.381,0.525,142.02,278640,4
7AAnFzBtOlgoYceCQoLRUR,First Day Out,Kodak Black,66,rap,0.806,0.557,2,-6.633,0,0.114,0.405,0.000007,0.0838,0.504,140.011,180000,4
7fPHfBCyKE3aVCBjE4DAvl,In The Night,The Weeknd,69,rap,0.48,0.682,7,-4.94,1,0.13,0.0696,0,0.0463,0.506,167.939,235653,3
6mz1fBdKATx6qP4oP1I65G,Pony,Ginuwine,77,rap,0.749,0.605,8,-9.359,0,0.086,0.00186,0.0381,0.115,0.966,142.024,251733,4
5O8x1YlmLQopQHErxtDfi9,UnFazed (feat. The Weeknd),Lil Uzi Vert,75,rap,0.778,0.707,4,-3.606,0,0.0746,0.0459,0,0.111,0.458,126.684,190355,4
2mKouqwAIdQnMP43zxR89r,What's Luv? (feat. Ja-Rule & Ashanti),Fat Joe,73,rap,0.835,0.707,8,-5.074,1,0.0598,0.0219,0.000022,0.108,0.919,93.955,267093,4
0EZL3sv66teJRAE4t1NLsQ,Eazy,G-Eazy,73,rap,0.555,0.604,10,-6.552,1,0.239,0.0786,0,0.103,0.536,84.362,310000,4
0v9Wz8o0BT8DU38R4ddjeH,No Problem (feat. Lil Wayne & 2 Chainz),Chance The Rapper,82,rap,0.652,0.795,11,-5.192,0,0.174,0.156,0,0.123,0.788,135.018,304607,4
5UoQVEnznbdzspUddoQYmC,Good Drank,2 Chainz,64,rap,0.833,0.783,4,-1.077,0,0.211,0.284,0,0.121,0.387,129.999,222707,4
0WtVtCK5SEFvyyA5V8D9CI,No Frauds,Nicki Minaj,68,rap,0.865,0.553,1,-7.012,1,0.239,0.0788,0.000003,0.381,0.443,139.023,272453,4
0Wi7iEDGFY7I7NkYU6gS4n,Ultralight Beam,Kanye West,69,rap,0.672,0.397,8,-8.804,1,0.239,0.627,0,0.381,0.372,105.71,320680,4
0GaBIpyHvytM1UBYmqXu08,From Time,Drake,55,rap,0.575,0.5,1,-9.755,0,0.239,0.625,0,0.126,0.417,94.476,322160,4
0tm6gsXe0LSm9zeSspyMQu,Rapper's Delight - Single Version,The Sugarhill Gang,63,rap,0.917,0.692,2,-11.665,1,0.239,0.185,0.000011,0.0686,0.819,111.782,235840,4
2wdHKp5CBgJ8mlO7Cq84Xd,Dear Mama,2Pac,65,rap,0.775,0.535,6,-7.125,1,0.113,0.349,0,0.14,0.315,84.122,280000,4
3HPygYwlZeehBTDZXMhsrR,Mars (feat. Lil Uzi Vert),Maxo Kream,75,rap,0.818,0.673,11,-3.886,1,0.235,0.447,0,0.111,0.567,130.035,199864,4
01VvADRZqvXrHfwAKUOS8v,Peek A Boo,Lil Yachty,64,rap,0.954,0.578,1,-7.094,1,0.239,0.0691,0,0.102,0.26,127.061,246325,4
7Gs3otHnZDq514kFHf0nx7,Blue Notes,Meek Mill,69,rap,0.515,0.431,4,-8.251,1,0.239,0.665,0,0.147,0.184,141.392,227809,4
0YImOCkIJ2PWhCXaURCZnY,I Know What You Want,Busta Rhymes,67,rap,0.648,0.759,6,-4.315,1,0.239,0.0142,0,0.381,0.518,85.996,324307,4
4PzovBqgnSHKd8opsP7IVM,Everyday We Lit (feat. PnB Rock),YFN Lucci,80,rap,0.758,0.646,7,-4.701,1,0.112,0.128,0,0.0778,0.589,155.955,197171,4
2XWNzDHZbgNJIpGmxq6QHJ,Doggytails (feat. Kokane),Snoop Dogg,31,rap,0.432,0.789,1,-4.104,1,0.239,0.149,0,0.111,0.403,204.474,213581,4
2ZN1EnypRwsD38EoFRwmu9,Droptop in the Rain (feat. Tory Lanez),Ty Dolla $ign,72,rap,0.73,0.581,6,-5.833,0,0.0828,0.0295,0.000013,0.106,0.359,137.98,180867,4
6JjEVlMkfHWMeYavkEYzNO,Gassed Up,Nebu Kiniza,81,rap,0.798,0.568,5,-9.072,0,0.135,0.0213,0,0.0586,0.45,148.88,193911,3
0jPLBur1qXRfj3pbuJSX03,Killed Before,Young Thug,70,rap,0.697,0.675,7,-4.688,1,0.239,0.275,0,0.0767,0.292,158.133,220707,4
5iemvGR1EraL9s3XvohIP3,Grammys,Drake,64,rap,0.711,0.44,1,-9.509,1,0.239,0.00175,0.000003,0.0798,0.121,145.116,220427,4
318d3zDZXOxJGU24epWw32,Cinderella Man,Eminem,69,rap,0.682,0.908,8,-3.433,1,0.196,0.233,0,0.0807,0.673,86.069,279013,4
51EC3I1nQXpec4gDk0mQyP,90210,Travis Scott,70,rap,0.402,0.526,9,-6.741,0,0.0904,0.113,0.000008,0.105,0.312,81.404,339067,4
6nMrtPMfXoH5iaG43XCsjW,Aries (YuGo) (feat. Pharrell & Station Wagon P),Mike WiLL Made-It,60,rap,0.856,0.621,4,-4.162,0,0.0416,0.011,0,0.304,0.194,141.982,271752,4
3muBQDekYAg7jm6hDu6R0Z,First Day Out,Tee Grizzley,80,rap,0.587,0.711,1,-6.33,1,0.239,0.171,0,0.125,0.381,98.008,254694,4
5hJFhO9dvhJoDvUZZ9iWSw,Adorn,Miguel,66,rap,0.625,0.576,11,-5.693,0,0.175,0.0543,0.000041,0.187,0.235,179.063,193147,4
2MQ51y5NhCyva4SgWmK2Me,Ghetto Gospel,2Pac,70,rap,0.794,0.614,5,-5.352,0,0.0467,0.0964,0,0.0789,0.663,80.569,237633,4
65rRB2mspD309xE6YimZTl,Clique,Kanye West,67,rap,0.539,0.544,9,-5.95,0,0.239,0.05,0,0.209,0.314,109.482,293613,5
6e8Ou0wiqAzIpWb2eSxll8,Miami,Will Smith,72,rap,0.877,0.534,1,-6.18,1,0.151,0.0339,0.000017,0.0441,0.89,108.171,197560,4
3ThMRY8TlrPnpoaQ3hdNsF,Nothing Without You,The Weeknd,65,rap,0.649,0.634,1,-8.066,1,0.0615,0.0613,0,0.0986,0.178,110.075,198653,4
59dLtGBS26x7kc0rHbaPrq,Nothin' On You (feat. Bruno Mars),B.o.B,72,rap,0.688,0.853,10,-5.814,1,0.0493,0.386,0,0.0862,0.743,103.993,268320,4
3Tt9CEnGYd69ZrUGpiTe2Z,Get It,Busta Rhymes,70,rap,0.731,0.804,10,-4.043,1,0.239,0.00498,0,0.0751,0.646,137.385,185018,4
5rAhKntVmEfLHLYxToOcAb,Fallen,Jaden Smith,63,rap,0.535,0.715,6,-7.685,0,0.13,0.111,0.098,0.0979,0.224,82.516,262474,4
0nKZeSrqH9u31NLoTUsYBR,You Don't Know,Eminem,67,rap,0.767,0.864,10,-1.847,0,0.133,0.0116,0,0.0957,0.747,85.475,257907,4
4STaHtfguDMkWbPEo6Fwcx,Not Nice,PARTYNEXTDOOR,73,rap,0.598,0.496,0,-9.309,1,0.0804,0.0253,0.00132,0.12,0.725,128.06,202661,4
52JyHLUiugFECIYBWM2qdh,No Love,Eminem,69,rap,0.735,0.932,11,-2.86,1,0.224,0.128,0,0.175,0.318,129.583,299507,4
4RKasYlqTKuPWJCMcs6Y28,Culture (feat. DJ Khaled),Migos,43,rap,0.825,0.7,11,-5.098,0,0.239,0.0379,0,0.139,0.317,132.996,153558,4
0KbIwqCAHmXWu7hrszXY6j,Party We Will Throw Now!,Warren G,65,rap,0.934,0.562,4,-4.609,0,0.239,0.0476,0.000001,0.0608,0.712,96.792,209413,4
3C09tEhYKCysPOVqmJxOTN,Fu-Gee-La,Fugees,60,rap,0.682,0.505,1,-11.709,1,0.138,0.137,0,0.234,0.4,89.954,260067,4
6R6ihJhRbgu7JxJKIbW57w,Provider,Frank Ocean,77,rap,0.654,0.325,2,-11.925,1,0.239,0.74,0.000021,0.152,0.39,139.886,243238,4
2rgP2WKh9eDa5boVA4ez4T,Go Flex,Post Malone,72,rap,0.668,0.49,5,-8.274,1,0.119,0.253,0,0.0718,0.122,81.985,179613,4
0Qdbw4psZRGYANJauFqbdt,10 Bands,Drake,66,rap,0.825,0.757,11,-3.687,0,0.239,0.262,0.000002,0.0762,0.89,172.938,177733,4
4yfdnCOjuDwf2Ivpo8vg8H,No Limit REMIX,G-Eazy,75,rap,0.84,0.736,1,-3.757,1,0.239,0.0129,0,0.0849,0.415,176.051,278105,4
00LfFm08VWeZwB0Zlm24AT,Suga Suga,Baby Bash,66,rap,0.662,0.748,5,-3.041,0,0.239,0.688,0.000008,0.0841,0.535,82.331,239027,4
76v0OHTbZGeOZYmaLtEDhQ,This Could Be Us,Rae Sremmurd,69,rap,0.728,0.694,0,-5.07,0,0.161,0.281,0,0.118,0.74,143.078,206307,4
5XhkV07Vou38wnrzwURUOC,Who Am I (What's My Name)?,Snoop Dogg,70,rap,0.692,0.833,7,-3.974,1,0.0492,0.000136,0.00002,0.381,0.692,96.814,246320,4
1j6kDJttn6wbVyMaM42Nxm,Lord Pretty Flacko Jodye 2 (LPFJ2),A$AP Rocky,75,rap,0.489,0.718,6,-5.989,1,0.11,0.0122,0,0.0546,0.0568,207.986,126960,4
5oZvmo8ARpuBbaGArm8cBn,Leviathan,G-Eazy,72,rap,0.663,0.51,8,-8.823,1,0.192,0.0277,0,0.27,0.131,96.223,227027,4
4MjmMoyqX6PStxyDKZCHRc,Confidence,Chris Brown,68,rap,0.767,0.464,11,-8.019,0,0.0689,0.0297,0.000004,0.0856,0.454,120.008,177703,4
70WRVxQNMSM0BvhqxcYj0J,Say It,Tory Lanez,68,rap,0.384,0.517,4,-10.574,0,0.0708,0.0834,0.000014,0.129,0.229,107.262,237787,4
2fXwCWkh6YG5zU1IyvQrbs,Broken Clocks,SZA,79,rap,0.684,0.683,6,-7.366,1,0.177,0.13,0,0.156,0.406,112.856,231253,4
27AHAtAirQapVldIm4c9ZX,Jump,Kris Kross,70,rap,0.749,0.745,2,-10.625,1,0.164,0.000501,0.00403,0.333,0.481,101.972,195107,4
0s019O8KwLXkPSSV609qEE,6 Foot 7 Foot,Lil Wayne,68,rap,0.369,0.744,2,-5.345,1,0.239,0.000673,0,0.316,0.612,78.309,248587,4
3n9E5PXZPkirsYQxRl3uhv,Offended (feat. Meek Mill & Young Thug),21 Savage,57,rap,0.92,0.521,4,-7.859,0,0.239,0.202,0,0.12,0.386,123.973,255660,4
2FK7fxjzQEXD7Z32HSF0Hl,Men In Black,Will Smith,66,rap,0.801,0.581,5,-8.491,0,0.0681,0.0961,0.000296,0.0971,0.657,107.545,227267,4
6VnqGxiMNexOe0kRmIsBw4,Ain't Nobody Takin My Baby,Russ,79,rap,0.696,0.57,0,-9.084,1,0.239,0.673,0.000003,0.098,0.329,76.976,189231,4
7BzNT7knTluY0XGlpG5bxe,Congratulations,Post Malone,72,rap,0.624,0.806,6,-4.271,1,0.0364,0.182,0,0.299,0.513,123.117,220293,4
4yL7ZrNQDc1RoKg240aGu8,Ordinary Life,The Weeknd,65,rap,0.537,0.592,7,-7.612,0,0.0713,0.0318,0,0.104,0.39,149.996,221920,4
47TqCCnEliDp8NRDyIQoQq,You Make Me Wanna...,Usher,71,rap,0.761,0.639,5,-7.577,0,0.0539,0.0359,0,0.0945,0.922,164.088,219120,4
6L9PaQC1daJ0PAg7vJdS3R,Erase Me - Main,Kid Cudi,62,rap,0.686,0.638,9,-5.638,1,0.145,0.0634,0,0.113,0.851,186.074,192253,4
2Vf2Pflg5rTWSvSCK4qq4A,Privacy,Chris Brown,76,rap,0.741,0.58,0,-7.741,1,0.239,0.153,0,0.109,0.428,97.092,220964,4
2sku7VXIiu79SSfnYAIJpf,Reminder - Remix,The Weeknd,67,rap,0.748,0.652,0,-5.904,0,0.207,0.151,0,0.109,0.511,160.051,221968,4
5GpAhJpbHvUi6gY6RG15Ze,Welcome To The Rodeo,Lil Skies,77,rap,0.69,0.881,5,-4.297,0,0.239,0.128,0,0.0927,0.503,169.973,169412,4
6cj8s9tWTahcd0XmnM2tVj,Right Now (Na Na Na),Akon,67,rap,0.832,0.87,8,-4.2,0,0.166,0.269,0,0.381,0.577,137.998,240747,4
7gYVgwj2gZEeQq9LMJxDsF,Up There,Post Malone,66,rap,0.652,0.377,5,-8.155,0,0.0338,0.434,0.000017,0.0914,0.464,72.914,194827,4
1oqdOL4Zl4nRXoaGRWLUke,Deja Vu,J. Cole,72,rap,0.663,0.411,9,-11.457,1,0.239,0.354,0.00016,0.179,0.171,174.002,264747,4
0WQcnrsEqrY2e5nexGe3HX,Walk On Water,A$AP Mob,72,rap,0.9,0.532,0,-5.516,1,0.0744,0.0889,0,0.0533,0.592,140.023,236227,4
3wdAgmnQwvK9u8YvsWyIjd,Trap Paris (feat. Quavo & Ty Dolla $ign),Machine Gun Kelly,65,rap,0.962,0.63,4,-5.071,0,0.0704,0.0208,0.000001,0.0917,0.194,124.982,203000,4
4ENy0Hz7IsSf8lDz3to3FH,Hit 'Em Up - Single Version (Explicit),2Pac,68,rap,0.921,0.836,7,-3.978,1,0.239,0.0405,0,0.0802,0.581,95.187,312627,4
1dIlO8NNKs99ar0IsY1xdM,The Way I Am,Eminem,66,rap,0.805,0.871,4,-2.778,0,0.239,0.144,0,0.316,0.334,87.338,289267,4
6tqfjI3U8PTMVShysqkEXy,B.E.D.,Jacquees,66,rap,0.717,0.478,1,-8.205,1,0.0814,0.00461,0,0.0932,0.217,122.03,237147,4
2WC4sK0ryyysQhtDok9Ytr,From Time,Drake,67,rap,0.564,0.509,1,-9.727,0,0.239,0.633,0,0.127,0.388,91.632,322160,4
1lxzL05z6JawHE9ETnu06l,"Gucci On My (feat. 21 Savage, YG & Migos)",Mike WiLL Made-It,66,rap,0.932,0.357,1,-5.347,1,0.237,0.18,0.000006,0.152,0.089,140.006,274847,4
2ZdCrBA52bb4pIG3tOOZiQ,Dark Queen,Lil Uzi Vert,78,rap,0.747,0.606,4,-5.286,1,0.172,0.222,0,0.281,0.2,155.055,173419,4
6kH67fCArmDjAY0NH4tXNw,L,Jaden Smith,63,rap,0.384,0.608,7,-9.174,0,0.239,0.379,0,0.381,0.367,71.963,143353,4
6Nle9hKrkL1wQpwNfEkxjh,Chanel,Frank Ocean,80,rap,0.776,0.503,0,-5.732,0,0.237,0.874,0,0.112,0.473,110.134,210285,4
3oCjNZy9pBPu7r1vPEvl4s,"Yours Truly, Austin Post",Post Malone,66,rap,0.643,0.66,6,-5.732,1,0.0682,0.451,0.000002,0.169,0.401,126.001,219160,4
6yMxfx9wpiuhhdb8vHDVMu,Whatever You Need (feat. Chris Brown & Ty Dolla $ign),Meek Mill,75,rap,0.519,0.57,1,-7.366,1,0.202,0.0254,0,0.0821,0.317,164.155,205373,4
4Ly96d9brCZVehS8NFScgK,Catch Me Outside,Ski Mask The Slump God,63,rap,0.937,0.659,7,-6.122,1,0.23,0.171,0,0.336,0.652,112.011,145760,4
1BR5vhAlaoUiijQ28p6jlN,Backseat Freestyle,Kendrick Lamar,68,rap,0.612,0.654,1,-7.568,1,0.239,0.000613,0,0.228,0.647,77.38,212653,4
2hSGhdXXEQSGrxFloqbPTv,"Horses (with PnB Rock, Kodak Black & A Boogie Wit da Hoodie)",PnB Rock,69,rap,0.703,0.661,6,-3.885,1,0.0539,0.0517,0,0.34,0.495,149.906,249240,4
5X951LxsZUUnvtmSENanL7,FML,Kanye West,67,rap,0.67,0.417,9,-7.123,0,0.0787,0.312,0,0.194,0.133,125.091,236120,4
23zykvOc3kJKObhUMC64EV,"Where You Belong - From ""Fifty Shades Of Grey"" Soundtrack",The Weeknd,60,rap,0.386,0.437,9,-7.946,0,0.036,0.184,0,0.169,0.0943,119.923,297773,4
4TsRQ0onK2Lmjw9TvomNJZ,Real Friends,Kanye West,67,rap,0.462,0.748,6,-6.264,0,0.239,0.263,0.000482,0.138,0.132,170.862,251573,4
0e8CxZ3UlZIIV3ZRkzHN34,Goodbye,Russ,62,rap,0.747,0.383,8,-12.404,0,0.0398,0.367,0,0.179,0.497,112.445,252853,3
6g0TAJ1grweRwBMLQyiZFb,Famous,21 Savage,71,rap,0.779,0.597,9,-9.652,0,0.239,0.723,0.000045,0.0508,0.646,173.986,234280,4
5ZIZgRrrDj60O0F5oA9bVz,Bad Business,21 Savage,69,rap,0.856,0.54,6,-9.729,0,0.239,0.000985,0.000016,0.0854,0.387,158.05,162253,4
1szcZMcUlPjCItP4xNIU3E,Nothin New,21 Savage,70,rap,0.743,0.467,0,-10.354,0,0.239,0.145,0.000001,0.0891,0.19,150.004,219360,4
0oXuKhuNkXiZtuoxrdt3Ca,Hot In Herre,Nelly,68,rap,0.955,0.728,9,-4.862,0,0.122,0.219,0,0.0612,0.922,107.082,228227,4
2kvghywExB5UVdc5i22ily,Darkside (with Ty Dolla $ign & Future feat. Kiiara),Ty Dolla $ign,65,rap,0.512,0.624,7,-6.282,0,0.0558,0.104,0,0.058,0.141,153.875,233587,4
68pWLkspLFIfIPPtzyTkQy,Regulate,Warren G,70,rap,0.849,0.521,11,-12.999,0,0.216,0.306,0.000002,0.115,0.763,95.262,248867,4
3tjl6YMFoAk6927XjAM0Er,Cold,Post Malone,66,rap,0.654,0.564,4,-7.763,0,0.0403,0.609,0.000006,0.103,0.267,132.983,268933,4
2H881m3JRA8lpuuwaQL6zy,No Fear,DeJ Loaf,76,rap,0.614,0.682,11,-4.117,0,0.102,0.387,0,0.134,0.566,100.202,169853,4
7LjrpYAKy6hPmncnK2Ju9s,All I Know,The Weeknd,64,rap,0.653,0.434,8,-10.543,0,0.0556,0.443,0.000202,0.0952,0.18,120.06,321027,4
0Gi17qCJh9e9RJxLaYkm9l,Dark Times,The Weeknd,67,rap,0.585,0.421,7,-9.593,1,0.0707,0.106,0.00001,0.14,0.24,132.986,260640,3
4UtLXegebv7qNBF26nivhZ,Man Of The Year,ScHoolboy Q,68,rap,0.743,0.861,3,-5.234,1,0.0428,0.00518,0,0.181,0.391,111.959,216013,4
4yIB1ij0pS9eiRYtSyB8XE,I Fall Apart,Post Malone,76,rap,0.572,0.557,8,-5.346,0,0.0407,0.068,0,0.2,0.284,143.908,223347,4
31Q9ZTF9x81BDonlObCbvP,Forever,Drake,69,rap,0.457,0.906,5,-2.278,0,0.239,0.249,0,0.182,0.54,104.02,357707,5
47begBP3YRuD7eh00Im7L9,Patient,Post Malone,67,rap,0.5,0.651,8,-6.224,1,0.239,0.544,0,0.129,0.537,89.996,194333,4
0rBMP6VVGRgwnzZCLpijyl,Canal St.,A$AP Rocky,73,rap,0.696,0.583,3,-9.351,0,0.239,0.308,0,0.0964,0.524,137.079,227427,4
74BIr8H03lr5L6LZ1friIa,Dead People,21 Savage,68,rap,0.835,0.521,5,-11.666,0,0.239,0.297,0.000458,0.115,0.211,158.923,147427,4
3DgoM4s0T7VoHEQkp3xUsW,Mama Always Told Me,G-Eazy,71,rap,0.747,0.714,6,-5.123,0,0.14,0.0169,0,0.138,0.461,144.969,191013,4
4z4rETivtcdIiqFMWWHzze,White America,Eminem,65,rap,0.658,0.607,1,-5.678,1,0.205,0.0127,0,0.159,0.171,74.967,324569,4
1hGy2eLcmC8eKx7qr1tOqx,Beautiful Girls,Sean Kingston,77,rap,0.762,0.661,1,-6.075,0,0.0687,0.15,0,0.256,0.769,130.009,225373,4
7gKIt3rDGIMJDFVSPBnGmj,Super Bass,Nicki Minaj,71,rap,0.721,0.867,11,-4.302,1,0.196,0.29,0.000003,0.381,0.639,127.033,200013,4
311fWdp7RrvN4Fuz7sv6Ea,Collard Greens,ScHoolboy Q,70,rap,0.826,0.571,11,-4.871,1,0.064,0.0239,0.000007,0.207,0.666,153.972,299960,4
7t5m6zRwIEBxmPt8lNoPPi,Acquainted,The Weeknd,67,rap,0.38,0.481,7,-9.874,0,0.0567,0.464,0,0.0765,0.237,105.36,348853,4
7aW0z1jKq6FgB7ffpbocg6,Love Is Gone,G-Eazy,72,rap,0.631,0.79,8,-5.128,1,0.239,0.144,0,0.213,0.23,80.522,234613,4
7juAP7GZBF0Dtm0qqLSWOJ,Still Here,Drake,66,rap,0.834,0.438,0,-9.577,1,0.152,0.0212,0,0.381,0.207,133.958,189853,3
0FEVEhlfprbVi1jt9SbbNs,Ninety,Jaden Smith,61,rap,0.357,0.674,1,-6.797,0,0.0619,0.385,0.000281,0.144,0.187,97.417,447053,3
2bwN9oZIn9XXSd8RlJ4FDM,Lovin' (feat. A Boogie Wit da Hoodie),PnB Rock,77,rap,0.595,0.606,5,-6.335,0,0.0316,0.00258,0,0.344,0.168,92.075,210652,4
4DdMn9T4eWLqpyHrLDyxgw,Take A Step Back,Ski Mask The Slump God,60,rap,0.797,0.593,6,-8.86,1,0.239,0.116,0,0.381,0.715,116.971,210387,4
57evRskKe47TvzG96SLLTM,Pull The Trigger,Russ,71,rap,0.623,0.651,4,-6.988,0,0.239,0.305,0,0.101,0.296,82.078,156560,4
3C4FUqrrjuvWoHwsumWfIu,Cruise Ship,Young Thug,68,rap,0.793,0.742,0,-6.185,1,0.21,0.0107,0,0.119,0.21,150.076,166467,4
7HMMxBURL3a5ay0DxIYcix,Jump Out The Window,Big Sean,67,rap,0.744,0.712,1,-6.725,1,0.0849,0.132,0,0.132,0.548,136.968,213693,4
6o4nVtywF4F75RkOcDxrtd,With That (feat. Duke),Young Thug,64,rap,0.751,0.597,9,-6.59,0,0.125,0.0659,0,0.0881,0.159,123.997,202533,4
06u5LrUpbosQlQ1QJFhPpG,Drew Barrymore,SZA,76,rap,0.578,0.523,0,-5.538,0,0.0429,0.493,0,0.147,0.29,134.931,231400,4
1Bqxj0aH5KewYHKUg1IdrF,Some Kind Of Drug,G-Eazy,78,rap,0.586,0.525,0,-8.968,1,0.239,0.0705,0,0.0729,0.491,126.51,222467,4
1jk9c0gZI0wbn5GvAj7PBV,Check,Young Thug,67,rap,0.667,0.581,0,-5.164,0,0.239,0.0428,0,0.183,0.368,110.953,230693,4
7oJrVhiTPZGBXWPwhxjy9S,Lust,Lil Skies,76,rap,0.718,0.767,9,-5.641,1,0.166,0.138,0,0.114,0.519,160.084,156000,4
3QvwFrhH9MTpeskhOaNDl4,Stargirl Interlude,The Weeknd,64,rap,0.634,0.475,5,-12.663,0,0.121,0.357,0.087,0.0987,0.443,89.916,111640,4
6ubvDqWOCBQ3Gs89jyFRCI,Leave,Post Malone,68,rap,0.538,0.576,4,-7.161,1,0.0231,0.226,0.000073,0.132,0.603,90.09,324853,4
3Ti0GdlrotgwsAVBBugv0I,Can I Kick It?,A Tribe Called Quest,72,rap,0.848,0.666,0,-6.547,1,0.239,0.173,0.000699,0.129,0.744,96.662,251573,4
7eqoqGkKwgOaWNNHx90uEZ,Nights,Frank Ocean,79,rap,0.466,0.548,5,-9.362,0,0.118,0.42,0.000001,0.113,0.423,89.815,307151,4
05Z7jet4VDNVgNQWcYHnrk,Party,Chris Brown,76,rap,0.762,0.576,1,-4.951,0,0.0829,0.0556,0,0.0869,0.316,142.096,220813,4
6C781pluv3BPxGHHCUJNYc,Patiently Waiting,50 Cent,65,rap,0.738,0.674,1,-2.299,1,0.239,0.275,0,0.344,0.575,78.929,288867,4
2GrOq1y5gksYrqkc8Jzl9T,It Was A Good Day,Ice Cube,68,rap,0.797,0.779,7,-4.719,0,0.141,0.319,0.000142,0.266,0.82,82.368,260080,4
3KYvCIFMJiPxrIfP9FtDjE,Look Alive,Rae Sremmurd,63,rap,0.787,0.575,0,-7.469,1,0.0374,0.0595,0,0.328,0.234,120.029,228000,4
0bXFIF7iL17TYLyx8JHziM,Patty Cake,Kodak Black,79,rap,0.806,0.77,1,-6.464,0,0.19,0.0252,0,0.0645,0.406,152.094,198110,4
0kzMtLeKUU7tmAUq2xh7WC,Jorja Interlude,Drake,65,rap,0.735,0.373,11,-10.478,1,0.104,0.762,0.00202,0.288,0.237,123.081,107673,4
5STdMlrBf6pqWiNE7WqxSi,Many Men (Wish Death),50 Cent,64,rap,0.589,0.827,11,-2.938,1,0.239,0.0143,0.00151,0.14,0.386,161.978,256240,4
1gUakci7HwPcImtp0i79N3,You Said (feat. Quavo),Young Thug,67,rap,0.577,0.557,8,-6.894,1,0.114,0.147,0,0.21,0.177,119.977,402067,4
5MGNXZUqLX8HCsAplTjzxw,Come Get Her,Rae Sremmurd,69,rap,0.692,0.567,2,-6.205,1,0.161,0.189,0,0.0725,0.106,185.08,212947,4
6j0teRL3WdExzqmy334sh5,Seven Million (feat. Future),Lil Uzi Vert,72,rap,0.886,0.629,1,-4.404,0,0.239,0.051,0.000008,0.121,0.487,158.002,182491,4
6zsk6uF3MxfIeHPlubKBvR,Get Ur Freak On,Missy Elliott,73,rap,0.797,0.75,0,-9.369,1,0.239,0.533,0.108,0.095,0.74,177.87,211120,4
1nFgXsg2CUbyK0BJX9cmfj,Trophies,Young Money,68,rap,0.74,0.694,1,-7.488,1,0.239,0.153,0,0.137,0.249,143.894,188320,4
593W4qZOwwdqF6YnimJjL6,Doves In The Wind,SZA,75,rap,0.692,0.713,10,-4.489,0,0.239,0.343,0,0.102,0.615,137.36,266080,4
6mZcNu9i8uhOYMiEAyEx81,How We Do,The Game,70,rap,0.862,0.648,4,-7.401,0,0.239,0.0455,0,0.0332,0.637,98.012,235533,4
3nUI61NxXDjSj7buylBYll,BabyWipe,Ski Mask The Slump God,62,rap,0.887,0.514,1,-8.403,1,0.239,0.0278,0,0.381,0.61,148.014,168627,4
12yGwtB2h9NlzeOKYfVYTF,Don't Matter,Akon,68,rap,0.801,0.454,2,-6.035,1,0.0371,0.225,0,0.226,0.34,125.139,293067,4
53gcDgFyqqpvCzXWrnFZpH,Heartless,Kanye West,68,rap,0.79,0.647,10,-5.983,0,0.136,0.0515,0,0.248,0.654,87.999,211000,4
0KWR1t2LdkmEVwEIh2v035,Dang! (feat. Anderson .Paak) - Radio Edit,Mac Miller,50,rap,0.78,0.731,1,-6.333,1,0.239,0.0236,0.000001,0.0987,0.53,106.898,241118,4
1AH60dMaEfNjzDoUIFwIQi,Beast Mode (feat. PnB Rock & YoungBoy Never Broke Again),A Boogie Wit da Hoodie,78,rap,0.611,0.478,0,-5.839,1,0.107,0.035,0,0.107,0.138,172.076,258158,4
376KnY4TrgBITxjlnbnmIy,Cut It (feat. Young Dolph),O.T. Genasis,74,rap,0.875,0.673,7,-4.184,1,0.0932,0.135,0,0.292,0.231,130,222600,4
2Zy7XVdxyZQB8xp5xbpJdl,way back,Travis Scott,70,rap,0.396,0.554,0,-5.048,1,0.0488,0.222,0,0.381,0.17,117.384,272501,4
3MdRT6yPhMbvAN4D4MzDKq,Deuces,Chris Brown,54,rap,0.692,0.736,1,-5.109,1,0.11,0.0324,0,0.0787,0.217,73.987,276560,4
19YKaevk2bce4odJkP5L22,Nikes,Frank Ocean,76,rap,0.543,0.394,8,-9.637,1,0.0864,0.695,0.000239,0.108,0.118,137.811,314075,4
66wkCYWlXzSTQAfnsPBptt,My Favorite Part,Mac Miller,73,rap,0.861,0.33,6,-7.194,1,0.0526,0.627,0.000002,0.14,0.718,95.016,216000,4
7cQnIhLin7koR2sO2bt2KS,So Am I (feat. Damian Marley & Skrillex),Ty Dolla $ign,71,rap,0.642,0.791,0,-6.073,1,0.137,0.0242,0.00891,0.192,0.359,169.84,225953,4
2rqUblDWJKlMVwh9uJc0Vv,Yamborghini High,A$AP Mob,74,rap,0.838,0.765,7,-6.299,1,0.239,0.0283,0.000015,0.0779,0.635,137.767,302004,4
0frzpcv2zCUk13mn0X824T,Mall,Gucci Mane,72,rap,0.749,0.809,11,-7.649,1,0.0504,0.0484,0,0.172,0.311,147.992,167683,4
4jl5nYw8f1myMO3FwkkgNa,George Jeff,Jaden Smith,64,rap,0.684,0.568,7,-3.061,1,0.239,0.351,0,0.372,0.572,160.041,137617,4
1w6EY8Wkqw4TxYUxiids7C,Love To Lay,The Weeknd,64,rap,0.709,0.802,7,-5.031,0,0.0577,0.0449,0,0.282,0.717,116.984,223293,4
10nTs74T7xj4f4jzihU9ug,"Gang Up (with Young Thug, 2 Chainz & Wiz Khalifa feat. PnB Rock)",Young Thug,65,rap,0.631,0.732,1,-4.706,1,0.203,0.0304,0,0.261,0.549,151.779,231653,4
3jlbL2OTD5YmIunYzgQTAN,Live Your Life (feat. Rihanna),T.I.,76,rap,0.375,0.862,11,-3.363,0,0.239,0.071,0,0.211,0.478,159.841,338853,4
30oTS7bm0aH3p7lqjEIu8q,Full Clip,Gang Starr,68,rap,0.877,0.74,1,-5.885,1,0.239,0.0253,0.000003,0.286,0.754,95.224,216596,4
66UVpCZ5aH3VV3Ic3PBUrP,Shameless,The Weeknd,65,rap,0.602,0.559,6,-8.277,1,0.0276,0.121,0,0.107,0.252,100.021,253507,4
6bUNEbXT7HovLW6BgPCBsb,Roses,OutKast,73,rap,0.751,0.708,0,-5.645,1,0.0545,0.0481,0.000018,0.107,0.509,108.97,369573,4
2LvJuRmrVZFBS2fCLEUGvX,Free,6LACK,65,rap,0.744,0.53,9,-5.359,0,0.0447,0.00299,0.000008,0.104,0.366,124.024,263013,4
5sOW5hiIFFjtS51KMlWwt1,Say Less,Roy Woods,68,rap,0.694,0.259,3,-13.388,0,0.102,0.477,0.00018,0.0697,0.295,93.023,187066,4
33zbOXJSwW7uf4VXXWow2O,the ends,Travis Scott,68,rap,0.585,0.737,4,-4.121,0,0.191,0.0661,0,0.0904,0.0497,171.853,201263,4
6GnhWMhgJb7uyiiPEiEkDA,Weekend (feat. Miguel),Mac Miller,78,rap,0.843,0.435,8,-8.442,1,0.178,0.47,0,0.147,0.19,120.058,208080,4
4I8yHxomfwh2ggSmiPmQyP,"Earned It (Fifty Shades Of Grey) - From The ""Fifty Shades Of Grey"" Soundtrack",The Weeknd,62,rap,0.667,0.342,2,-5.93,0,0.0325,0.397,0,0.0945,0.453,119.882,250973,3
0PXp9QxBfSKGGpWUNaws2X,Drama (feat. Drake),Roy Woods,79,rap,0.709,0.362,11,-9.814,1,0.055,0.157,0,0.109,0.113,122.043,251860,4
4NT8MTxwf9wvZ4Ui36x7O2,Pick It Up (feat. Dre),Fat Joe,74,rap,0.662,0.91,2,-3.103,1,0.239,0.0166,0,0.125,0.775,174.064,207257,4
2tuPBPax5DPwNAMVbHa4fW,Minute,NAV,64,rap,0.68,0.552,5,-8.363,0,0.239,0.0717,0.000106,0.381,0.294,163.163,265373,4
6Sm2YzLtL8FcyTMONOkiFw,Feeling Myself,Nicki Minaj,68,rap,0.69,0.699,2,-5.612,1,0.184,0.425,0.0109,0.381,0.465,139.83,237840,4
0vUr13CyML5icNxdtXnSbM,I Might (feat. Youngboy),21 Savage,55,rap,0.811,0.697,7,-6.325,1,0.18,0.321,0,0.0486,0.838,139.979,186488,4
3HWOO3iq2MV38JQa3FMIaf,Kill You,Eminem,65,rap,0.902,0.555,11,-8.377,1,0.239,0.152,0.000185,0.323,0.692,107.003,264467,4
04h2uFDF3Ewr7orA6EDbQ3,No Favors,Big Sean,64,rap,0.722,0.771,11,-5.5,1,0.239,0.634,0.000002,0.312,0.347,93.526,325840,4
4rujbg8RNFitwtkv1qEq4K,Back To Back,Drake,67,rap,0.893,0.48,1,-3.728,0,0.239,0.00854,0,0.116,0.382,86.976,170638,4
2FbD2sqUmAdjqqCBp0mn2g,Foolish,Ashanti,67,rap,0.665,0.696,0,-5.763,1,0.0521,0.337,0,0.106,0.711,90.116,227387,4
32SFvZODywPBVDYSYtqxCj,Ruff Ryders' Anthem,DMX,70,rap,0.867,0.796,6,-4.73,1,0.0693,0.202,0,0.0838,0.776,92.766,231040,4
71lyUtIPCMAYjTwwwxy2jW,4r Da Squaw,Isaiah Rashad,72,rap,0.667,0.523,10,-9.477,0,0.239,0.532,0.000021,0.137,0.409,143.934,232571,4
1RjU7UhRICmdFPKxCucLgq,Hell on Earth (Front Lines),Mobb Deep,66,rap,0.875,0.658,0,-3.641,1,0.239,0.275,0,0.122,0.661,92.039,274093,4
2UNRYaPECfI7zXuiES0e28,Um Yea,Quality Control,61,rap,0.948,0.5,2,-6.295,1,0.235,0.0161,0,0.109,0.235,133.057,219227,4
7M1lOPZ7obkkzznia2OeVb,Black SpiderMan,Logic,67,rap,0.622,0.87,1,-5.325,1,0.0952,0.119,0.000039,0.381,0.32,140.014,331267,4
6mcu7D7QuABVwUGDwovOEh,If I Can't,50 Cent,64,rap,0.886,0.626,11,-2.528,0,0.239,0.265,0,0.024,0.856,93.989,196627,4
4N1r0Iiy853aVbYmSXvYli,BDY ON ME,Omarion,67,rap,0.729,0.495,8,-9.854,1,0.0384,0.114,0.000095,0.11,0.444,99.999,170463,4
4L1eqdFY10yO7tMzvRp0sx,Mood,dvsn,72,rap,0.622,0.446,9,-9.647,0,0.22,0.318,0.0135,0.0904,0.168,68.85,215045,4
30Gd3snWllczPbz2Gd0JMe,Like Toy Soldiers,Eminem,66,rap,0.52,0.768,8,-3.489,0,0.239,0.0193,0.00034,0.104,0.398,79.178,296880,4
50n3Y2Nz2myll7xSuhgD4J,NEVER,J.I.D,63,rap,0.587,0.648,1,-7.494,1,0.239,0.0273,0.00002,0.0683,0.224,103.283,241682,4
43jBqV3j3Xi1g6wO0bhIMd,Now and Later,Sage The Gemini,73,rap,0.781,0.57,11,-5.874,0,0.188,0.273,0,0.196,0.858,107.059,193181,4
2CQtSUeIoUImEe3wZMvttI,Fuck Tha Police,N.W.A.,65,rap,0.859,0.75,8,-8.325,0,0.239,0.0193,0,0.0538,0.857,98.691,345717,4
34NHZgjn7g61aQtcOpEL7j,Forever Young,Lil Yachty,67,rap,0.677,0.613,6,-7.993,1,0.0374,0.538,0.000004,0.158,0.687,137.884,177720,4
5jXNOgH5A7yI76BU9kaP6N,Monster,Kanye West,68,rap,0.622,0.679,11,-5.621,0,0.239,0.00275,0.00683,0.381,0.0878,123.38,378893,5
34oWbFBfGEElvgO0a5c9V4,No Flockin,Kodak Black,78,rap,0.943,0.595,5,-8.372,0,0.191,0.0673,0,0.0839,0.815,117.532,165291,4
26bagHWcawT0HA0TkUbG2a,Too Quick,MadeinTYO,72,rap,0.841,0.665,1,-6.568,0,0.239,0.221,0,0.277,0.43,135.984,183640,4
0709StHzSeXpdj2zmqF2o2,Tempo,Chris Brown,73,rap,0.769,0.482,10,-7.205,1,0.0502,0.192,0,0.0903,0.487,120.959,218744,4
5WNYg3usc6H8N3MBEp4zVk,Boredom,"Tyler, The Creator",76,rap,0.559,0.578,8,-9.54,1,0.151,0.79,0.000522,0.324,0.239,79.938,320720,4
7ivdXN7qkPafUX3VyTSr6X,I'm The Man,50 Cent,63,rap,0.789,0.447,8,-7.66,0,0.156,0.314,0,0.12,0.316,97.995,235703,4
7tk5tOCj84jine8kKJkPYs,Memo,Young Thug,65,rap,0.823,0.564,1,-6.617,1,0.116,0.151,0,0.122,0.348,131.988,195413,4
5ngydCLbzCEdtu8SEOXhPU,All Me,Drake,66,rap,0.669,0.511,1,-6.943,1,0.239,0.0689,0,0.181,0.429,122.029,271573,4
1lOvSqQIVIkNaDZlt645d0,Gotdamn,G-Eazy,70,rap,0.807,0.512,1,-7.121,1,0.239,0.0337,0.000003,0.133,0.202,83.972,172520,4
1vxkXq9ifXIGRqntjvdg3G,Some Time,Russ,75,rap,0.873,0.473,0,-6.529,1,0.0484,0.254,0,0.111,0.465,119.997,197320,4
73hmUGQvCNlhDWzNPRvcx3,Goodbye,Russ,68,rap,0.743,0.377,8,-12.409,0,0.0376,0.354,0,0.187,0.556,112.366,252865,3
7mF7fA6DsIMAJy9O0TDWV3,Too Young,Post Malone,66,rap,0.606,0.631,11,-6.475,0,0.0607,0.293,0.000079,0.0834,0.265,123.018,237147,4
3IJ6BBFLD2I2CH3hHFQj3O,4 da Gang,Future,67,rap,0.705,0.474,2,-7.534,1,0.239,0.0751,0,0.229,0.179,146.244,187749,4
4kSNwQ1rKDJucpFdEv92yb,21 Guns,21 Savage,54,rap,0.845,0.6,2,-6.467,1,0.239,0.0147,0,0.087,0.302,129.915,246648,4
5ltdcgEflWut0osW0ZzLhM,Da Rockwilder,Method Man,65,rap,0.612,0.659,6,-6.995,0,0.239,0.0137,0,0.381,0.393,99.137,136093,4
52hRcWmjRNFuVJv3Qi7EeF,Savage Mode,21 Savage,68,rap,0.782,0.359,0,-9.335,0,0.239,0.199,0.00105,0.106,0.0708,143.041,249587,4
6OBRlFTmKfmJuzz1ZOUECA,Till I Die,Machine Gun Kelly,65,rap,0.865,0.621,0,-7.027,0,0.109,0.0285,0,0.136,0.344,110.044,212213,4
1SGt65i9AnXYdDQt1AtDRH,3500,Travis Scott,70,rap,0.773,0.595,8,-6.062,0,0.161,0.114,0.000002,0.13,0.338,123.968,447053,4
3sz2fvkHUhBip8r9i8HqeV,Down For Me,G-Eazy,74,rap,0.545,0.601,1,-7.85,0,0.239,0.0454,0,0.164,0.346,95.848,203613,4
0xzEDBVP6SmgByZePlbUvT,We Made You,Eminem,64,rap,0.924,0.853,2,-1.203,1,0.0792,0.107,0.000001,0.129,0.67,114.003,269613,4
4sw7dHjD6EsGs0d57AHgdy,oui,Jeremih,68,rap,0.41,0.726,5,-3.845,1,0.15,0.203,0,0.107,0.552,77.226,238320,5
7pas6O1LYbaeChEFQBhPFU,coordinate,Travis Scott,70,rap,0.688,0.658,1,-4.155,1,0.0695,0.105,0.000002,0.335,0.28,75.615,226397,4
7N1Vjtzr1lmmCW9iasQ8YO,Survival of the Fittest,Mobb Deep,70,rap,0.813,0.703,11,-5.077,0,0.239,0.125,0.000001,0.237,0.241,94.828,224533,4
09EwNbGvUyu7BDEYG0cJro,Can't C Me,2Pac,68,rap,0.795,0.852,0,-2.238,1,0.178,0.0442,0.000003,0.381,0.672,95.442,330760,4
0jOL63hLMeSCHTXPdFkniq,Runaway,Kanye West,66,rap,0.383,0.579,1,-3.765,0,0.103,0.198,0.00184,0.381,0.103,86.522,447053,4
0V4l4GQhgnWQGtCWpvA7va,Crew Love,Drake,67,rap,0.421,0.537,0,-8.956,0,0.239,0.25,0,0.173,0.376,160.474,208813,4
1yYzuNd0KRyHVJ3NH8apBt,Donald Trump,Mac Miller,43,rap,0.632,0.898,1,-7.364,0,0.119,0.128,0,0.381,0.797,162.974,164587,4
33JcUj9qQDayKswunZP9ar,Best Friend,Young Thug,70,rap,0.959,0.598,8,-5.534,1,0.0713,0.0358,0,0.358,0.408,127.029,213000,4
0PwKsFzNiOTnAus6fj7zJn,Sober,Childish Gambino,68,rap,0.701,0.6,0,-6.515,1,0.0311,0.115,0.00005,0.381,0.446,98.029,252013,4
7IVQ3HgoP3SRoJqxym4nBD,Ice Melts,Drake,64,rap,0.813,0.551,6,-7.605,0,0.239,0.08,0,0.381,0.598,124.957,250770,4
5jHilrZDaP1vJMZfdN1He3,The Recipe - Bonus Track,Kendrick Lamar,61,rap,0.767,0.775,11,-6.98,0,0.08,0.000622,0,0.349,0.507,131,352853,4
2RzJwBCXsS1VnjDm2jKKAa,I Believe I Can Fly,R. Kelly,66,rap,0.55,0.444,7,-7.588,1,0.0292,0.241,0,0.187,0.0438,120.179,320667,4
0hy1SOTEn9ifXTzOwnCwEr,All Eyes On You (feat. Chris Brown & Nicki Minaj),Meek Mill,74,rap,0.589,0.658,11,-5.288,0,0.203,0.0242,0,0.118,0.251,77.521,223973,4
2Ammarl4cQ1TCaGzf39u7K,Legacy,Eminem,64,rap,0.668,0.896,9,-3.76,0,0.239,0.271,0,0.193,0.564,164.012,296269,4
7t2eWdGWBTAxaXxaGqq9ts,Life Is Short,Ski Mask The Slump God,71,rap,0.743,0.411,2,-7.343,1,0.239,0.254,0,0.292,0.339,119.693,140657,4
07zTCVGvkFvsE6RTjH2L1p,Flipmode,Fabolous,63,rap,0.645,0.771,6,-4.77,1,0.239,0.102,0,0.114,0.571,151.812,240773,4
1XHjU0TGIgl5lMFKAF25Y3,23,Mike WiLL Made-It,65,rap,0.863,0.609,9,-5.231,1,0.0564,0.000349,0.000004,0.129,0.326,140.02,252520,4
0WKYRFtH6KKbaNWjsxqm70,Gin And Juice (feat. Dat Nigga Daz),Snoop Dogg,75,rap,0.549,0.853,7,-4.293,1,0.188,0.0285,0.000296,0.381,0.346,94.695,211493,4
60xaS8mYBKUW4VQQ666N0T,All Night (feat. Knox Fortune),Chance The Rapper,78,rap,0.704,0.777,2,-5.729,1,0.195,0.0358,0,0.151,0.392,111.921,141542,4
5wTVNpi5WDByxBgKgUE6MU,Supermodel,SZA,77,rap,0.612,0.442,6,-8.874,1,0.239,0.651,0,0.26,0.253,119.235,181120,5
3LnOF5n1GOs01siYZXzS3p,Drowning (feat. Kodak Black),A Boogie Wit da Hoodie,66,rap,0.839,0.81,5,-5.274,0,0.0568,0.501,0,0.117,0.814,129.014,209269,4
07TpaOs25YRFTrdTnOXgTE,Florida Boy,Rick Ross,68,rap,0.448,0.74,5,-3.708,0,0.239,0.00922,0,0.349,0.42,111.217,312407,5
671XaUBmifTMXDbZK5CB1M,Mercy.1,Kanye West,66,rap,0.728,0.651,6,-5.819,0,0.239,0.0502,0.000027,0.36,0.509,140.005,326347,4
2JI71GHwq2LN8mtq3iCLYo,CoCo,O.T. Genasis,70,rap,0.886,0.628,8,-5.949,1,0.131,0.00215,0.000012,0.31,0.178,119.906,239574,4
32aYDW8Qdnv1ur89TUlDnm,Still Think I'm Nothing (feat. Jeremih),50 Cent,69,rap,0.694,0.72,3,-6.728,0,0.239,0.157,0.000021,0.352,0.329,89.119,191630,4
3u52zdokN8DLDJyj9YkkDP,Deja Vu,Post Malone,67,rap,0.62,0.701,7,-6.535,1,0.0451,0.102,0,0.117,0.375,133.904,234213,4
1psC5iHzQxaTMZ5dWGfM6I,Juice,Yo Gotti,75,rap,0.887,0.568,2,-5.853,1,0.239,0.00171,0.000011,0.0812,0.754,162.038,149242,4
5fii2C2yImI0KvaAZZDKrC,I'll Be Missing You (feat. Faith Evans & 112),Diddy,51,rap,0.709,0.347,0,-9.055,1,0.0676,0.548,0.00263,0.121,0.37,109.882,344813,4
53Kkoxv2hI5Vyp4PvadIOP,Flexicution,Logic,67,rap,0.779,0.703,0,-6.604,0,0.0738,0.0581,0.00142,0.106,0.705,159.939,218947,4
2ZB8Zwf6wd3PUMlSJKR2bG,Fire & Desire,Drake,65,rap,0.709,0.259,1,-14.341,0,0.0892,0.0803,0,0.0855,0.265,79.839,238120,4
6qcuRcbz8DCLG6nG4or8Uo,Cherry Hill,Russ,75,rap,0.681,0.469,2,-10.803,0,0.0366,0.161,0.403,0.108,0.0373,130.022,222453,4
3V8sM5OOG6YfDuDLa2IIYJ,Used to This,Future,73,rap,0.618,0.727,3,-7.224,0,0.208,0.0312,0,0.196,0.401,164.992,180520,4
2AGUFka8kBWCM47h5uTlDb,lose,Travis Scott,68,rap,0.832,0.557,7,-3.947,0,0.053,0.307,0,0.176,0.279,125.999,200453,4
1gGsNNUfvVMOv4llVMg8Vg,Ps & Qs,Lil Uzi Vert,75,rap,0.522,0.428,11,-11.332,0,0.143,0.235,0.000002,0.278,0.399,129.829,221538,4
3ODZ571LZ7iwQ3eOQISJeY,Lonely - Old Version,Akon,44,rap,0.629,0.532,5,-7.88,0,0.0352,0.331,0,0.238,0.619,90.098,235800,4
5fqt5nfPEgbOuIajbZmkBv,Me and Your Mama,Childish Gambino,64,rap,0.55,0.451,5,-11.754,1,0.0363,0.00957,0.0228,0.0712,0.247,117.951,379227,3
3IEZK5pk3XXd6WsTChAcR8,Feel,Post Malone,65,rap,0.581,0.498,5,-8.279,0,0.0527,0.244,0.000005,0.077,0.194,120.018,197120,4
4W598w0KcHVG5Nwqk0qMpj,Three,Future,66,rap,0.725,0.692,5,-5.742,0,0.239,0.00841,0,0.0912,0.298,169.025,159400,4
7xq3uN2toVZ8IbNzfTucyJ,Calm Down,G-Eazy,74,rap,0.537,0.624,11,-8.794,1,0.239,0.000175,0.000002,0.116,0.409,102.315,127427,4
7a86Hpfds5KjzEBBrIIOD2,My Way (feat. Monty),Fetty Wap,44,rap,0.748,0.741,6,-3.103,1,0.0531,0.00419,0,0.147,0.537,128.077,213053,4
6A6am7JK6SNzIKOGlU53sw,Ayo Technology,50 Cent,65,rap,0.63,0.782,8,-5.44,0,0.132,0.0828,0,0.034,0.418,140.144,247947,4
65Rpf0AKHEMoAnwqzgBIRg,No Option,Post Malone,68,rap,0.549,0.724,2,-5.048,1,0.121,0.0845,0,0.256,0.453,167.993,179827,4
5YxaccATvDTIOpue7vu6Tn,Nuh Time / Tek Time,dvsn,69,rap,0.543,0.281,6,-11.604,1,0.0626,0.162,0.00325,0.143,0.0686,116.981,340800,4
6yF1v5FmMYqsNXuJCvJ6oB,No Sleep,Wiz Khalifa,41,rap,0.653,0.711,9,-6.454,1,0.0623,0.109,0,0.381,0.769,160.048,191320,4
64Hpl5XnXbIWq1oI77gcNW,12,88GLAM,66,rap,0.747,0.557,1,-8.971,0,0.069,0.369,0.000035,0.103,0.552,149.965,195200,4
6qUEOWqOzu1rLPUPQ1ECpx,Walk This Way,Run–D.M.C.,70,rap,0.759,0.578,6,-12.56,0,0.0468,0.00796,0.000082,0.0605,0.944,105.598,309760,4
0ipLnUeK5PODrTKyT3wVGT,Shoop,Salt-N-Pepa,64,rap,0.939,0.68,0,-7.29,1,0.219,0.0881,0,0.0554,0.81,96.916,248573,4
6NncjnSD7JLEetWb9KqMRY,I Wanna Love You,Akon,67,rap,0.865,0.45,0,-9.387,1,0.0417,0.0359,0.000001,0.308,0.352,99.989,247067,4
1OYAE8fws35y6NO6vXLGuv,Up,Desiigner,61,rap,0.909,0.627,8,-7.568,1,0.239,0.0239,0.000003,0.255,0.368,144.004,235677,4
5b06JZjts6dgyyuY1m7roq,200,Future,66,rap,0.84,0.65,1,-6.708,1,0.239,0.00924,0,0.201,0.527,145.972,146987,4
2g9E9UyZ3pdJ1eqUQW0tfQ,Xxplosive,Dr. Dre,64,rap,0.767,0.881,1,-4.359,1,0.109,0.191,0.000008,0.139,0.939,169.049,215267,4
0LICWCq1eL0Ja77QgOn5M3,Pt. 2,Kanye West,66,rap,0.672,0.729,11,-4.07,1,0.239,0.536,0,0.381,0.272,145.089,130293,4
5L3g84IxAkEnaxy9nAfkBr,Hit,NAV,63,rap,0.868,0.685,6,-9.142,0,0.239,0.196,0.012,0.128,0.587,140.031,169787,4
1lmDRuRa12CImUQziVfVw5,Wife You Up,Russ,76,rap,0.787,0.508,6,-7.786,0,0.137,0.198,0,0.0834,0.457,83.975,183253,4
17iKwg0p8Zj1A3cGYVrpif,BullS**t,21 Savage,54,rap,0.736,0.598,8,-6.154,1,0.228,0.00504,0,0.381,0.137,159.96,143229,4
4gpmL5xSZeHssgyIP3UuPS,What Do You Do,A$AP Ferg,73,rap,0.819,0.713,8,-5.623,0,0.239,0.358,0.000016,0.0947,0.506,152.016,176867,4
5Nv3x5T9qpqD8KxskUFbkB,Liger,Young Thug,68,rap,0.757,0.71,1,-5.283,1,0.213,0.339,0,0.189,0.646,139.898,208630,4
6AoYWCzsDls6c61Zp5qTuU,$ave Dat Money (feat. Fetty Wap & Rich Homie Quan),Lil Dicky,75,rap,0.858,0.697,2,-5.361,1,0.23,0.114,0,0.224,0.364,98.012,290836,4
56eRdpppqn0p93DjaoLBPe,Maybe,Russ,71,rap,0.787,0.666,9,-7.719,0,0.0522,0.0704,0,0.0935,0.389,143.016,174880,4
4vGHKVIrYkMzXsPfVxDoZ1,Congratulations - Remix,Post Malone,63,rap,0.721,0.732,10,-4.406,0,0.075,0.206,0,0.381,0.518,123.088,284133,4
32CS1c7IyC8jzeFs55Q9n4,Mercy,Kanye West,66,rap,0.563,0.496,6,-9.381,0,0.239,0.0679,0.000056,0.173,0.424,140.001,329320,4
3hf9MrAODICmdacrDYds6P,Brown Paper Bag,Migos,40,rap,0.907,0.489,8,-5.79,1,0.158,0.0477,0,0.115,0.253,136.982,211244,4
1qoHlIpgGxtmYsYdyiySiL,Often - Kygo Remix,The Weeknd,65,rap,0.582,0.498,7,-9.906,0,0.0455,0.12,0,0.381,0.426,80.028,234400,4
1zayuwd1YLZsYDArkruHdL,The Heart Part 4,Kendrick Lamar,70,rap,0.672,0.434,9,-15.218,0,0.239,0.501,0.000125,0.272,0.54,129.209,288555,4
3fCicSFX1SFnFK8sfRdArh,Liquor Locker,Vic Mensa,67,rap,0.559,0.437,6,-7.086,0,0.149,0.0542,0,0.0551,0.485,79.806,258120,4
6eZJaGs515XMKTMwuTG2mS,Big Lie,Post Malone,66,rap,0.432,0.686,6,-4.937,0,0.197,0.184,0,0.0722,0.209,170.86,207680,4
7a2c8KeQi3LhImYQepp4Yg,Hit This Hard,Post Malone,65,rap,0.623,0.564,0,-8.951,1,0.0553,0.292,0.00225,0.0837,0.366,140.03,249027,4
0KyVcQXoxlzhFWzRZuWo5t,New Choppa,Playboi Carti,62,rap,0.78,0.611,10,-4.313,1,0.0507,0.152,0,0.381,0.416,128.067,126043,4
7IuR13GY471Tbz4lp9DKOZ,Killing Me Softly with His Song,Fugees,51,rap,0.766,0.437,4,-10.105,0,0.0732,0.0304,0.000002,0.158,0.528,92.406,290267,4
5URYXSFGks9Q8eYePlgVdL,FOR MY PEOPLE,Joey Bada$$,68,rap,0.672,0.704,11,-6.628,0,0.165,0.111,0,0.115,0.188,100.986,232765,4
2rUwQj4SWaP2anuGDtNpYR,Self-Made,Bryson Tiller,74,rap,0.932,0.702,7,-3.459,0,0.0903,0.00304,0.000019,0.267,0.53,143.001,167853,4
3vqHjj1rPujIkG4LCIQAVJ,"American Dream (feat. J. Cole, Kendrick Lamar)",Jeezy,65,rap,0.638,0.841,2,-5.713,1,0.189,0.058,0,0.303,0.63,76.978,249040,4
61ASZHKdQHSIV4MEt0bRgw,Skepta Interlude,Drake,64,rap,0.745,0.822,7,-6.354,1,0.239,0.0103,0.000004,0.155,0.415,86.733,143214,5
1UZ25gykR30Oewh3dBRtVZ,Only,Nicki Minaj,68,rap,0.573,0.495,8,-7.245,0,0.239,0.405,0,0.0969,0.255,179.196,312027,3
47J48es0QgYkCWjHAO82AM,Big Bidness (& Metro Boomin),Big Sean,60,rap,0.544,0.569,7,-10.435,0,0.239,0.146,0,0.104,0.143,169.664,273027,4
4NQQ5fK6qOEMsJNlhjUkIg,1 of 1,Tyga,65,rap,0.681,0.567,8,-7.353,1,0.239,0.174,0,0.0653,0.698,73.009,207714,3
6xz04ypw5JsqiyityCASG1,LAND OF THE FREE,Joey Bada$$,70,rap,0.734,0.649,8,-6.235,0,0.239,0.466,0,0.116,0.158,95.1,283690,4
2KjpWqvSKoQh0XIAywplWn,Give It To Me,Timbaland,64,rap,0.978,0.687,8,-4.957,1,0.0646,0.197,0.00708,0.107,0.784,110.616,234057,4
1IYMNvqEMDwQyL60eT54uY,With You,Fetty Wap,66,rap,0.657,0.752,9,-3.524,0,0.0764,0.112,0,0.134,0.394,140.084,224841,4
7gZzWI6yC0Wb8xLcNYoYIg,Am I Wrong,Anderson .Paak,61,rap,0.729,0.799,11,-7.378,0,0.0779,0.0588,0.00218,0.0948,0.532,115.04,253520,4
2tQbd2hT4NHhFJZLE8Nisa,Throw Sum Mo,Rae Sremmurd,64,rap,0.853,0.639,6,-8.013,0,0.162,0.0367,0.000208,0.103,0.575,142.048,260453,4
7yLuOOJp3VeakV57c4Lwgp,Perfect Timing (Intro),NAV,60,rap,0.78,0.476,8,-10.037,1,0.235,0.0672,0.00046,0.222,0.205,76.995,177027,4
24BSTATmWEmrPOgEM17bfN,No Shopping,French Montana,59,rap,0.895,0.49,10,-10.31,0,0.239,0.0125,0.00101,0.142,0.257,83.508,227727,4
1MJErNPIQUoEMu4YUUmecm,Neon Guts (feat. Pharrell Williams),Lil Uzi Vert,73,rap,0.859,0.563,1,-6.635,0,0.112,0.0541,0,0.0685,0.412,119.934,258789,4
2DfBHbZ1rq4Nu1pzKNAwxY,Charles Brown,G-Eazy,68,rap,0.472,0.562,5,-7.05,0,0.239,0.431,0,0.115,0.769,93.161,289373,4
6QMlELXFU07NLdqv3DGNPI,Special,21 Savage,66,rap,0.891,0.321,1,-12.813,1,0.239,0.147,0.000019,0.117,0.331,136.005,217867,4
19woxaSpjOefa2JnAOoqW5,Garden (Say It Like Dat),SZA,77,rap,0.727,0.456,9,-7.26,1,0.239,0.0705,0,0.124,0.548,111.331,208400,4
2AaknMNIfzMqZGvbcDsJHZ,Party Up,DMX,65,rap,0.51,0.931,11,-3.302,1,0.239,0.0738,0,0.381,0.53,201.936,268867,4
63ab6bKGaNYkTQleS4HIwi,Fashion (feat. Rich The Kid),Jay Critch,62,rap,0.725,0.24,4,-19.801,0,0.0617,0.00303,0,0.0646,0.167,142.973,208598,4
5grpSBbXPJCyqWuxoMuKY7,Never Know,6LACK,65,rap,0.661,0.576,5,-8.987,0,0.202,0.0962,0.000003,0.188,0.188,95.187,249680,4
3VCYe6mCXebBgcfzaxCVNI,Both (feat. Drake & Lil Wayne) - Remix,Gucci Mane,75,rap,0.834,0.493,5,-6.567,0,0.128,0.0606,0.000079,0.0666,0.28,140.007,252017,4
2znzyzlAUc8Z1Ikq9aFOcx,Tuesday (feat. Drake),ILoveMakonnen,69,rap,0.77,0.664,0,-5.604,1,0.211,0.215,0.000118,0.105,0.472,140.163,321987,4
1OwNWr75pNTyhifOTT0uIG,Real Love,Future,66,rap,0.75,0.579,8,-6.256,1,0.0856,0.0201,0.000064,0.219,0.262,145.949,242347,4
3pAnZV3mgNKCABheAUatc3,Guts Over Fear,Eminem,63,rap,0.613,0.863,10,-4.324,0,0.239,0.331,0,0.219,0.5,140.134,301000,4
5dNfHmqgr128gMY2tc5CeJ,Ignition - Remix,R. Kelly,80,rap,0.795,0.523,1,-7.165,1,0.0423,0.061,0,0.0914,0.855,133.024,186067,4
5eqiMMbaeUZ32Q7sS00H35,Anaconda,Nicki Minaj,67,rap,0.964,0.605,9,-6.223,1,0.179,0.0668,0.000008,0.214,0.646,129.994,260240,4
2qwn6whaZf7gax7SaqUZSC,Incredible,Future,71,rap,0.79,0.438,1,-6.462,1,0.133,0.0634,0,0.1,0.247,90.022,248050,4
70mIuBKGTPrWMwWq9D4F56,Wavy (feat. Joe Moses),Ty Dolla $ign,77,rap,0.75,0.491,11,-8.326,1,0.117,0.0898,0,0.109,0.711,105.008,187671,4
6kbs6lHYzEyjhi7Dss2yVL,Summer In December,G-Eazy,68,rap,0.596,0.879,5,-4.563,1,0.239,0.0706,0,0.0965,0.491,79.448,186147,4
0odHj0qIf86vHBsXB30IkZ,So High (feat. Ghost Loft),Wiz Khalifa,72,rap,0.628,0.629,6,-4.829,0,0.0485,0.118,0,0.102,0.3,157.99,249288,4
4a87wpeqAcOv03pYihEzku,Broccoli (feat. Lil Yachty),DRAM,64,rap,0.886,0.525,8,-7.39,1,0.131,0.236,0,0.057,0.708,145.99,225205,4
3rBwHfVPzmfR3ZVSliB0Om,Baby Girl,21 Savage,67,rap,0.852,0.459,9,-9.658,1,0.239,0.00781,0.119,0.133,0.157,163.021,169093,4
5snnn0PgQh7CW2ivm0RlHO,On Me,Quality Control,60,rap,0.929,0.612,0,-4.467,1,0.192,0.0995,0,0.117,0.808,134.958,216147,4
2tRqogWkZYai4sK1982iv0,Broken Whiskey Glass,Post Malone,64,rap,0.352,0.689,0,-7.308,1,0.0616,0.327,0.000002,0.13,0.121,99.746,233813,4
4BUbY7Jxzjduogf0RdCVxB,Good Man,Ne-Yo,59,rap,0.681,0.556,9,-5.955,0,0.185,0.271,0,0.381,0.514,144.998,229221,4
27PmKcvsjXp7G1IQgLUkYY,My Nigga,YG,67,rap,0.681,0.462,10,-6.869,0,0.194,0.0968,0,0.22,0.751,171.127,235600,4
3NGT0Td7H4Is1qrlDQJxma,Check Yo Self - Remix;,Ice Cube,72,rap,0.934,0.735,1,-6.668,1,0.239,0.031,0.000009,0.107,0.768,101.368,273107,4
5ijr4mcVJokrKmtBy1XRPY,The Morning,The Weeknd,65,rap,0.656,0.555,6,-7.6,0,0.0374,0.34,0,0.0993,0.224,120.096,312427,4
2ya9d4B06EQ8Fpj5SSqiTH,Drip on Me,Future,67,rap,0.834,0.618,8,-7.653,0,0.231,0.00362,0.000027,0.126,0.553,135.889,199840,4
4Fv6wNYUixnYkj3Dgfrls8,Tumblr Girls,G-Eazy,71,rap,0.49,0.373,8,-9.762,1,0.239,0.101,0.000105,0.128,0.346,121.889,255680,4
2PUQu6RlN3DDJOoJ26JW8u,Prisoner,The Weeknd,64,rap,0.543,0.407,0,-12.741,0,0.0389,0.401,0.000113,0.202,0.327,134.831,274960,4
4bgXEwLBvgVywxVlfaEpEm,Like A Soccer Mom,Ski Mask The Slump God,72,rap,0.78,0.654,10,-7.641,0,0.076,0.112,0,0.12,0.713,140.007,109819,4
7rWwv1ePazmRzmJs4sARhI,Can't Tell Me Nothing,Kanye West,66,rap,0.596,0.62,5,-6.133,0,0.039,0.0122,0,0.381,0.102,80.029,271600,4
7EqbX6KDCvWms0m8Rbmt2q,Fly Away,G-Eazy,69,rap,0.517,0.552,4,-9.459,0,0.239,0.211,0,0.0756,0.127,83.548,211613,4
64XdaHjuyOQmVRdqn7aCgB,25 To Life,Eminem,65,rap,0.619,0.926,8,-0.975,0,0.239,0.249,0,0.208,0.372,79.589,241587,4
0uMUvbkTdjBNZ5UuHZ5PIj,IV. sweatpants,Childish Gambino,67,rap,0.644,0.469,1,-9.117,0,0.238,0.179,0,0.381,0.615,79.991,180675,4
2RzWl7MCWqwQbTkA3vwGUk,Just Lose It,Eminem,64,rap,0.94,0.633,8,-3.56,1,0.0467,0.0581,0.00004,0.281,0.962,121.003,248680,4
6YjKAkDYmlasMqYw73iB0w,Bitch Please II,Eminem,63,rap,0.918,0.586,1,-2.89,1,0.133,0.0783,0,0.145,0.779,95.517,288200,4
62IqYFTACCZ37IKnbbTejy,Rich Ass Junkie,Gucci Mane,68,rap,0.821,0.529,10,-5.66,1,0.176,0.569,0,0.0978,0.146,140.032,192058,4
0mwXfPCm4AMaz9J0Cn7FXJ,Beautiful Pain,Eminem,65,rap,0.682,0.813,6,-4.549,0,0.239,0.0665,0,0.136,0.435,165.439,265025,4
4DQ3DyfQTk7dMwItR9f9ij,Sativa,Jhene Aiko,63,rap,0.746,0.623,6,-6.961,0,0.0676,0.375,0,0.0589,0.732,126.017,239707,4
0PsBtocPPUJqARGnLMcoQD,Saint Pablo,Kanye West,63,rap,0.661,0.771,5,-4.125,1,0.239,0.286,0,0.207,0.433,84.061,372113,4
3yS1KGdl2VA5bMBhqoOVLc,Juicy Booty,Chris Brown,70,rap,0.756,0.598,11,-6.285,0,0.0637,0.0233,0,0.0914,0.731,95.498,273279,4
5EEOjaJyWvfMglmEwf9bG3,Regulate,Warren G,56,rap,0.832,0.588,11,-10.88,0,0.239,0.4,0,0.104,0.716,95.309,250868,4
4Z22Uz5JhtWbkmzojNcdPr,Damage,PARTYNEXTDOOR,73,rap,0.77,0.752,1,-6.468,1,0.15,0.136,0.000009,0.106,0.577,113.203,213348,4
4p3hA9qjCRix74GyuI3Qm5,With You,Drake,64,rap,0.872,0.407,1,-10.036,1,0.239,0.152,0.000188,0.112,0.802,127.97,195053,4
5tsI3xxDHDgzHhn30LTQNz,These Days,Mike Stud,76,rap,0.815,0.364,2,-11.158,1,0.239,0.533,0.000035,0.108,0.328,129.937,268566,4
1n86eBhlqaxWIwi5YZTUok,I Get Around,2Pac,63,rap,0.846,0.42,10,-13.927,0,0.117,0.152,0.000018,0.251,0.633,96.194,259000,4
4bFTxLslBZUNC3Eti9aAtM,PCH,Jaden Smith,67,rap,0.642,0.44,9,-10.909,0,0.0745,0.102,0.002,0.108,0.123,90.939,351202,4
5BtGgEaMNYuXfK69d9FJDs,Shoot (feat. Lil Durk),21 Savage,54,rap,0.759,0.53,9,-8.897,1,0.239,0.00494,0,0.196,0.329,144.058,197303,4
665MFoqsyRtUlPTIiA6kox,Mediterranean,Quality Control,60,rap,0.811,0.656,5,-6.349,0,0.193,0.0277,0,0.132,0.405,155.918,203013,4
7nk7oS0G6qG3ofHUAKbg9F,Da Joint,EPMD,59,rap,0.809,0.467,10,-8.777,0,0.239,0.26,0,0.107,0.78,89.692,208360,4
4go2hxLM6ijk0K76ZY0Nhd,Goldie,A$AP Rocky,72,rap,0.68,0.843,1,-4.919,1,0.239,0.22,0.00003,0.378,0.743,81.958,192067,4
28YLWwEB6xnJQYN7e062rH,Tell Your Friends,The Weeknd,64,rap,0.584,0.455,1,-11.066,0,0.0488,0.246,0,0.181,0.308,74.634,334333,4
6ZA3Q8Dj5BrnmOsT300DCh,Ice Cream Man,Tyga,71,rap,0.902,0.67,10,-4.074,1,0.19,0.167,0,0.107,0.39,144.07,186672,4
0HNAPf0cLMkVQfwPl74kF3,Ass Like That,Eminem,65,rap,0.646,0.796,2,-6.152,1,0.239,0.409,0,0.107,0.676,83.093,265480,4
0JplPzjkOGc8bbwYIjxDQF,Bosses Don't Speak,Quality Control,60,rap,0.823,0.487,2,-8.361,1,0.239,0.0457,0,0.107,0.146,154.915,241506,4
5R443dM3IGHeWtVuro7DQA,Everybody Mad,O.T. Genasis,64,rap,0.858,0.731,2,-4.121,1,0.0961,0.138,0.000017,0.0987,0.431,164.054,199390,4
2BAmF6QyK5IYEOp1TFmt0u,Feel It,Young Thug,68,rap,0.721,0.513,7,-7.882,0,0.121,0.0959,0,0.341,0.31,124.02,236587,4
6qjtmQzqiDXFBxOn1jXuea,Better,Lil Yachty,64,rap,0.744,0.543,9,-7.406,1,0.138,0.269,0,0.273,0.577,135.047,242431,4
3i5h463CsDCWV13a25RgEO,Big Money,Lil Skies,75,rap,0.811,0.642,8,-6.161,1,0.0661,0.000744,0,0.0981,0.546,160.946,155474,4
6KuXb26rHuRy3ZDse1VRmx,Where This Flower Blooms,"Tyler, The Creator",74,rap,0.686,0.429,8,-10.402,0,0.15,0.71,0.000003,0.166,0.27,130.09,194933,4
5gLJFqhjXwsxJdrugDIQDq,Miss My Woe (feat. Rico Love),Gucci Mane,70,rap,0.693,0.682,9,-6.131,1,0.239,0.0918,0,0.186,0.193,159.95,258480,4
2MuJbBWAVewREJmB8WdGJ3,It Was A Good Day,Ice Cube,67,rap,0.78,0.754,5,-5.377,0,0.0949,0.135,0.0339,0.0467,0.81,82.395,260307,4
5SAyUGAbtGxZUTVWJ3KjDR,All Ass,Migos,39,rap,0.836,0.758,8,-5.217,1,0.191,0.00625,0,0.207,0.551,140.021,294658,4
4TCK6dX4XO7rpkr4oOX0dT,Phantom,Smokepurpp,57,rap,0.939,0.617,7,-5.933,0,0.239,0.14,0,0.112,0.68,131.949,145171,4
6epMDLTE0OtSEZeLziJyQm,1000,N.E.R.D,63,rap,0.699,0.89,6,-3.525,1,0.226,0.112,0,0.12,0.721,168.07,243853,4
2haU5pCxv24sIu0XfqW8rT,Kings Never Die,Eminem,39,rap,0.781,0.891,4,-5.28,0,0.101,0.0302,0,0.212,0.0848,112.457,296133,3
0z9ODM22JIanZKK0kWnMiz,Batman,Jaden Smith,56,rap,0.672,0.594,3,-7.594,1,0.107,0.253,0,0.119,0.256,139.943,184929,4
4z5YOiFmoD5G9tln88Up6U,Geek A Lot,Smokepurpp,54,rap,0.884,0.581,0,-5.517,0,0.0442,0.0171,0,0.17,0.481,124.976,107983,4
6sLuPa0hdDfsrksiVNA5Ux,Last Time That I Checc'd (feat. YG),Nipsey Hussle,71,rap,0.717,0.732,1,-4.448,1,0.239,0.0318,0,0.369,0.299,96.077,225587,4
65UcBkHqJoIk33vfxqUzvm,Kites,N.E.R.D,64,rap,0.571,0.725,1,-6.809,1,0.239,0.104,0,0.0856,0.687,200.03,290933,4
2q0VexHJirnUPnEOhr2DxK,Biking,Frank Ocean,75,rap,0.673,0.463,2,-7.247,1,0.191,0.681,0.000005,0.0907,0.268,147.981,277521,4
20bJBbPapGQ4bqs0YcA9xY,Just What I Am,Kid Cudi,59,rap,0.651,0.947,1,-3.186,1,0.119,0.00298,0,0.381,0.427,140.004,228027,4
1rhdERzB2Ry69hVdsEUrhu,B.I.D,Tory Lanez,0,rap,0.76,0.691,10,-5.648,0,0.0758,0.104,0,0.0853,0.547,154.955,164133,4
5l5wRXA7asTNjh3V0oNGPs,Little Bit of Lovin,Roy Woods,62,rap,0.784,0.653,1,-6.022,1,0.0365,0.0126,0.000002,0.317,0.348,108.064,172875,4
2YuurylylBcB0fJ8ho5soN,Childs Play,Drake,66,rap,0.691,0.482,1,-11.14,1,0.231,0.0173,0.000007,0.197,0.305,160.027,241400,4
32FuKOdqY5F8tXYlsesw2x,Big Bucks,Smokepurpp,52,rap,0.823,0.848,8,-5.117,1,0.114,0.0143,0.000016,0.153,0.854,176.052,104328,4
4n6TxUxKF7VBXZSRLGivAC,The Clique,Lil Skies,73,rap,0.615,0.704,10,-6.955,0,0.239,0.135,0,0.132,0.517,158.509,146184,4
01Ch5LzVStxCFPKkT1xg6k,sweet sweet,Travis Scott,68,rap,0.733,0.578,0,-5.245,0,0.0417,0.0859,0.000001,0.381,0.447,142.028,222318,4
0iFOG4Ki9aDmJUYUFHQlPG,Frontin' - Club Mix,Pharrell Williams,67,rap,0.894,0.404,9,-5.913,0,0.13,0.453,0.000002,0.0801,0.759,102.009,236507,4
3eze1OsZ1rqeXkKStNfTmi,Juke Jam (feat. Justin Bieber & Towkio),Chance The Rapper,80,rap,0.505,0.397,5,-9.349,1,0.239,0.716,0,0.0853,0.558,95.063,219683,1
30lAGXMytmKjGVZk9BBC3m,Body Party,Ciara,44,rap,0.577,0.576,2,-6.299,1,0.0563,0.0143,0,0.381,0.12,133.973,234040,4
1CdkNxTlkUWR4ZnXcKES3b,With You,Chris Brown,61,rap,0.662,0.693,3,-4.298,1,0.0698,0.134,0,0.145,0.655,86.009,252120,4
2OKj8eJkeJAd0AcwZAqbhW,Nothing Is Promised (with Rihanna),Mike WiLL Made-It,64,rap,0.753,0.499,8,-7.6,0,0.0976,0.0096,0.000001,0.0994,0.153,135.008,170752,4
3e7KcqiZN4wSrpoHUeYXjY,Voilà,N.E.R.D,63,rap,0.585,0.608,6,-4.506,1,0.226,0.0907,0.000014,0.0911,0.658,154.102,260880,4
7tQg9RleubnqiVWV48q6VL,Heebiejeebies - Bonus,Aminé,67,rap,0.762,0.491,10,-7.618,0,0.161,0.403,0,0.107,0.544,106.999,220160,4
3icso54mMuta7ias69KK2V,Don't Slow Me Down,Chris Brown,61,rap,0.675,0.723,1,-6.467,0,0.155,0.154,0,0.0315,0.798,103.066,152812,4
04GPU9pPyAK3cZAzlfMDZy,Pop Sh*t,Quality Control,56,rap,0.941,0.593,7,-7.87,1,0.237,0.0189,0,0.227,0.315,139.007,266680,4
1asD9F8dfQLxJisFwR2IZ8,Savage Time (& Metro Boomin),Big Sean,59,rap,0.502,0.481,1,-9.418,1,0.239,0.195,0,0.329,0.26,146.96,335333,4
0wdKiSBUT7aZkXUIdJWcwC,2 Phones,Kevin Gates,75,rap,0.895,0.681,7,-5.267,0,0.239,0.157,0,0.189,0.554,121.918,240000,4
5EqJu4TOYqo3dZ08DdLRCy,Immortal,J. Cole,67,rap,0.596,0.422,3,-10.626,0,0.239,0.45,0.000004,0.127,0.264,183.863,201667,4
11OUQj35aQc0EQ8jrGIQyA,Big On Big,Migos,39,rap,0.723,0.768,0,-5.469,0,0.0587,0.145,0,0.172,0.526,142.022,290794,4
7MQywXGHEev7JmwwIzMcao,Love Like This,Faith Evans,60,rap,0.767,0.551,0,-7.328,1,0.0616,0.00364,0,0.0451,0.796,100.904,275707,4
6Bqn71zg1dznO7Ck8ykEWc,Jazz,Mick Jenkins,70,rap,0.636,0.61,8,-9.665,1,0.119,0.25,0.000121,0.113,0.296,125.227,260160,3
2E29VpBfisV30NikNxoyIM,Out Yo Way,Migos,39,rap,0.562,0.758,1,-4.592,1,0.188,0.202,0,0.352,0.573,133.951,288387,4
4XCfYMgUCtoDzu8kgVO5aG,While We're Young,Jhene Aiko,66,rap,0.638,0.791,2,-5.959,1,0.2,0.107,0.000001,0.107,0.818,127.999,236160,4
0MIvebihLNFaMwDrtZg2RX,In Between (feat. BANKS) - Bonus,6LACK,57,rap,0.511,0.648,5,-6.364,1,0.239,0.606,0.00221,0.106,0.3,160.021,205500,4
3Ul6f7ip8dmZ8VuwfB9Xq5,Cloudy Skies,Lil Skies,75,rap,0.708,0.84,7,-4.825,1,0.181,0.138,0,0.227,0.895,151.715,193108,4
5nN8BwAQDJDguq7Dpd3JQQ,Where Ya At,Future,73,rap,0.813,0.453,1,-6.941,1,0.239,0.0933,0,0.14,0.191,161.997,208027,4
6AIte2Iej1QKlaofpjCzW1,With Me,dvsn,72,rap,0.771,0.466,0,-8.651,1,0.0308,0.0314,0.000761,0.31,0.245,110.011,419500,4
3V35bKSSm4usoSPjdaRGMx,Gave Your Love Away,Majid Jordan,69,rap,0.826,0.47,5,-5.487,0,0.0343,0.025,0.00337,0.1,0.541,100.989,285160,4
2NyrXRn4tancYPW6JwtTl2,From The D To The A (feat. Lil Yachty),Tee Grizzley,81,rap,0.851,0.625,10,-5.417,0,0.239,0.195,0,0.266,0.668,99.061,158684,4
3dSGqXMll4UJUohLANG0ce,Do For Love,2Pac,61,rap,0.861,0.638,10,-3.878,0,0.239,0.0516,0.00224,0.065,0.765,95.012,281600,4
3AMnOVxEHUgVrythGgqPhI,Say A',A Boogie Wit da Hoodie,77,rap,0.831,0.814,5,-5.18,1,0.239,0.391,0,0.109,0.846,161.041,214854,4
1KhljCoJ2TgDEldnnfTHHc,Party,Chris Brown,71,rap,0.762,0.576,1,-4.951,0,0.0829,0.0556,0,0.0866,0.316,142.096,221178,4
5t5LlhBKPHhCgHV7w7Zoi8,Skrt Skrt,Tory Lanez,65,rap,0.57,0.653,0,-8.479,0,0.152,0.0191,0.000001,0.133,0.213,96.035,173807,4
0dWOFwdXrbBUYqD9DLsoyK,BLEACH,BROCKHAMPTON,77,rap,0.595,0.657,1,-6.498,0,0.183,0.462,0.000597,0.381,0.718,156.093,273151,4
46qtEi9qJOXxmY0qel1wpN,Crank That (Soulja Boy),Soulja Boy,70,rap,0.732,0.731,0,-2.171,1,0.0924,0.526,0,0.0496,0.799,140.211,221933,4
4hai7Z8BgLKtPpbk7eF5IR,Falcon (feat. Raury),Jaden Smith,59,rap,0.716,0.714,10,-7.735,1,0.239,0.228,0.000215,0.108,0.164,132.975,223903,4
53HSL3LWmPE86tkE2rhwY5,Rapper,Jaden Smith,59,rap,0.731,0.839,10,-5.627,0,0.043,0.114,0.0202,0.169,0.508,139.982,140631,4
7ol8W3NEydMmc0cEvD96Ts,Can't Have Everything,Drake,63,rap,0.856,0.572,1,-8.429,1,0.239,0.0136,0.000002,0.121,0.454,82.445,228438,4
177WEvlLsCc0FzCTWslawr,outside,Travis Scott,68,rap,0.758,0.616,2,-3.471,1,0.239,0.503,0,0.103,0.494,165.906,176488,4
2dkajrtbHM9utkvDjuNdSF,The Passion,Jaden Smith,59,rap,0.527,0.731,7,-4.612,1,0.193,0.36,0,0.111,0.0736,113.882,269702,4
5HmhfuQOiPFowUEjN6ytZk,Ain't Nothing,Juicy J,62,rap,0.769,0.601,1,-8.402,1,0.171,0.0031,0,0.272,0.448,168.996,195347,4
2PLGsORkOCdEI3jTSyO2Id,Loaded,Lil Uzi Vert,71,rap,0.822,0.437,10,-7.815,1,0.239,0.272,0,0.0688,0.314,142.619,219107,4
1H630JHLqODWwqPEaXhn9a,Cold,Post Malone,64,rap,0.658,0.571,4,-7.697,0,0.0432,0.627,0.000005,0.103,0.299,132.993,268933,4
4TNbaUX5szRSr1O5ffM1mq,Don't Tell 'Em,Jeremih,69,rap,0.846,0.527,2,-5.229,0,0.111,0.424,0,0.11,0.404,98.067,266840,4
6G3gXwWR3TwOE6nNiQR2xL,FTW (F**k The World) [with A$AP Rocky & Tom Morello],A$AP Rocky,60,rap,0.482,0.972,0,-4.035,0,0.239,0.00644,0.000025,0.177,0.37,143.759,143413,4
5wUUWVRvrciJqFitZF8R0P,Recognize (feat. Drake),PARTYNEXTDOOR,72,rap,0.643,0.541,2,-5.801,1,0.0426,0.0102,0,0.102,0.165,119.501,311197,4
6dVZCbi9CYtD9LjAHXRjIG,Mask Off - Remix,Future,65,rap,0.72,0.424,2,-11.964,1,0.239,0.0122,0.0126,0.381,0.228,150.01,258427,4
6P4ddDKk7z9qjCJnr8oH57,Sacrifices,Big Sean,62,rap,0.779,0.574,10,-7.637,0,0.239,0.276,0,0.241,0.386,141.969,287320,4
40H5libEZWrbkc8HTlXGbt,Fashion Killa,A$AP Rocky,70,rap,0.794,0.82,11,-5.214,1,0.152,0.315,0,0.381,0.793,140.042,236280,4
6Xt4FODNX6sS2wzSeQjVJJ,Big Fish,Vince Staples,66,rap,0.899,0.551,3,-5.835,0,0.239,0.471,0.000008,0.258,0.738,100.016,198133,4
5c81aMaxjHar9z9IjacKlT,Glock In My Benz,Smokepurpp,62,rap,0.691,0.716,8,-7.066,1,0.0552,0.0065,0,0.0446,0.485,77.246,201721,4
3zmySiBrjkMtbbtKSff2Pd,Lust,Lil Skies,77,rap,0.718,0.767,9,-5.641,1,0.166,0.138,0,0.114,0.519,160.084,156000,4
1Si44I1mrFkOWlL6u9ynr6,"Go Off (with Lil Uzi Vert, Quavo & Travis Scott)",Lil Uzi Vert,62,rap,0.734,0.785,8,-2.819,0,0.0772,0.0229,0,0.259,0.726,88.511,217560,4
0wpbHnOW0zVUtV10LSj9c9,Down On Me,Jeremih,65,rap,0.7,0.598,2,-7.783,1,0.114,0.0369,0,0.111,0.594,160.041,228453,4
05CTGhMQQuBDJ5XkNYz6f4,Ridin',Chamillionaire,66,rap,0.788,0.798,8,-4.68,0,0.0997,0.189,0,0.3,0.836,143.051,303053,4
5XkASmivTgkaJpAJ6HNPUI,Held Me Down,NAV,64,rap,0.826,0.427,1,-8.14,1,0.0884,0.468,0,0.106,0.241,119.994,228107,4
7iaw359G2XT14uTfV9feip,Lockjaw,French Montana,74,rap,0.615,0.648,5,-3.792,0,0.22,0.0411,0,0.277,0.26,169.912,223147,4
3z9xNouuYUaVLizmZdVkpR,Dawsin's Breek (feat. Jeremih),Ty Dolla $ign,67,rap,0.907,0.709,11,-3.339,1,0.0594,0.00963,0.000004,0.106,0.439,129.007,165200,4
3LDus1ZDkyKaaJvMLmBGdM,Up There,Post Malone,64,rap,0.651,0.37,5,-8.223,0,0.0311,0.415,0.000012,0.0923,0.436,72.944,194827,4
4PbhV8BYpnga2zdeSeqhcw,Business,Eminem,63,rap,0.905,0.81,7,-4.538,1,0.211,0.0349,0.000013,0.124,0.486,96.441,251760,4
1m8WpLYXEiNVZchsWEcCSy,Come Through and Chill,Miguel,76,rap,0.461,0.653,6,-8.617,1,0.239,0.158,0,0.197,0.588,81.628,322000,1
2eOf8euAPRGUnl194vqPNy,King Zoo (feat. Fetty Wap),21 Savage,53,rap,0.682,0.594,8,-7.473,1,0.239,0.01,0,0.119,0.277,167.973,195422,4
6Z5XZ8fjmWGbkdahOgreVe,What A Wonderful World,Louis Armstrong,68,jazz,0.273,0.373,5,-9.989,1,0.0341,0.848,0.000241,0.188,0.147,77.591,137467,4
3Bbbz0IGORWZSLf9UqsAL4,Dream A Little Dream Of Me,Ella Fitzgerald,66,jazz,0.631,0.127,0,-15.333,1,0.0949,0.939,0,0.0732,0.322,76.559,182267,4
0aWMVrwxPNYkKmFthzmpRi,Blue in Green,Miles Davis,70,jazz,0.421,0.0161,2,-25.358,0,0.0374,0.81,0.0021,0.0978,0.16,110.926,337733,4
0PrGgNDwfJPNXADJYROvBw,In A Sentimental Mood,Duke Ellington,66,jazz,0.464,0.305,3,-12.435,0,0.0316,0.936,0.0846,0.208,0.282,108.231,255227,4
3PJMsxg6rz9FOo6xNiASXz,Goodbye Pork Pie Hat,Charles Mingus,68,jazz,0.356,0.0937,8,-16.64,0,0.0353,0.957,0.096,0.209,0.278,86.669,342373,3
5p6me2mwQrGfH30eExHn6v,Take Five,Dave Brubeck,61,jazz,0.457,0.219,8,-15.325,0,0.0385,0.545,0.00098,0.0681,0.62,168.55,323067,5
58ylMBq2yqYdHyevarkNWa,I Guess I'll Hang My Tears Out To Dry - 1999 Digital Remaster,Dexter Gordon,65,jazz,0.524,0.222,3,-8.967,1,0.0346,0.907,0.00124,0.0544,0.325,120.71,322000,4
6LRRTTt97J9LnK1D3YcNGB,I Know You Know,Esperanza Spalding,57,jazz,0.578,0.438,2,-11.483,0,0.0696,0.737,0.00877,0.0965,0.79,89.083,225094,4
0488kXJ1YnLMrrM1ssJnev,Monk's Dream - Take 8,Thelonious Monk,60,jazz,0.698,0.278,5,-15.425,1,0.0508,0.572,0.0233,0.105,0.77,81.079,385467,4
79fXdfpOPGaXO1gfdq2onl,All of Me,Billie Holiday,63,jazz,0.507,0.0677,2,-13.766,0,0.0406,0.978,0.000027,0.132,0.355,105.393,181827,5
5L8ta4ECl5zeA6bGqY7G38,"Sing, Sing, Sing",Benny Goodman,61,jazz,0.62,0.67,2,-11.575,0,0.0591,0.853,0.5175,0.156,0.295,113.492,447053,4
6pPr1KLZit9FgFNhp7xE5m,Cheek To Cheek,Ella Fitzgerald,62,jazz,0.648,0.306,0,-13.395,1,0.0883,0.588,0,0.252,0.661,122.027,351893,4
0AX6pLXtyR2vPLv2KYErAg,La vie en rose - Single Version,Louis Armstrong,63,jazz,0.582,0.0766,0,-12.544,1,0.0603,0.866,0.00394,0.091,0.274,70.443,204400,4
5xX8ZeZayna4DQ2Jzth9hu,Blue Train,John Coltrane,45,jazz,0.515,0.387,8,-10.297,1,0.0426,0.829,0.0774,0.195,0.589,133.526,447053,4
1qCQTy0fTXerET4x8VHyr9,What A Wonderful World,Louis Armstrong,64,jazz,0.387,0.257,5,-16.007,1,0.0337,0.789,0.000003,0.118,0.16,106.766,139960,3
5IFsFwlVkt6uzlAVkOOKk3,Let It Snow! Let It Snow! Let It Snow!,Ella Fitzgerald,48,jazz,0.471,0.386,3,-8.139,1,0.0581,0.85,0,0.161,0.861,157.921,162360,4
72PqmnVj86bfTnkFiQ9Mx9,Where We Used To Live,Esbjörn Svensson Trio,61,jazz,0.517,0.0917,0,-18.395,1,0.0336,0.876,0.5175,0.108,0.0836,95.068,267173,4
3CcG6AuBALz8npSdqh0Xtt,I'm In The Mood For Love,Charlie Parker Quartet,40,jazz,0.582,0.354,1,-9.221,1,0.0363,0.738,0.00126,0.243,0.637,130.984,171493,4
0F845nujLVqCb0XMZCh5Pc,I Fall In Love Too Easily - Vocal,Chet Baker,65,jazz,0.532,0.0657,0,-19.136,0,0.0406,0.94,0.00488,0.0946,0.292,128.607,201440,4
1YQWosTIljIvxAgHWTp7KP,Take Five,The Dave Brubeck Quartet,65,jazz,0.454,0.26,8,-13.193,0,0.0401,0.539,0.00078,0.0675,0.598,174.322,324133,5
3MC79TErHHp9FODo2ErBQ1,Django's Tiger - .,Django Reinhardt,48,jazz,0.741,0.572,9,-9.415,1,0.0456,0.957,0.5175,0.107,0.96,112.832,158013,4
4PN5gbJNYWx9yQ6hJepPbG,Summertime,Sidney Bechet,51,jazz,0.644,0.157,7,-16.323,0,0.0407,0.991,0.5175,0.101,0.448,82.251,252267,4
4No7jdqHudqIqvihj9vUGI,Autumn Leaves,Bill Evans,49,jazz,0.611,0.24,7,-16.534,0,0.0387,0.951,0.5175,0.0815,0.586,102.436,360547,4
15VvVzNAne1ndguY5Rh8ji,Mad About The Boy,Dinah Washington,51,jazz,0.391,0.371,5,-8.593,0,0.0299,0.783,0.000158,0.137,0.253,107.814,165653,3
6sLuRhSUn9G6LAUQzxQEOy,Christmas In New Orleans,Louis Armstrong,50,jazz,0.644,0.396,10,-9.649,1,0.141,0.667,0,0.133,0.539,103.964,174893,4
4p4XgwnZJCYOWSvz8ruiOY,"Take the ""A"" Train",Duke Ellington,50,jazz,0.5,0.284,0,-15.59,1,0.0404,0.272,0.0432,0.12,0.576,93.724,332640,4
4l9hml2UCnxoNI3yCdL1BW,My Funny Valentine,Chet Baker,62,jazz,0.438,0.00756,0,-26.44,0,0.0382,0.941,0.00643,0.109,0.277,133.32,141133,4
2kpaRWsZTE96rmw0NBfP0c,I Got It Bad And That Ain't Good,Oscar Peterson Trio,63,jazz,0.448,0.0532,5,-27.35,1,0.0454,0.972,0.5175,0.0863,0.186,99.757,308893,4
4vLYewWIvqHfKtJDk8c8tq,So What,Miles Davis,63,jazz,0.517,0.151,0,-17.266,1,0.0373,0.705,0.00136,0.116,0.21,136.356,447053,4
14S4rsRUOFvHRuC5eSV3fq,Blue In Green (Take 3),Bill Evans,60,jazz,0.452,0.109,2,-19.965,0,0.0471,0.977,0.5175,0.088,0.139,126.29,325787,4
5CaBRn7C7jttA1wWd8eBaH,Sleigh Ride,Ella Fitzgerald,53,jazz,0.507,0.289,1,-12.472,1,0.0528,0.762,0,0.381,0.659,154.776,174150,4
2jz7vSAguRJmBHEA4I6C4N,Footprints,Wayne Shorter,51,jazz,0.515,0.339,7,-16.457,0,0.0283,0.823,0.317,0.109,0.519,135.694,447053,3
6dRx7OUXfvosnXG3g9lWGi,Flamenco Sketches,Miles Davis,63,jazz,0.349,0.0219,2,-21.065,0,0.0425,0.899,0.12,0.0906,0.224,177.92,447053,3
4G3EKvGtqcUSZqPQIWJFxd,Gary's Theme - Remastered,Bill Evans,66,jazz,0.42,0.0802,7,-21.795,1,0.04,0.905,0.5175,0.135,0.0541,122.041,257693,3
73fjTjTG8KSLQ04t5fARWm,Stockholm Sweetnin',Scott Hamilton,61,jazz,0.609,0.299,7,-11.617,0,0.0425,0.835,0.5175,0.113,0.305,120.074,447053,4
5Kwd8HB9VQ12yFSu0dM4Yi,St. Thomas,Sonny Rollins,52,jazz,0.625,0.319,0,-12.803,1,0.113,0.637,0.0755,0.0581,0.692,109.792,235733,4
06UkYE0SZ3Y8zGRFOuWGAe,It's Always You - Vocal,Chet Baker,63,jazz,0.499,0.0341,8,-22.31,1,0.0417,0.923,0.000053,0.131,0.31,81.735,215467,4
3vFVS2WYHDG4KkWCNecvpn,Dream A Little Dream Of Me,Ella Fitzgerald,57,jazz,0.455,0.167,0,-13.613,1,0.0739,0.918,0,0.173,0.404,76.118,185067,4
7rcfs2bBj5mNyiJbBIQ7cc,Cry Me A River - 1991 - Remaster,Julie London,61,jazz,0.455,0.0197,11,-21.882,0,0.0492,0.975,0.000872,0.103,0.127,85.525,174013,3
0A7lfPy7F0a9pXnDIL18FW,"Uptown, Downtown",Bill Charlap Trio,55,jazz,0.541,0.234,11,-16.385,0,0.0347,0.816,0.5175,0.0986,0.39,128.362,360360,4
5HpGwCENDznklPsx4mUkhM,Lullaby Of Birdland,Stan Getz,45,jazz,0.42,0.161,0,-16.707,1,0.0687,0.934,0.0272,0.174,0.569,169.93,146293,4
4xGFcQEIjtmbPD6Jsxq14M,The Girl From Ipanema,Stan Getz,59,jazz,0.641,0.14,8,-16.79,1,0.039,0.867,0.00166,0.105,0.388,129.318,317987,4
2iUrcZcAuVIahQD0dg9HLe,Autumn Leaves,Chet Baker,59,jazz,0.496,0.634,5,-10.328,0,0.0364,0.779,0.402,0.0746,0.606,93.357,423573,4
6crfO56bDm0RjpctUuGs5X,I'm in the Mood for Love,Julie London,64,jazz,0.581,0.0543,0,-14.595,1,0.0466,0.963,0.000274,0.0968,0.175,124.185,149827,4
1xozBLIvfyy5db3kCAUQfm,Chelsea Bridge,Gerry Mulligan,44,jazz,0.523,0.0218,1,-21.006,1,0.0424,0.952,0.302,0.133,0.146,111.039,437107,4
1rCamQVsAQRA23Eoax7Ywm,They Can't Take That Away From Me,Ella Fitzgerald,58,jazz,0.553,0.187,3,-15.315,1,0.0851,0.594,0,0.116,0.411,105.211,278027,4
5Bl1TC8Y1qh3ui6fGSWL5a,The Shadow of Your Smile,Scott Hamilton,63,jazz,0.487,0.135,2,-11.211,0,0.0434,0.915,0.00353,0.381,0.24,105.854,388347,5
5Tc3jxMrSb6QhyFFWuBVAq,Corcovado,Stan Getz,52,jazz,0.523,0.137,9,-16.787,0,0.0468,0.963,0.000601,0.131,0.307,127.086,256000,4
1hVRTl4yhWmGW7ImZoO22e,Naima,John Coltrane,62,jazz,0.303,0.0141,10,-19.759,0,0.0418,0.948,0.0944,0.0792,0.157,171.439,258266,3
2AwOR6uXiSH1vHDbz5vVGi,What A Diff'rence A Day Made,Dinah Washington,58,jazz,0.45,0.127,0,-18.061,1,0.0305,0.922,0.000246,0.115,0.225,93.521,151867,3
3lAbqq1KfahjauwtvBGNg8,Time After Time,John Coltrane,57,jazz,0.605,0.23,3,-10.24,1,0.0358,0.946,0.5175,0.152,0.333,91.495,447053,4
7aIKSEWTEKtsaIsEHn341h,Peace Piece,Bill Evans,59,jazz,0.464,0.0266,0,-20.338,1,0.0532,0.987,0.5175,0.0836,0.0659,132.973,404160,3
5vb7At47uO0yPGfmYnAHuw,'Round Midnight,Miles Davis,61,jazz,0.495,0.182,10,-11.116,0,0.0467,0.79,0.000368,0.129,0.203,112.89,355333,4
5ym30WzGPXzhNn5ynbrHWw,My Little Brown Book,Duke Ellington,61,jazz,0.372,0.187,0,-13.497,0,0.0323,0.942,0.139,0.161,0.217,70.334,319733,4
05d3KM9JTyNnnWIjo8PKvf,Haupe,Duke Ellington,61,jazz,0.415,0.0187,10,-20.209,1,0.0363,0.905,0.194,0.0979,0.14,111.42,156307,4
7JrgVgkA0n4AnAPvC2y6wV,When It's Sleepytime Down South,Wynton Marsalis,58,jazz,0.534,0.128,8,-16.076,1,0.0412,0.852,0.163,0.171,0.347,89.782,309640,4
56IQUfsUskt9VHe6YM6kue,Black Coffee,Sarah Vaughan,60,jazz,0.38,0.155,1,-11.977,1,0.0311,0.973,0.000017,0.0977,0.127,94.23,200440,3
1vP5Ceh1SrfOalU8Yc3XE9,It Never Entered My Mind,Mulgrew Miller,62,jazz,0.446,0.22,3,-17.385,1,0.0362,0.926,0.5175,0.11,0.227,110.368,392733,4
0ANCyKm9Q2rbxllN3BfnoF,It's Only A Paper Moon,Ella Fitzgerald,57,jazz,0.738,0.135,10,-14.292,1,0.0432,0.961,0,0.107,0.675,118.089,154773,4
5KtdndjjwcRPMO6kl129TG,Very Early,Jazz At Lincoln Center Orchestra,49,jazz,0.446,0.454,7,-9.337,1,0.0431,0.749,0.0416,0.381,0.19,125.297,447053,3
634p1xZRLqE0VxePb7ARW6,I Didn't Know About You,Ben Webster,59,jazz,0.469,0.162,1,-12.677,1,0.0332,0.936,0.496,0.0981,0.238,91.839,213960,3
4Tq2fWpX1nLCkMSOPkYb1Y,Moanin',Art Blakey & The Jazz Messengers,61,jazz,0.614,0.233,5,-18.964,0,0.0568,0.827,0.198,0.13,0.448,126.256,447053,4
7KkpZSHhQXcecsB0Hgu4Wd,Desire,Kamasi Washington,56,jazz,0.306,0.65,0,-10.073,1,0.0448,0.553,0.5175,0.136,0.374,88.088,276910,4
2d64G7VaZdHQuAquz5HQNu,That Old Feeling,Chet Baker,58,jazz,0.643,0.175,5,-16.813,0,0.0391,0.633,0.000042,0.143,0.642,78.031,183893,4
1jf3wYtynxiPOdhqAp3cUN,The Masquerade Is Over,Nancy Wilson,61,jazz,0.341,0.0446,10,-18.109,1,0.0348,0.909,0.00785,0.157,0.128,174.365,258107,3
1zWGUFRcV0Uzpo6ByDGBD0,My Romance,Gene Ammons,61,jazz,0.513,0.0435,1,-10.715,1,0.056,0.968,0.5175,0.125,0.339,130.62,252947,4
0NDjQezJaEC1KX9TfwEfzf,Minor Swing,Django Reinhardt,51,jazz,0.58,0.47,9,-8.787,0,0.168,0.933,0.5175,0.098,0.738,202.376,196627,4
01HQIKjcODJCBRFoETqngE,When Sunny Gets Blue,McCoy Tyner,61,jazz,0.427,0.114,2,-22.546,0,0.0509,0.843,0.5175,0.0966,0.114,60.484,282320,4
4vuoL9ldmpmZcXm7RkhQvx,The Nearness Of You,Bill Charlap,64,jazz,0.383,0.131,7,-17.764,1,0.033,0.761,0.194,0.0973,0.101,98.606,447053,4
74DrMrLFqJEqyOx6ucc0vT,Min Soldat (My Soldier),Scott Hamilton,59,jazz,0.462,0.19,5,-12.52,0,0.0369,0.945,0.5175,0.122,0.354,69.725,447053,4
6f6OQJv9qjqyJq9NHin45n,Blue Ballad,Phil Woods,61,jazz,0.47,0.156,2,-17.036,1,0.0399,0.623,0.187,0.104,0.059,118.176,394920,4
4z6d79RAbC5q0VAqPQas8W,I'll Wait And Pray,John Coltrane,62,jazz,0.475,0.0588,5,-17.464,0,0.0418,0.89,0.0238,0.129,0.241,115.642,206360,4
3xXrF1nomzDLLMngfZNmKw,Moonlight Serenade,Kurt Elling,56,jazz,0.371,0.0884,3,-18.251,1,0.0376,0.856,0,0.101,0.158,87.441,262027,4
1EzGtQRzHlP3xNvzNalgvZ,Mood Indigo,Louis Armstrong,55,jazz,0.404,0.0722,5,-17.763,1,0.0421,0.905,0.372,0.122,0.225,70.094,240040,4
0C1ZmUpnsIELhYhpQmbJ1A,The Girl From Ipanema,Stan Getz,48,jazz,0.662,0.192,5,-15.623,0,0.0349,0.906,0.000036,0.0887,0.439,129.807,323493,4
1CDBaGlisZlOJzvx88lL8A,Song For My Father (Rudy Van Gelder Edition) [1999 - Remastered],Horace Silver,59,jazz,0.742,0.671,5,-8.142,0,0.0407,0.794,0.00441,0.122,0.591,127.359,438280,4
6ZgaUtMlUzUf7SqbUUnfbu,Blue Train - 2003 - Remaster,John Coltrane,58,jazz,0.506,0.493,8,-7.759,1,0.0427,0.798,0.00355,0.307,0.584,134.77,447053,4
7pKWTcPfT9mg2iAhobFHpS,Polka Dots And Moonbeams - 1998 Digital Remaster,Bud Powell,61,jazz,0.552,0.171,2,-13.66,0,0.0544,0.955,0.5175,0.122,0.152,102.4,244467,4
6v1OGn4WE6RyXztwuTJBkA,Spring Can Really Hang You Up The Most,Bill Charlap Trio,57,jazz,0.386,0.0481,2,-25.336,0,0.04,0.934,0.5175,0.101,0.0714,148.305,447053,3
5Uftxvqqbi70QdCpLb0fKu,God Bless the Child,Sonny Rollins,63,jazz,0.48,0.0685,2,-17.1,1,0.0345,0.919,0.00513,0.0766,0.142,102.546,445240,4
2BhU0Hl5OatWiCW93pE2b8,Remember - 1999 Digital Remaster,Hank Mobley,59,jazz,0.539,0.403,8,-9.168,1,0.0531,0.794,0.000613,0.278,0.699,165.301,342333,4
5p95DUZplmVxY0XCQ3hxUV,I'm Old Fashioned - 2003 Digital Remaster,John Coltrane,59,jazz,0.394,0.23,3,-10.475,1,0.0348,0.931,0.497,0.0662,0.358,78.319,447053,4
6EzNw49p1ERNH1NEzlrdk2,Young And Foolish,Bill Evans,55,jazz,0.438,0.0172,9,-23.66,1,0.0384,0.973,0.5175,0.0815,0.136,101.01,354667,4
4lj4cW45UP5tQ8AhRxnQi9,Before It's Time To Say Goodbye,Kenny Garrett,60,jazz,0.364,0.114,1,-16.552,1,0.0333,0.857,0.5175,0.0839,0.0575,117.715,317946,3
6EZXO2zjC6KlLbNwc2HDMc,Let's Get Lost,Chet Baker,57,jazz,0.507,0.239,9,-15.099,0,0.0352,0.766,0.000793,0.121,0.514,77.873,225307,4
3gMMHNUrq3rPeUfgQcAJ2H,Pretty Ballad,Keith Jarrett,60,jazz,0.404,0.0602,11,-26.459,0,0.0422,0.861,0.5175,0.381,0.168,106.82,210066,3
7ysmJhXFQtiBQlk6EZ6sks,Journey Into Melody - 2007 Digital Remaster,Stanley Turrentine,60,jazz,0.505,0.159,7,-11.235,0,0.0336,0.946,0.0127,0.218,0.196,59.385,294940,4
7k3YrlUP1DxGe802jjuT1L,Yègellé Tezeta,Mulatu Astatke,55,jazz,0.839,0.233,3,-13.539,1,0.0414,0.745,0.5175,0.105,0.778,125.597,194293,4
5FWn20xrAQ1IdbA8Dml6pj,Si tu vois ma mère - Slow,Sidney Bechet,53,jazz,0.46,0.379,3,-12.862,1,0.0402,0.811,0.5175,0.381,0.61,79.53,193573,4
0Yj7WP1MbAqQVQA5Na4I7E,La vie en rose,Louis Armstrong,57,jazz,0.565,0.118,0,-9.772,1,0.0607,0.859,0.016,0.12,0.352,70.688,205293,4
1cpANF6zMBoFoxkoIjZHjv,Skating In Central Park - Digitally Remastered,Bill Evans,62,jazz,0.478,0.0294,0,-25.319,1,0.0453,0.993,0.5175,0.105,0.148,124.307,324200,3
4WQfAA41hvXY1S9sk0LpGE,"Ruby, My Dear",Thelonious Monk,56,jazz,0.461,0.131,10,-14.808,1,0.0295,0.959,0.5175,0.187,0.109,65.905,381520,4
0oR1TCdp7WjoggutHH3mZl,When Your Lover Has Gone,Ben Webster,57,jazz,0.527,0.0374,0,-22.374,0,0.0389,0.978,0.181,0.107,0.243,109.482,239444,3
3TWPD7mFHt6JSkHLhEYhqO,Romance / Hommage à Milhauld,Enrico Pieranunzi,34,jazz,0.467,0.186,10,-21.056,1,0.0375,0.925,0.5175,0.096,0.172,108.787,285733,4
3ctsORVoVEDUxLpQAL0zOC,Brazil,Django Reinhardt,51,jazz,0.833,0.199,0,-13.781,1,0.0518,0.941,0.5175,0.114,0.831,110.689,168720,4
1hVXZoSAkZ3P5Lp6fKOcgx,Take Five,The Dave Brubeck Quartet,59,jazz,0.447,0.189,10,-17.987,0,0.0396,0.5,0.000742,0.0524,0.653,173.591,324680,5
0iYWtWNtQRUlSZDESD5cnK,Strange Fruit,Billie Holiday,54,jazz,0.405,0.0432,10,-19.576,0,0.0365,0.977,0.000048,0.315,0.0394,120.112,192013,4
4gFlHAye7To29Fs4UszQUH,I Get Along Without You Very Well (Except Sometimes) - Vocal,Chet Baker,59,jazz,0.442,0.033,10,-23.063,1,0.041,0.922,0.000171,0.151,0.21,103.34,179640,3
4nbqUfqKObLWhuUT7PWV1N,Stardust,Ben Webster,57,jazz,0.543,0.127,1,-18.272,1,0.0487,0.982,0.5175,0.0813,0.354,134.034,385219,4
1R0nfyCDDVwaI3ebzbN7D3,Let's Call The Whole Thing Off,Ella Fitzgerald,52,jazz,0.644,0.312,3,-13.538,1,0.199,0.841,0,0.0906,0.582,123.396,255613,4
4IXZjNVYILadTUH7AaF32o,Alone And I - 2007 Digital Remaster,Herbie Hancock,59,jazz,0.411,0.0681,6,-17.935,0,0.0332,0.98,0.5175,0.0971,0.057,101.996,389773,4
2edcrXwukRbhYa5NuM6MT1,The Sound Of Silence,Carmen McRae,53,jazz,0.506,0.394,7,-11.406,0,0.0349,0.86,0,0.105,0.687,106.757,181493,4
0n4aPxuxJ9QojwjNpVD4yT,The Christmas Song (Chestnuts Roasting On An Open Fire),Mel Tormé,36,jazz,0.293,0.108,1,-17.618,1,0.0358,0.929,0.000492,0.112,0.158,131.402,197947,3
2x91iJc0UkFcjRMEZ2CoWB,Freddie Freeloader,Miles Davis,59,jazz,0.638,0.186,8,-15.831,1,0.0347,0.703,0.00103,0.118,0.498,128.372,447053,4
4YhDhdIh1YYVmNUvnYjoRy,Misty,Stan Getz,54,jazz,0.328,0.0421,6,-22.933,1,0.0426,0.993,0.5175,0.0964,0.179,52.793,323227,4
5PLUw46m8RDInYpxf3ddID,A Kiss To Build A Dream On,Louis Armstrong,54,jazz,0.703,0.0907,0,-13.388,1,0.0695,0.863,0,0.321,0.412,88.032,182240,4
52zcHQOJ355IRuUMynZbPm,So Tender,Keith Jarrett,52,jazz,0.373,0.302,1,-20.358,0,0.0376,0.818,0.5175,0.171,0.35,86.925,435267,4
6Q7U4bTozx5kfLjWT81u7P,Mean to Me,Sarah Vaughan,58,jazz,0.623,0.0986,1,-10.503,1,0.0413,0.823,0,0.23,0.524,123.772,172533,4
1UD66TRp6nZuH0CFpKC321,April In Paris,Billie Holiday,54,jazz,0.496,0.127,0,-14.211,1,0.0382,0.927,0.000071,0.132,0.211,74.746,185587,4
41CHb7F7SXcmkj0h8wekeF,Gloomy Sunday - Take 1,Billie Holiday,59,jazz,0.484,0.0823,7,-11.273,0,0.0364,0.98,0.000002,0.159,0.191,127.089,190800,3
0ivpUENLpheuPoa6VuY1ax,Strange Meadow Lark,The Dave Brubeck Quartet,57,jazz,0.53,0.143,8,-17.471,1,0.0423,0.958,0.497,0.278,0.119,125.464,442227,4
16Po3i2Kcsy74jz0lp6fdJ,Love For Sale,Cannonball Adderley,58,jazz,0.582,0.343,5,-8.004,0,0.0428,0.735,0,0.125,0.462,88.144,424640,4
0sCeNwt8xRCMR4NhKpMyBe,Cantaloupe Island - 1999 Digital Remaster;Rudy Van Gelder Edition,Herbie Hancock,58,jazz,0.515,0.583,0,-8.182,0,0.0284,0.749,0.000294,0.123,0.415,116.134,333947,4
2X9U9xIZjgJdUH1iw49fbU,Corcovado,Stan Getz,59,jazz,0.53,0.0902,9,-18.37,0,0.0469,0.926,0.00782,0.286,0.364,126.648,258560,4
08rTZ8jNknn8VBS3v2o8pT,Lullaby Of The Leaves - 1998 Digital Remaster,Gerry Mulligan,61,jazz,0.439,0.082,0,-17.066,1,0.0407,0.972,0.5175,0.0913,0.492,124.69,195160,4
6BDZ7gY8WT9BaVQAljmuWM,Show Me the Way to Go Home,Julie London,59,jazz,0.369,0.152,10,-13.743,1,0.0341,0.924,0.0266,0.108,0.17,86.626,164067,4
3ZD4mt9y6bP2MTEzHMPOM8,Autumn In New York,Billie Holiday,54,jazz,0.587,0.098,10,-15.196,0,0.0607,0.958,0.000007,0.114,0.288,71.523,224333,4
4d3XHYFFuYYzxWr2cJ6yQl,Angel Eyes - Studio,Tommy Flanagan,62,jazz,0.487,0.145,5,-18.67,1,0.0522,0.876,0.5175,0.149,0.142,110.134,349600,4
6Rvz1jM5eUqzNs2Pi8RMTG,I'm a Fool to Want You,Billie Holiday,56,jazz,0.244,0.233,9,-16.583,0,0.0413,0.695,0.00059,0.282,0.262,78.088,203267,5
4LDeMS9KBfmSbL6tQpgv1W,Christmas Time Is Here - Vocal,Vince Guaraldi Trio,57,jazz,0.388,0.145,9,-19.697,0,0.0318,0.978,0.000007,0.0997,0.0911,75.474,166387,3
0DXb75jBHund71iIpnBBZv,On The Sunny Side Of The Street,Dizzy Gillespie,53,jazz,0.662,0.331,0,-12.712,1,0.0581,0.532,0.000125,0.253,0.408,120.228,340960,4
2l8oKGZkOUorqfqPUkssXM,Into Each Life Some Rain Must Fall,Ella Fitzgerald,53,jazz,0.534,0.123,7,-15.149,0,0.0452,0.949,0,0.307,0.418,132.576,187507,4
0KRjJtrKMJRngSPr4jp1Dl,In Your Own Sweet Way,Wes Montgomery,57,jazz,0.565,0.0694,3,-21.971,1,0.0451,0.992,0.5175,0.11,0.0777,121.881,293320,4
12kG2ZXeU850CkWPS2AshB,If You Could See Me Now,Chet Baker,55,jazz,0.505,0.0251,3,-21.22,1,0.0393,0.941,0.5175,0.142,0.175,113.162,318467,4
3pfbQmD5xGH9Tcc7GqGfSL,But Not For Me - Vocal,Chet Baker,56,jazz,0.626,0.152,5,-14.182,0,0.0405,0.934,0.000061,0.12,0.545,82.174,184467,4
3SbdsKmDemJuG5nsBnOz77,The Gypsy (07-29-46),Charlie Parker,55,jazz,0.511,0.156,8,-11.624,1,0.0322,0.949,0.5175,0.22,0.418,137.074,184933,4
3VS1qUm62nDLZJtxd0V2bb,'Round Midnight,Betty Carter,54,jazz,0.286,0.0899,10,-20.082,0,0.0399,0.949,0.000521,0.0819,0.222,50.803,200933,4
4ymHy4hzJ09WxvvT7p0Azy,You Go To My Head,Art Pepper,62,jazz,0.575,0.0935,3,-15.906,1,0.0858,0.978,0.452,0.109,0.301,65.23,258040,4
0XsbCr34semDxq0ZX84BCh,Easy Living,Billie Holiday,59,jazz,0.632,0.134,8,-17.029,1,0.0532,0.985,0.00126,0.285,0.618,89.088,180930,4
2oEvw0AfrT2fPNpEnBwVml,I Hear A Rhapsody - Digitally Remastered,Bill Evans,61,jazz,0.384,0.036,0,-25.958,0,0.0449,0.995,0.5175,0.13,0.116,172.997,280027,3
6kXSVoByQngZxSqX4kSGgF,A Nightingale Sang In Berkeley Square,Stan Getz,55,jazz,0.407,0.106,1,-19.078,1,0.0375,0.973,0.0762,0.123,0.233,94.231,418000,4
3qPQxLOF4cAi7rvHUn4cqE,Minor Swing,Django Reinhardt,47,jazz,0.58,0.47,9,-8.787,0,0.168,0.933,0.5175,0.098,0.738,202.376,196627,4
7nOlpGbbxIBBIQyCGMtPyy,Can't We Be Friends?,Ella Fitzgerald,51,jazz,0.679,0.295,0,-13.203,0,0.0621,0.505,0,0.114,0.543,111.037,225507,4
5n5xLwT3ZbXzLoIcRd3Ggn,Blue in Green,Miles Davis,52,jazz,0.436,0.0371,2,-20.732,0,0.0367,0.785,0.00142,0.111,0.157,112.391,335293,4
4N7iWwgqcWr3p5JzngOSEF,"I Was So Young, and You Were So Beautiful",Bill Charlap,57,jazz,0.317,0.0302,1,-30.447,1,0.0342,0.94,0.298,0.0792,0.165,47.859,234373,4
5qRJZGqWHMpKRxk8rmAVto,Gloomy Sunday,Branford Marsalis,54,jazz,0.421,0.0967,7,-16.441,0,0.0509,0.91,0.415,0.218,0.183,77.401,447053,4
4zPDjRgceGrR0Sm54YDTTf,Autumn Nocturne,Lou Donaldson,59,jazz,0.539,0.0678,0,-18.039,1,0.0468,0.967,0.168,0.114,0.263,124.105,294667,4
3KboHHG47mUUVS8icrufAb,Smooth Sailing,Ella Fitzgerald,51,jazz,0.564,0.465,6,-6.656,1,0.0475,0.806,0,0.0868,0.544,118.713,186027,4
6J973mNweqCDzoGfl2v8SA,My Foolish Heart,Bill Evans Trio,56,jazz,0.396,0.127,9,-23.48,1,0.0338,0.928,0.5175,0.381,0.126,117.802,297320,4
3QuSHJUfvuOyeKMS32Wckj,April In Paris - 2007 - Remaster,Thad Jones,55,jazz,0.509,0.224,0,-11.123,1,0.0327,0.736,0.301,0.327,0.17,112.355,403360,4
6QqXTZUL8O3y46rgDEWnsm,Stardust,Bobby Hutcherson,57,jazz,0.352,0.0351,1,-22.254,1,0.0347,0.975,0.5175,0.193,0.21,56.16,323600,4
2ALXKyI9lB1HoIwJh7I2v0,Petite Fleur,Sidney Bechet,43,jazz,0.502,0.239,7,-12.21,0,0.0513,0.626,0.193,0.0739,0.401,82.801,198107,4
5o3DSHw1ORhM3lWxqGRvEf,All Blues,Miles Davis,56,jazz,0.508,0.149,0,-18.305,1,0.0313,0.771,0.00474,0.115,0.365,139.444,447053,3
6oWhUfePc5h9r5pfw7wvPN,Midnight Special - 2007 Digital Remaster,Jimmy Smith,55,jazz,0.704,0.277,0,-11.675,1,0.035,0.814,0.5175,0.0845,0.322,90.38,447053,4
14aFuIi1l2arBrZfBv9fBP,Good Morning Heartache,Scott Hamilton,58,jazz,0.526,0.17,9,-13.089,0,0.0411,0.823,0.5175,0.114,0.18,117.414,322133,4
1LGqJ3nvxpVXDWpEzq4DJD,All of Me,Billie Holiday,58,jazz,0.504,0.0644,2,-14.754,0,0.0408,0.972,0.000004,0.174,0.403,106.994,181440,5
7hbpUZY7qsDPBe9X2juJEz,Fools Rush In,Teddy Wilson,58,jazz,0.633,0.12,5,-20.066,0,0.0428,0.971,0.5175,0.121,0.456,115.51,149072,3
2Smeb5R5N2aCYAi7cIhema,I Got It Bad,Enrico Pieranunzi,57,jazz,0.479,0.146,7,-14.319,1,0.0351,0.988,0.5175,0.103,0.07,111.643,440133,3
5dsv7YoyEUjMdMGeZMHzKD,Let's Do It (Let's Fall In Love),Ella Fitzgerald,50,jazz,0.357,0.247,5,-11.376,1,0.0296,0.661,0,0.0904,0.385,79.075,215520,4
21WlpZiXLelHjdoMUhHfrm,My One And Only Love - Digitally Remastered,Chick Corea,57,jazz,0.351,0.209,10,-23.533,0,0.0361,0.819,0.5175,0.102,0.448,159.504,216707,4
2JR1WeETsXmFR1kRC2oXXq,Where or When,Wynton Marsalis,59,jazz,0.326,0.0575,4,-16.5,1,0.0393,0.99,0.5175,0.281,0.301,127.397,168667,5
01mFpTUcP7nVifvbnUD04T,Plus Je T'embrasse,Blossom Dearie,45,jazz,0.617,0.192,5,-13.926,0,0.0751,0.9,0,0.102,0.415,133.65,149773,4
1tckg6GRaTodmxnDd4Cxkl,Cantaloupe Island,Herbie Hancock,53,jazz,0.485,0.551,0,-11.115,0,0.0283,0.39,0,0.0814,0.452,116.162,330093,4
3xAXSXOjOGs8Uk8Djp2BAw,Jump For Joy - 2007 Remastered Version,Sarah Vaughan,55,jazz,0.551,0.304,6,-9.711,1,0.0645,0.831,0,0.0907,0.559,128.974,147560,4
3MhbB5T6ZickGjX7Plty7x,Frosty The Snowman,Ella Fitzgerald,54,jazz,0.579,0.502,8,-7.57,1,0.0513,0.733,0,0.281,0.836,76.816,131733,4
2JOEPbuwVf0nafGnMSVEhH,My Favorite Things,John Coltrane,53,jazz,0.277,0.242,4,-18.442,1,0.0342,0.694,0.464,0.113,0.285,175.384,447053,3
364WrvvlA619RFuGgZyJo3,Dream A Little Dream Of Me,Ella Fitzgerald,52,jazz,0.552,0.236,0,-9.631,1,0.0626,0.914,0,0.246,0.363,111.124,184853,3
5oGTAeeyS6ju9zFrk56ckZ,Tranquillity - Digitally Remastered,Bobby Hutcherson,56,jazz,0.299,0.0272,2,-21.701,0,0.0567,0.979,0.5175,0.0887,0.0526,178.156,303160,3
738UBBqX2dCkoS6rg1e40Y,"Bewitched, Bothered, And Bewildered",Ella Fitzgerald,50,jazz,0.344,0.108,5,-16.631,1,0.0477,0.971,0,0.0961,0.263,61.188,423493,4
71tjsDvB4EMJqNG8EMmFnb,Comin' Home Baby,Mel Tormé,54,jazz,0.632,0.368,7,-14.901,0,0.061,0.65,0,0.189,0.773,143.121,165360,4
7moJWeYfMTr7iWgSHvwF7Y,I Wish You Love - 2004 Digital Remaster,Nancy Wilson,53,jazz,0.659,0.248,10,-11.169,0,0.0573,0.861,0,0.19,0.647,115.118,120133,4
6TMoKdGcSIHjLfyzINFB5X,Tenderly,Sarah Vaughan,57,jazz,0.209,0.125,7,-15.836,0,0.0412,0.903,0,0.136,0.0723,69.563,151373,5
1xicvSO4CJ2ymqYgpk7DFh,Milestones,Miles Davis,55,jazz,0.553,0.546,9,-7.459,0,0.0341,0.442,0.000514,0.167,0.7,118.215,342067,4
0lKUEcJpGcox2NiEVFy9KX,Practical Arrangement,Kurt Elling,50,jazz,0.315,0.0982,11,-17.351,0,0.0398,0.967,0.00336,0.163,0.196,79.229,447053,5
2sZ1zWeLaquu9tx8IUMuh7,The Folks Who Live on the Hill,Joshua Redman,57,jazz,0.428,0.3,0,-8.885,1,0.034,0.937,0.5175,0.168,0.235,122.667,240093,5
03x1ZsOsXt9bhGkMC0mpsE,Sicilyan Dream,Enrico Pieranunzi,30,jazz,0.362,0.31,5,-16.595,1,0.0311,0.869,0.5175,0.106,0.311,87.633,277827,4
5bF6crgJa5Q58IWgbdUbuO,Isadora,Christian Scott aTunde Adjuah,52,jazz,0.257,0.216,8,-16.266,0,0.0365,0.903,0.134,0.0979,0.192,65.125,376573,3
1xlyVmdCo5lMRIzuMlAUF7,I'm Glad There Is You - 1992 - Remaster,Julie London,57,jazz,0.49,0.0671,10,-15.671,0,0.0401,0.958,0.000968,0.109,0.166,125.392,147413,4
2xJFkGXMv2NT1sHBzh5KyP,Born to Be Blue,Chet Baker,52,jazz,0.377,0.197,1,-15.368,1,0.0515,0.736,0.00406,0.0943,0.243,68.739,246160,4
6OZ210lsvCsoIqjBZcGYvm,Out Of Nowhere,Django Reinhardt,49,jazz,0.673,0.218,8,-15.757,1,0.0683,0.891,0.5175,0.182,0.585,121.352,200253,4
0iEtT7O43pat2fu6jdaCKl,Sunday,Ben Webster,51,jazz,0.629,0.283,0,-17.384,0,0.0436,0.816,0.000437,0.192,0.862,104.739,237447,4
2tQlX0qPTTw8HrsoyaB0k8,Questar,Keith Jarrett,48,jazz,0.468,0.391,2,-13.196,0,0.0269,0.658,0.0617,0.111,0.342,142.413,447053,4
5LaTsDrhrpXwLniidLpnF7,I Remember Clifford,Lee Morgan,58,jazz,0.368,0.14,0,-15.005,0,0.045,0.901,0.5175,0.0688,0.172,61.758,428973,4
52UTCfaLC4h7E2y3NrXYvy,Greensleeves,Coleman Hawkins,52,jazz,0.456,0.0414,7,-16.756,1,0.0336,0.968,0.5175,0.107,0.175,69.883,192533,3
08bDENJmNw25qUMMzpAosD,Go Down Moses,Louis Armstrong,41,jazz,0.643,0.196,0,-10.825,0,0.037,0.567,0,0.216,0.333,105.886,221240,4
0gPxAMKPYhnFSAKkBcy3UN,Where Do You Start,Brad Mehldau Trio,56,jazz,0.411,0.0416,1,-23.23,1,0.0414,0.96,0.5175,0.064,0.0782,97.96,246067,4
2ZpgLllvUoOivQORsHAhmV,Almost Like Being in Love,Red Garland,48,jazz,0.56,0.345,0,-12.579,0,0.0415,0.877,0.378,0.102,0.704,93.78,290293,4
52yEkn1b6BiOZad3x7x6PP,I'll See You In My Dreams - .,Django Reinhardt,49,jazz,0.765,0.522,5,-12.037,1,0.0339,0.931,0.5175,0.102,0.84,112.747,153333,4
08lUeu1CxXvAoaKkemoEk8,Over The Rainbow - Digitally Remastered,Lou Donaldson,55,jazz,0.371,0.0823,3,-20.45,1,0.0352,0.963,0.49,0.0838,0.0789,106.146,431267,4
3afCxJceMqMAFYOJNFHomm,2/3's Adventure,Jazz At Lincoln Center Orchestra,49,jazz,0.477,0.721,0,-7.192,0,0.0523,0.656,0.0451,0.381,0.636,116.277,447053,4
4iCOzZYiSCljWB7D7t87JT,The Sequel,Mulgrew Miller,50,jazz,0.538,0.366,9,-13.043,0,0.0289,0.685,0.5175,0.0554,0.269,127.718,447053,4
1wl5b2lw3YagQtZiYZbQWP,'Round Midnight - 1998 Digital Remaster,Thelonious Monk,59,jazz,0.542,0.32,8,-9.975,1,0.0387,0.907,0.5175,0.0609,0.206,116.648,193840,4
3hY3MPL9hAITPgVfiVlL5K,Stella By Starlight,Joe Lovano,54,jazz,0.581,0.163,0,-16.612,0,0.0547,0.926,0.5175,0.116,0.448,88.101,347773,4
1czzmAtPTw287TyMQEfCfg,Ruby My Dear,Roy Hargrove,54,jazz,0.412,0.195,8,-10.288,1,0.0331,0.9,0.5175,0.106,0.0778,133.918,372493,4
77b1v5Vohuobvvu61VrhKR,The Sidewinder,Lee Morgan,54,jazz,0.485,0.454,8,-12.676,1,0.034,0.442,0.000031,0.0866,0.809,151.069,447053,4
22ckf5hC1cnHnFPY6pxINQ,Oh My Love,Jacky Terrasson,45,jazz,0.535,0.0889,1,-16.771,0,0.0384,0.968,0.00213,0.116,0.265,122.339,287933,4
4Wzym5Rbnn8Ny8rFqEObm1,Só Danço Samba,Stan Getz,53,jazz,0.611,0.279,8,-12.032,1,0.0554,0.838,0.438,0.131,0.677,81.546,214733,4
2R9KveaVtFgiiEC6KSF9un,A Hundred Dreams from Now,Ray Bryant,56,jazz,0.384,0.0544,0,-19.791,1,0.0485,0.967,0.5175,0.115,0.31,181.262,206040,3
7LohM56jH2aS3HZkwTKDFs,Just A Little Lovin',Carmen McRae,52,jazz,0.433,0.41,4,-13.084,0,0.0519,0.774,0.000003,0.11,0.465,115.25,132987,3
1N8kgdsicbNkQE0QettJvg,Birth,Keith Jarrett,52,jazz,0.392,0.119,5,-18.487,1,0.039,0.959,0.5175,0.0972,0.179,103.886,376546,4
4qRJ7ZJyfzchEd2fjle7Bz,Search For Peace,McCoy Tyner,56,jazz,0.456,0.222,0,-16.879,1,0.0354,0.938,0.5175,0.24,0.15,112.725,392000,4
0ADAFZE0bYIuaIyPNFl3LE,Blue Skies,Art Tatum,55,jazz,0.443,0.0711,1,-20.146,1,0.0486,0.989,0.5175,0.101,0.596,175.02,172293,4
0m560umx98aGNhKQvrFZMT,It Never Entered My Mind,Miles Davis Quintet,48,jazz,0.458,0.227,8,-10.74,1,0.0308,0.892,0.000046,0.0941,0.132,115.516,323187,4
63xwVcIfkULt6pESLlvYwh,Strange Fruit,Billie Holiday,49,jazz,0.347,0.0585,0,-15.005,0,0.0473,0.961,0.000002,0.0866,0.184,172.719,182520,4
0SaglQ62rwUOu3h2c4HnS2,Speak Low,Billie Holiday,46,jazz,0.627,0.274,0,-12.764,0,0.0482,0.941,0.00108,0.094,0.523,116.621,269147,4
3X3p3u03P8eFL8WTH0oaaU,Fair Weather - 1991 Digital Remaster,Art Farmer,53,jazz,0.615,0.204,7,-16.075,1,0.0439,0.872,0.382,0.071,0.496,96.47,344067,4
3MhWFpRMVEyZ9QXGIb5RJK,The Nearness of You,Joshua Redman,57,jazz,0.447,0.163,8,-14.835,1,0.0707,0.992,0.5175,0.381,0.197,74.933,447053,3
0vwTHK0RI01avuLIrAHp8C,It Ain’t Necessarily So,Mary Lou Williams,47,jazz,0.586,0.139,4,-22.365,0,0.0381,0.938,0.5175,0.103,0.197,125.886,285000,3
7tQ7e28gdQNhLcIbqc1PXY,Turiya & Ramakrishna,Alice Coltrane,52,jazz,0.419,0.299,6,-14.675,1,0.0306,0.915,0.5175,0.111,0.124,111.232,447053,4
1PDhGWgfGZp7JYEu89TVEF,Rudolph The Red-Nosed Reindeer,Ella Fitzgerald,51,jazz,0.598,0.315,8,-9.175,1,0.0429,0.961,0,0.258,0.641,119.846,171773,4
6vWkMerIb8fzLSeYQ7iCCi,Eleanor,Hank Jones,52,jazz,0.396,0.0422,10,-29.326,1,0.04,0.974,0.5175,0.0933,0.0946,63.918,289693,4
0Otf1ZfYNIjhqFIuJk0fsy,Tea for Two,Art Tatum,54,jazz,0.358,0.452,1,-13.02,1,0.0347,0.991,0.5175,0.14,0.525,166.973,193867,4
5wRlH3diPDfn9jv91hxkUy,Emperor Jones - Instrumental,Joe Lovano,57,jazz,0.336,0.328,7,-15.005,0,0.0386,0.93,0.5175,0.111,0.222,184.007,314493,3
2crYENoCEwqctG0Fg9myvm,Solid As A Rock,Ella Fitzgerald,48,jazz,0.608,0.366,8,-8.635,1,0.0466,0.807,0,0.0887,0.621,74.327,180047,4
1Lh7U5c3EvLBb6lSgHVFlR,All The Things you Are,Charlie Parker,54,jazz,0.594,0.115,8,-14.916,1,0.044,0.99,0.5175,0.107,0.456,126.902,170626,4
42gjKLOPmC7rjXZpDdTHcO,Is You Is Or Is You Ain't My Baby - 2002 Remastered Version,Dinah Washington,54,jazz,0.623,0.438,9,-9.336,0,0.0475,0.624,0,0.0886,0.661,114.283,203467,4
5Fd4nImQnhc6TvnlIqn7ag,The More I See You,Chet Baker,46,jazz,0.581,0.305,2,-10.952,1,0.0394,0.771,0.000006,0.0975,0.354,74.139,186467,4
0Y9yi1QKvSu02IBuQD9u43,Les yeux noirs (Dark Eyes),Django Reinhardt,44,jazz,0.709,0.33,10,-15.262,1,0.13,0.781,0.5175,0.114,0.628,131.502,133867,4
414J8tKHbtF16XOiHGBEso,Tezeta (Nostalgia),Mulatu Astatke,55,jazz,0.546,0.355,5,-10.199,0,0.0368,0.954,0.5175,0.0891,0.5,81.054,376640,3
6CvQt9Kw5q46jq5o5L70xb,Alone Together,Chet Baker,48,jazz,0.441,0.0319,2,-19.168,0,0.0357,0.872,0.5175,0.088,0.113,110.471,413787,4
5hbNSo9Ckl7ku8664sn0Jj,Fly Me to the Moon (In Other Words),Julie London,52,jazz,0.335,0.508,5,-11.763,1,0.0473,0.698,0.000382,0.0788,0.767,86.298,159107,4
4Mdo6FZj42vID4oDi6P4ZW,Misty,Stan Getz,56,jazz,0.328,0.0421,6,-22.933,1,0.0426,0.993,0.5175,0.0964,0.179,52.793,323227,4
0jsezJ6ZF2MjxTGIqSQfWC,Para Machuchar Meu Coracao,Stan Getz,51,jazz,0.595,0.11,3,-18.383,1,0.0428,0.953,0.368,0.0889,0.392,130.559,309813,4
0T1EaGm6b9eM7xBf4F1hlc,Maiden Voyage,Herbie Hancock,54,jazz,0.468,0.459,0,-9.706,0,0.0305,0.718,0.00323,0.0944,0.179,124.346,447053,4
6MIa10mpQQ3dEiaw8TA8JA,I'll Be Seeing You,Billie Holiday,52,jazz,0.355,0.0304,1,-20.479,1,0.0361,0.989,0.0555,0.116,0.188,90.495,211533,3
1b0JX1Z8a9n57HnwY5VvS2,Hit The Road Jack,Shirley Horn,48,jazz,0.659,0.275,2,-17.4,0,0.0507,0.676,0.000028,0.0965,0.434,146.242,191827,4
7CXOQyn0vaqVU760ZS2haF,Só Danço Samba,Stan Getz,42,jazz,0.603,0.424,2,-12.614,1,0.0391,0.706,0.0216,0.106,0.74,80.548,217493,4
4bBIADw4urJPkcx0YOfEIo,I Have Dreamed,Christian McBride,57,jazz,0.331,0.0861,5,-21.226,1,0.0354,0.918,0.5175,0.106,0.152,107.436,447053,4
0IffIW3eyCx9aZ36IqOu5o,Infant Eyes - 1999 Digital Remaster,Wayne Shorter,59,jazz,0.34,0.0837,3,-12.072,1,0.042,0.985,0.5175,0.0945,0.119,138.689,414240,3
4CZfPaDW5madfScpZl0nDU,Ahmad's Blues,Ahmad Jamal,55,jazz,0.508,0.15,5,-20.844,1,0.0418,0.99,0.5175,0.144,0.252,173.36,174000,3
4sY33sSLZ6EQpFkEJ1OaAE,Trust,Roy Hargrove,49,jazz,0.403,0.308,1,-14.365,1,0.0374,0.904,0.5175,0.121,0.0596,116.095,326893,4
5RWzKLxXVzkJQ702yWfp1w,Fables of Faubus,Charles Mingus,52,jazz,0.518,0.159,5,-16.645,0,0.06,0.457,0.0724,0.175,0.351,63.841,447053,4
6ONQSFcleX0cAM3Nm9LnhR,Sunny,Erroll Garner,51,jazz,0.708,0.484,10,-13.097,0,0.0336,0.817,0.5175,0.0876,0.606,124.525,199400,4
34kIyymV7NfZz1oN8OG3x3,Blue Monk,Thelonious Monk Trio,45,jazz,0.433,0.349,3,-16.956,1,0.0407,0.607,0.0912,0.141,0.668,143.895,447053,4
3Ysj0cl3Jlb6Ysp6um8QI7,Along Came Betty,Art Blakey,53,jazz,0.665,0.359,1,-8.887,1,0.0326,0.801,0.106,0.145,0.4,111.639,368747,4
7flQESHoCoDzirWF4IkKGq,Scrapple From The Apple,Charlie Parker,54,jazz,0.417,0.397,5,-11.683,1,0.0558,0.982,0.5175,0.185,0.737,201.162,161427,4
6NF8MZ2trxckVBr82pyyPt,"Mercy, Mercy, Mercy - Live",Cannonball Adderley,52,jazz,0.544,0.425,10,-10.231,1,0.0346,0.719,0.0186,0.381,0.348,84.443,313200,4
1AIwuvSj3Vz20rssOql5Vj,Ain't Nobody's Business,Scott Hamilton,50,jazz,0.602,0.205,6,-12.557,1,0.0413,0.863,0.000024,0.0929,0.218,72.197,288760,3
5sn5E8HsUitOsC70O26l4i,"New York, New York",Duke Ellington,52,jazz,0.541,0.256,5,-16.317,0,0.0892,0.99,0.5175,0.213,0.574,62.84,168907,4
0wvbb2MxlokwqSvbeoOOHv,Interlude No. 3,Keith Jarrett,58,jazz,0.511,0.00211,3,-24.812,0,0.195,0.993,0.5175,0.113,0.255,107.949,77533,5
5kapVb34raTBsynt0Zj6qw,Bossa Antigua,Paul Desmond,52,jazz,0.513,0.292,5,-18.232,0,0.0579,0.925,0.5175,0.0824,0.566,97.087,282560,4
6PdC87pNlAOBZFRVhk2c3Q,A Taste of Honey - Live,Paul Desmond,53,jazz,0.492,0.151,5,-18.015,0,0.0421,0.918,0.00352,0.11,0.214,124.919,271000,3
1EyUm0LOlwi8Yxp9BFq1Hg,People Will Say We're In Love,Ella Fitzgerald,46,jazz,0.304,0.309,8,-11.466,1,0.0292,0.753,0,0.115,0.348,135.199,194333,4
7dMWiyYYkxNC0mz90Ni9L3,Blues Walk,Lou Donaldson,49,jazz,0.651,0.252,5,-16.168,0,0.0588,0.804,0.0287,0.0942,0.428,121.262,403200,4
1Rph9i0FWKDa9Aq9H4iiMx,I'll Wait And Pray,John Coltrane,52,jazz,0.475,0.0588,5,-17.464,0,0.0418,0.89,0.0238,0.129,0.241,115.642,206360,4
5qO7Q3eCQXy23rgu8hkjy7,Cry Me A River,Dinah Washington,49,jazz,0.263,0.22,5,-16.455,0,0.0344,0.826,0.00167,0.0747,0.334,94.358,150893,3
3dm6E1Dl2EdEB4GO1PMBR4,Isn't This A Lovely Day?,Ella Fitzgerald,47,jazz,0.458,0.0733,0,-16.731,1,0.0548,0.788,0,0.0857,0.175,81.847,374267,4
6sdGmxCEwzEt3VQ4mZ9Mls,There's A Small Hotel,Bill Charlap Trio,44,jazz,0.61,0.15,9,-20.559,0,0.0352,0.852,0.5175,0.106,0.205,104.815,401493,4
22YQBNc1X32Z43ZmcrGE8J,I Get A Kick Out Of You,Ella Fitzgerald,45,jazz,0.323,0.259,8,-12.67,1,0.0322,0.748,0,0.279,0.36,131.778,255480,4
4zxd4tiXPlWMqoJltbVTbE,Stella By Starlight,Miles Davis,54,jazz,0.485,0.144,10,-12.824,1,0.0362,0.912,0.000114,0.0965,0.246,86.143,284560,4
2ntBZKDYj8NgS4nS15gnZe,A Foggy Day,Bill Charlap,47,jazz,0.527,0.0671,2,-22.068,0,0.0348,0.875,0.5175,0.105,0.219,93.963,447053,4
74WNnuabBIl6F2H0fBLhEr,The Boy From Ipanema,Nancy Wilson,50,jazz,0.601,0.446,0,-10.925,0,0.0604,0.834,0,0.154,0.404,141.064,134213,4
50k9ezYU7sRIO26eZ5ceMr,Quiet Nights Of Quiet Stars (Corcovado),Oscar Peterson Trio,50,jazz,0.607,0.336,2,-18.634,0,0.0591,0.784,0.5175,0.113,0.45,90.73,171750,4
2jA4m3C14UaGg3OlhN5jga,This Bitter Earth,Dinah Washington,46,jazz,0.31,0.242,1,-14.263,1,0.0364,0.873,0.00164,0.344,0.292,128.238,146333,4
1ZqkIwpnF41kBnzugdxWyB,Moonlight In Vermont,Stan Getz,52,jazz,0.235,0.298,1,-12.598,1,0.0363,0.844,0.0624,0.17,0.335,176.213,145360,1
0arG7zWVEoVuJ2Mf4v7sQM,The Best Things in Life Are Free,Scott Hamilton,50,jazz,0.622,0.357,3,-11.55,1,0.0444,0.771,0.000006,0.113,0.547,112.499,202293,3
188SJ6I2bTyg9pOr1PDViR,Dat Dere,Mel Tormé,52,jazz,0.495,0.246,0,-15.095,0,0.043,0.831,0,0.0752,0.659,125.562,178733,4
1WjCGtkQQZGyTLa1kFpbGk,Sunshine of Your Love,Ella Fitzgerald,46,jazz,0.51,0.457,8,-8.056,1,0.0466,0.163,0.000063,0.366,0.634,109.327,197973,4
2ExI2HJwAPqXs2eWfHb1uX,Falsa Baiana,Stan Getz,51,jazz,0.551,0.448,2,-11.286,1,0.0311,0.856,0.221,0.307,0.662,87.165,301773,4
0tUq1zaYNoV6ZiYRU2bjqf,On Green Dolphin Street,Miles Davis,54,jazz,0.429,0.304,8,-12.261,1,0.0436,0.742,0.000674,0.175,0.361,75.075,447053,4
4o9npmYHrOF1rUxxTVH8h4,Stormy Weather,Oscar Peterson,54,jazz,0.6,0.177,7,-16.07,1,0.0561,0.989,0.5175,0.149,0.56,120.03,213387,4
2kF9Ijd7I2Kk2P4bYqUmzG,Midnight Blue,Kenny Burrell,52,jazz,0.652,0.356,5,-13.733,0,0.0419,0.546,0.000103,0.132,0.56,148.822,242347,4
1eQROF2roCViAN1uvdCulo,There Will Never Be Another You,Lester Young,51,jazz,0.594,0.038,0,-17.945,0,0.0559,0.978,0.5175,0.118,0.343,83.93,205667,4
1guCfPEDYmDoyGz7xtrPsc,Blue and Sentimental,Oscar Peterson,57,jazz,0.551,0.114,3,-24.78,0,0.0451,0.977,0.5175,0.141,0.124,70.141,146093,4
06ErXnqQcgWMOk6KzSmfbn,Bags' Groove - 1988 Digital Remaster,Milt Jackson,47,jazz,0.495,0.254,0,-12.966,0,0.0498,0.891,0.00226,0.243,0.719,175.003,186067,4
3IUX5LP1PJrneT8YRmZ3zY,Cantaloupe Island,Nat Adderley,46,jazz,0.616,0.395,0,-16.249,0,0.0307,0.754,0.00223,0.0789,0.615,117.997,438133,4
7D0Vzk7rZ6ncTFZj3AqT84,Django's Tiger - .,Django Reinhardt,43,jazz,0.741,0.572,9,-9.415,1,0.0456,0.957,0.5175,0.107,0.96,112.832,158013,4
5URXkLrmpRSMXy9gnVdOI0,Key Largo,Sarah Vaughan,54,jazz,0.407,0.086,7,-15.784,1,0.0396,0.974,0.000001,0.101,0.129,84.069,210333,4
3rFzc8CLVDZ7OOtFa2jPYP,Moanin',Charles Mingus,50,jazz,0.488,0.476,5,-10.316,0,0.0497,0.438,0.000279,0.11,0.583,110.951,447053,4
77jWYo4bR2WuhCwCMIKkpw,Phases,Christian Scott aTunde Adjuah,48,jazz,0.362,0.512,6,-7.793,0,0.0477,0.56,0.5175,0.22,0.231,55.058,255179,4
5P9HFY2hkZjuLHEudoEa28,Ode To Billie Joe - Digitally Remastered 94,Nancy Wilson,47,jazz,0.418,0.531,6,-11.441,1,0.1,0.783,0.000002,0.127,0.612,94.066,319067,4
1doco5bF8axa50sq0Ko1Mh,Georgia On My Mind,Django Reinhardt,44,jazz,0.7,0.104,7,-18.091,0,0.0656,0.972,0.0739,0.28,0.586,127.026,193573,4
2FlfdSY89MD5OqCi7nyN5b,No Love,Christian Scott aTunde Adjuah,48,jazz,0.592,0.463,4,-9.026,0,0.031,0.229,0.5175,0.0979,0.34,93.686,370058,4
3dg1KOZoG8DpV6s7hYkPe4,Dear Old Stockholm,Scott Hamilton,56,jazz,0.576,0.211,7,-14.661,0,0.0436,0.909,0.5175,0.199,0.29,133.588,447053,4
5gE7PaXcit4z7eYS2LbpFY,Seven Days of Falling,Esbjörn Svensson Trio,47,jazz,0.591,0.152,10,-19.031,0,0.0379,0.914,0.5175,0.0916,0.159,113.861,386600,4
05qzoT1MaDAuZkvzrr2C5T,Cantabile - Live,Michel Petrucciani,37,jazz,0.617,0.378,7,-11.282,1,0.063,0.209,0.5175,0.381,0.556,92.331,447053,4
34tmlDg15JqC9pijxRzsKR,'Deed I Do,Blossom Dearie,48,jazz,0.54,0.212,7,-16.817,1,0.0372,0.866,0.000041,0.0968,0.43,134.625,133667,4
3cYHFvUYDVY9loQQ0LalJc,Blue Rondo à la Turk,Dave Brubeck,51,jazz,0.584,0.387,7,-12.666,0,0.0397,0.815,0.182,0.112,0.443,113.257,403693,4
5CcAkJMkqpx7vwyYq1CQQd,As This Moment Slips Away,Joshua Redman,51,jazz,0.533,0.429,5,-10.413,0,0.0323,0.785,0.5175,0.0982,0.543,91.473,412613,4
0GSXh7IeBpk5uJDv7KsuKZ,Work Song,Nat Adderley,32,jazz,0.664,0.227,3,-18.471,1,0.0396,0.912,0.336,0.116,0.529,77.88,252960,4
3AeIbfjydFf46N27feEFri,My Funny Valentine,Gerry Mulligan,57,jazz,0.329,0.0317,5,-21.514,0,0.0441,0.972,0.5175,0.147,0.267,75.844,246067,4
6XvbcdEcPGP7Bq33dKCIr0,Fine And Mellow,Billie Holiday,46,jazz,0.588,0.0621,5,-14.845,1,0.041,0.973,0,0.0875,0.323,76.762,196987,4
0MM3ip6reyFHjcV7S9KuvT,Walkin' Shoes - With Chet Baker,Gerry Mulligan,51,jazz,0.608,0.1,2,-18.962,1,0.13,0.968,0.5175,0.112,0.406,136.293,192960,4
18UTGJRLXYN0MwH1UeZUF0,Farewell Blues,Django Reinhardt,45,jazz,0.583,0.304,10,-9.511,1,0.0522,0.983,0.5175,0.0971,0.913,185.963,194400,4
0OAnoLrIVxpdne3mkVLrwr,We Have All The Time in The World - 2003 Digital Remaster,Louis Armstrong,51,jazz,0.504,0.4,9,-13.031,1,0.0279,0.361,0.000158,0.211,0.475,89.422,195560,4
4f0D7T8yswXUJ62AKLoMtS,One For Daddy-O,Cannonball Adderley,50,jazz,0.617,0.434,5,-7.257,0,0.031,0.581,0,0.131,0.405,108.416,447053,4
7mwfuAhF0DclPHLhKEyYdl,A Night In Tunisia - 1998 Digital Remaster;The Rudy Van Gelder Edition,Bud Powell,52,jazz,0.538,0.52,7,-10.127,0,0.0408,0.715,0.0175,0.0676,0.764,83.816,256800,4
7enNWdXc1YdtbM5J2NL6Oc,Saudade Vem Correndo,Stan Getz,47,jazz,0.634,0.288,4,-16.798,1,0.0377,0.946,0.163,0.366,0.671,90.633,219057,4
3Xe96ucxNHmJlpzRsCaYBN,The Girl From Ipanema - Single Version,Stan Getz,48,jazz,0.699,0.171,5,-16.483,0,0.0386,0.948,0.000607,0.105,0.528,130.914,167533,4
47X9nPgLBHEGts5tFwpF6S,Have Yourself A Merry Little Christmas,Ella Fitzgerald,54,jazz,0.611,0.247,7,-9.038,1,0.0419,0.961,0.000003,0.218,0.484,112.239,175840,4
6LGSCXDAyr2nGFjArJETjm,As Time Goes By,Billie Holiday,49,jazz,0.64,0.0256,4,-15.614,0,0.0423,0.98,0.000002,0.114,0.377,67.99,190880,4
4LIw2QRvZWvtV48O92yfKu,Honeysuckle Rose,Fats Waller,52,jazz,0.586,0.357,8,-10.453,1,0.0864,0.61,0,0.105,0.61,171.762,216596,4
06I65P5X2RyUVeSGWRIx1v,Blackberry Winter,Keith Jarrett,46,jazz,0.293,0.153,10,-18.989,1,0.0306,0.865,0.5175,0.203,0.235,88.662,217187,3
67ibXkmavZoN2S6m86p70f,Look For The Silver Lining,Chet Baker,51,jazz,0.646,0.193,2,-15.631,1,0.0375,0.942,0.00333,0.12,0.434,80.397,159427,4
7IAFc5iQti2tzob7Uo7N1Y,Body and Soul,Thelonious Monk,53,jazz,0.513,0.292,1,-16.83,1,0.065,0.935,0.5175,0.0669,0.229,105.141,268400,1
3C9bNCnxHvUEVELsUvKGyy,What a difference a day makes,Coleman Hawkins,47,jazz,0.582,0.36,5,-13.451,1,0.195,0.76,0.5175,0.357,0.526,120.163,203000,4
1O8jVjF78N1gXmU7CGoryX,The Nearness Of You,Ella Fitzgerald,46,jazz,0.4,0.119,6,-18.146,1,0.0645,0.834,0,0.109,0.223,81.32,340133,4
08A2Kb6BMw2lB1VwdcXaXx,Splanky - Remix; 1994 Remastered Version,Count Basie,50,jazz,0.605,0.423,6,-8.106,1,0.0391,0.709,0.0632,0.0583,0.598,121.758,216267,4
55B21E0EUDR2ulqZihVEp9,Mack the Knife,Louis Armstrong,49,jazz,0.479,0.483,0,-10.831,1,0.145,0.513,0,0.238,0.693,178.172,201000,4
0Nr8892ivKjQEG2ndA0VRe,Someday My Prince Will Come,Wynton Kelly,25,jazz,0.559,0.327,10,-17.102,1,0.0395,0.562,0.000008,0.0832,0.252,114.097,186137,4
3lec706q3lBqypMop9y7pr,Nice Girls Don't Stay for Breakfast,Julie London,52,jazz,0.285,0.276,1,-13.701,1,0.0335,0.717,0.00292,0.12,0.146,108.578,147293,4
7HVyQVKFkFOoNLkZZZZjgb,Parker's Mood,Charlie Parker,46,jazz,0.632,0.113,10,-10.091,1,0.0435,0.968,0.00353,0.11,0.473,62.8,203667,4
1tSzm6vk58gS0NZwYS18W0,Waltz for Debby,Bill Evans,50,jazz,0.388,0.276,5,-17.168,1,0.0374,0.939,0.5175,0.0784,0.191,92.415,447053,4
1Ws0kMatfMjIrvEIsApikx,The Last Goodbye,Nicholas Payton,49,jazz,0.32,0.156,2,-12.258,1,0.033,0.96,0.5175,0.0775,0.0664,159.618,325400,3
73ik3a517Lz2W7eLWejapJ,Exit Music - For A Film,Brad Mehldau,45,jazz,0.283,0.174,4,-21.064,0,0.0331,0.921,0.5175,0.0582,0.117,154.72,263933,4
4cGYXOl7T3q7oLFj4loAUc,Yèkèrmo Sèw,Mulatu Astatke,48,jazz,0.622,0.528,3,-9.654,1,0.0311,0.27,0.5175,0.0851,0.384,116.282,253387,4
4oO0i2eMDIWJfDduh3fv9O,Footprints (Remastered),Wayne Shorter,50,jazz,0.53,0.454,7,-11.19,0,0.028,0.768,0.116,0.113,0.492,135.947,447053,3
5YTPRVC0gOXdD17IhOanqI,Gypsy Blue - 2002 Digital Remaster;The Rudy Van Gelder Edition,Freddie Hubbard,53,jazz,0.49,0.41,1,-9.77,1,0.0671,0.715,0.00184,0.2,0.68,138.873,388027,4
4gATyeeRwmA7lwnmvPrctG,Forget Regret,The RH Factor,42,jazz,0.709,0.281,10,-10.802,0,0.0796,0.27,0.0153,0.373,0.195,75.797,232160,4
0REmaPch4CcdE3BH9Uagj4,A Go Go,John Scofield,47,jazz,0.68,0.416,6,-13.262,0,0.0461,0.495,0.5175,0.0801,0.509,104.983,396173,4
4xhjxNNm7ffKfbFLugw7c4,My Back Pages,Keith Jarrett,44,jazz,0.452,0.374,2,-17.003,0,0.0395,0.508,0.5175,0.381,0.242,114.438,324813,4
392OK8Qdmos0wNDrduiwy0,In Your Own Sweet Way,Wes Montgomery,49,jazz,0.566,0.0703,3,-21.919,1,0.0452,0.992,0.5175,0.11,0.0785,122.275,291640,4
2sowiwuhxt4nLIWP6vWJOa,Paranoid Android,Brad Mehldau,49,jazz,0.385,0.573,7,-13.027,0,0.0449,0.669,0.5175,0.0932,0.121,100.988,447053,4
5GMgXFAE165COiSXLElbAV,Undecided,Ella Fitzgerald,46,jazz,0.698,0.311,4,-9.799,1,0.212,0.887,0,0.0996,0.964,101.315,201160,4
1NdMsEDPpFBQP9cBmlm37r,A Foggy Day,Ella Fitzgerald,45,jazz,0.512,0.206,0,-15.005,1,0.0872,0.706,0,0.138,0.386,111.513,270387,4
6HRukaGK3q4pNbPG0UNT7e,Makin' Whoopee!,Ella Fitzgerald,44,jazz,0.478,0.308,5,-11.689,1,0.0339,0.814,0,0.321,0.622,115.276,180067,4
6gA0ps6IzjBj7azFvWjWME,Sometimes I Cry,Les McCann,49,jazz,0.481,0.259,6,-15.444,1,0.0322,0.25,0.5175,0.0957,0.541,135.941,322080,4
5zhUm0LqJ6QjoxEqPGy2m2,Cry Me A River,Ella Fitzgerald,44,jazz,0.394,0.141,8,-12.73,0,0.037,0.965,0,0.0988,0.35,92.987,256867,3
4JeFHVGKqWd7C0XVzxAXO5,B Minor Waltz - For Ellaine Remastered,Bill Evans,50,jazz,0.364,0.135,11,-20.551,0,0.0493,0.913,0.5175,0.119,0.0684,87.686,194413,3
5UbLKRX1qVROlwDFOooEvG,Take Five,Dave Brubeck,54,jazz,0.454,0.26,10,-13.213,0,0.0404,0.529,0.000778,0.0646,0.567,174.211,324160,5
4w7EnqiLksvE6rcuR8F8bn,Django - 1999 Digital Remaster,Grant Green,51,jazz,0.653,0.368,10,-11.567,0,0.0439,0.875,0.00305,0.0972,0.249,117.161,447053,4
2myfGe1fBz9QVr7IYZXb78,Easy Living,Clifford Brown,52,jazz,0.505,0.0871,8,-12.518,1,0.0391,0.978,0.5175,0.0794,0.331,125.206,224693,4
0F3XCucVoXCOn3iYyNOkxW,"Köln, January 24, 1975, Pt. I - Live",Keith Jarrett,42,jazz,0.343,0.252,2,-16.201,1,0.0517,0.979,0.5175,0.381,0.0827,115.299,447053,4
7bomUcOZwl9IHBW29XuNR8,Baby It's Cold Outside,Ella Fitzgerald,54,jazz,0.786,0.0781,10,-13.752,1,0.0583,0.934,0,0.14,0.619,113.085,161000,4
4lyupu0V7V9CoKhH52sfS8,Poinciana,Ahmad Jamal,52,jazz,0.553,0.0902,2,-21.491,1,0.043,0.984,0.5175,0.1,0.289,89.369,273760,4
0Gb98vV1mTekDNnUgeeQ6x,They Say It's Spring,Blossom Dearie,50,jazz,0.585,0.0294,5,-21.13,0,0.0585,0.926,0,0.175,0.404,110.872,226400,4
0fw0iU8Oc8mCLN9hYYT8eA,I Don't Hurt Anymore,Dinah Washington,44,jazz,0.527,0.466,9,-7.129,0,0.0293,0.841,0,0.177,0.538,78.333,191253,4
5HmfJ3kTb145Qk6YxxUkES,In A Mellow Tone,Ella Fitzgerald,49,jazz,0.633,0.17,0,-14.037,1,0.0411,0.798,0,0.156,0.523,106.554,311573,4
73UXONNvcyKDlw27FC0E2B,Sugar,Stanley Turrentine,46,jazz,0.568,0.543,0,-10.975,0,0.038,0.437,0.0133,0.107,0.544,124.001,447053,4
6tXFwYXt4jjSuEdSEYUBs5,Kiss of Fire,Louis Armstrong,44,jazz,0.67,0.181,5,-11.521,0,0.0829,0.873,0,0.381,0.593,97.693,184893,4
4ygYUAjX97KYhlh0S51LM1,Groovin' High,Dizzy Gillespie,46,jazz,0.711,0.28,3,-10.983,1,0.0394,0.928,0.5175,0.178,0.68,93.304,162867,4
43ruZNyeidAyxDTbvnoidb,Winter Wonderland - Single Version,Louis Armstrong,47,jazz,0.433,0.159,8,-14.92,1,0.0594,0.764,0,0.197,0.394,115.521,181533,1
10IBJvHwySS2hN4IerZg3J,Theme for Maxine,Woody Shaw,45,jazz,0.397,0.329,5,-13.317,1,0.0398,0.611,0.5175,0.207,0.462,166.831,435040,3
5KoxG5Yi9xzgSBP6QC01Q2,When You're Smiling (The Whole World Smiles With You) - Without Intro,Louis Armstrong,48,jazz,0.444,0.182,8,-10.393,1,0.0462,0.839,0.000411,0.114,0.325,80.417,244373,4
5A3QpusKSpyvSQmkzR1eyc,You Must Believe In Spring - Remastered,Bill Evans,47,jazz,0.393,0.26,2,-16.419,1,0.0357,0.943,0.5175,0.149,0.223,92.961,340107,4
67tnJf77mVKMIOVcR1SQ2F,Eronel,Thelonious Monk,51,jazz,0.487,0.354,9,-13.884,0,0.0417,0.525,0.000273,0.0958,0.736,177.572,270133,4
0uiwqGu1jscn7MbqO4arQg,Minor Swing,Django Reinhardt,35,jazz,0.664,0.642,5,-9.25,1,0.045,0.797,0,0.181,0.902,103.773,168040,4
0KIbWpeVKKl2XVLzTWVIA9,Cool Yule,Kurt Elling,51,jazz,0.601,0.368,5,-10.461,1,0.164,0.431,0,0.0795,0.565,146.24,210693,4
1bqTkrJAyIvvKAHJnIscdO,Love Jumped Out,Bob Brookmeyer,41,jazz,0.58,0.256,2,-17.44,0,0.0499,0.759,0.000038,0.381,0.498,78.999,447053,4
6qqK0oeBRapZn8f9hJJENw,Blue Bossa - 1999 - Remaster,Joe Henderson,50,jazz,0.531,0.366,5,-11.697,0,0.0496,0.911,0.5175,0.0916,0.785,81.867,447053,4
37qH6VyJjfG6RSoZ6MfO44,I Can't Help It,Esperanza Spalding,46,jazz,0.616,0.406,11,-14.656,0,0.0572,0.791,0.00441,0.18,0.407,109.939,282053,4
4iKWIToTuo61tpdJjEgz27,"8 Humoresques, Op. 101, B. 187: No. 7. Poco lento e grazioso in G-Flat Major (arr. A. Tatum)",Art Tatum,49,jazz,0.343,0.287,1,-16.541,1,0.0333,0.977,0.5175,0.106,0.705,70.71,139533,3
2wtlXM5ZsE3Kc51uS0YFzx,Bumpin' On Sunset,Wes Montgomery,37,jazz,0.759,0.247,4,-19.827,0,0.0521,0.875,0.432,0.0978,0.443,107.601,289000,4
0K8IOPG7ifQA4qLIbBHwiJ,Someone To Watch Over Me,Ella Fitzgerald,43,jazz,0.278,0.155,7,-13.45,1,0.0328,0.955,0.000007,0.112,0.193,130.334,205800,5
4IDdUssauEYJ9kTit6tOU6,Chicken,Jaco Pastorius,46,jazz,0.604,0.574,5,-13.938,0,0.0381,0.658,0.5175,0.0994,0.755,91.94,351599,4
3YrbJ9Y7SU0AIYFjYnXzIp,C'est si bon,Louis Armstrong,42,jazz,0.576,0.259,0,-11.263,0,0.109,0.765,0.000069,0.152,0.404,113.376,187600,4
6pXBTcYXVk3GyQweFUpjbD,Killer Joe,Benny Golson,43,jazz,0.501,0.376,5,-10.249,1,0.0422,0.791,0.00674,0.0797,0.233,119.213,413427,4
62oOiaMcPYmCu0Zz27fRtf,Vartha,Ambrose Akinmusire,35,jazz,0.336,0.509,11,-9.134,0,0.0283,0.877,0.5175,0.11,0.288,137.376,447053,3
74HwaWwtVa2buG8OIHZkgs,I'll Remember April - Instrumental,Chet Baker,43,jazz,0.435,0.499,9,-8.576,0,0.0317,0.768,0.107,0.131,0.683,121.924,352293,4
25VmzSltVSB9vwNi6fbhr7,Since I Fell For You,Lee Morgan,52,jazz,0.489,0.0792,8,-19.698,1,0.0376,0.958,0.5175,0.0957,0.334,108.938,336133,4
34muFtukCHoVpMmTzY4kio,Cry Me a River,Julie London,46,jazz,0.467,0.0377,4,-19.528,0,0.0444,0.975,0.00659,0.111,0.126,123.951,170600,4
6l780OKjouvZXgcWWJqzBI,"Hello, Dolly!",Louis Armstrong,45,jazz,0.532,0.411,0,-9.865,1,0.0489,0.838,0.00111,0.194,0.622,155.32,147000,4
4mg3FP3BP4ELno3sCfjToL,Always and Forever,Pat Metheny Group,50,jazz,0.305,0.0484,5,-19.119,1,0.0319,0.927,0.5175,0.109,0.112,83.1,324840,3
2T1ACKqq6GEozD390n16Ve,Hymn To Freedom,Oscar Peterson Trio,46,jazz,0.578,0.12,10,-20.653,1,0.0454,0.97,0.5175,0.0669,0.189,84.538,338133,4
1f4eO5waC6glPLXUhYKLm2,Just One of Those Things,Stan Getz,49,jazz,0.585,0.272,11,-16.693,0,0.0802,0.93,0.115,0.128,0.583,90.104,182200,3
7i80AnsoDKY4GF4qnhYvR4,Old Devil Moon,Chet Baker,44,jazz,0.577,0.22,7,-17.129,0,0.0546,0.9,0.0033,0.107,0.425,80.325,178280,4
3fGfgudjzc3v08fWuTV76G,Cleopatra's Dream - 2003 Digital Remaster,Bud Powell,50,jazz,0.544,0.375,8,-13.964,0,0.047,0.819,0.5175,0.198,0.901,120.886,264640,4
4hkL4pzAuVtpS70FzS1i5i,Nature Boy,Kurt Elling,43,jazz,0.489,0.307,4,-12.961,0,0.0412,0.683,0,0.0846,0.143,153.872,369160,4
2EhDOBGOiJGJkiBcdxz7ga,I Guess I'll Have to Forget,Christian McBride,51,jazz,0.505,0.0737,10,-27.331,1,0.0373,0.855,0.5175,0.13,0.481,130.635,447053,4
2Qvr8TQGGNJ0NC9FRxnS7d,Teach Me Tonight,Dinah Washington,46,jazz,0.599,0.284,5,-9.585,0,0.0572,0.815,0,0.282,0.387,73.245,164693,4
73hX9ImSkUt2qMnB2BcAZo,Easy Living,Billie Holiday,52,jazz,0.655,0.23,8,-10.692,1,0.055,0.962,0.000106,0.111,0.695,89.002,182173,4
6jXAdaU4wshOAHXCUVvkn3,Cherokee,Kamasi Washington,44,jazz,0.644,0.594,5,-9.965,1,0.117,0.751,0.224,0.107,0.632,90.564,447053,4
2z6D5bIA9Wprdqi1B8nnVh,New Orleans,Wynton Marsalis,48,jazz,0.644,0.205,10,-16.005,1,0.0397,0.714,0.0482,0.051,0.428,118.314,340693,4
3qtpVUsQzvHdMzrmqkdOzP,Take Ten,Paul Desmond,49,jazz,0.467,0.184,0,-15.771,1,0.036,0.534,0.000743,0.188,0.518,74.123,187106,4
36Vwqyg0LO1q0aRfAuZkFU,Hindsight,Phil Woods,44,jazz,0.432,0.185,8,-19.414,1,0.0338,0.829,0.134,0.112,0.0956,65.438,391240,4
5YtcHwvM9O2BayUOsghqhO,Whirly-Bird,Count Basie,52,jazz,0.502,0.536,8,-10.579,1,0.087,0.73,0.5175,0.115,0.854,131.715,232493,4
3QxZooLdeJBAf0x405DDI7,From Gagarin's Point of View,Esbjörn Svensson Trio,49,jazz,0.621,0.0335,2,-21.479,0,0.0395,0.555,0.5175,0.218,0.126,104.036,243333,4
0VUoYqEZLTlgP1tMFD9V5V,You Look Good To Me,Oscar Peterson Trio,42,jazz,0.41,0.257,0,-17.621,1,0.0363,0.736,0.281,0.106,0.209,91.516,292067,4
58JmE4tFkly8mzJRcV3Frk,Manhattan,Ella Fitzgerald,46,jazz,0.43,0.278,10,-11.064,1,0.0357,0.867,0,0.0892,0.415,113.579,171533,5
48FRUsQ03SvFCTup3Yq1vk,Stolen Moments,Oliver Nelson,49,jazz,0.575,0.187,0,-13.081,0,0.0513,0.927,0.5175,0.166,0.341,107.469,447053,4
3g6t47lf7r5Y6M7XRkAhMh,You Go To My Head - 1998 Digital Remaster;The Rudy Van Gelder Edition,Bud Powell,51,jazz,0.483,0.343,5,-12.824,1,0.0406,0.965,0.5175,0.124,0.558,118.538,195413,4
4WlyrphDkGOyX3JsLR8dKV,Crazy He Calls Me,Billie Holiday,48,jazz,0.483,0.145,1,-14.423,1,0.039,0.849,0.000003,0.214,0.284,72.863,185280,4
6RkGrUeBntd8PSKBdLlt7q,Marseille (feat. Abd Al Malik),Ahmad Jamal,47,jazz,0.434,0.301,0,-15.755,1,0.0447,0.768,0.00132,0.241,0.315,85.82,443480,4
4P8apt1P3y4m7vQDJi2inx,Spring Will Be a Little Late This Year,Julie London,52,jazz,0.31,0.123,7,-18.245,1,0.0343,0.98,0.114,0.18,0.0874,79.494,181880,4
6kLp24Op7cOu8iQkU46sBv,I'm Confessin' (That I Love You),Thelonious Monk,51,jazz,0.624,0.359,1,-9.457,1,0.0521,0.965,0.5175,0.101,0.206,104.357,157027,4
67Hu8S8wMhAEKY6AfGSMoZ,The Girl from Ipanema,Charlie Byrd,44,jazz,0.662,0.227,5,-17.07,1,0.0333,0.877,0.5175,0.137,0.653,150.097,168173,4
0jyXW8hxeIzX4QwznqVT0E,Maiden Voyage / Everything In Its Right Place,Robert Glasper,37,jazz,0.417,0.374,5,-17.408,0,0.0486,0.913,0.5175,0.116,0.105,141.187,447053,4
6cjjUuY51c5SwTABCVPSYH,Bossa Nova U.S.A.,Dave Brubeck,50,jazz,0.617,0.497,5,-14.132,1,0.0471,0.53,0.00662,0.0767,0.809,105.943,143507,4
7KuOy0As2XsXoA4HupFo6v,Star Crossed Lovers,Joe Lovano,46,jazz,0.499,0.155,8,-13.134,1,0.0403,0.91,0.244,0.0921,0.274,129.594,447053,4
658XenLK3X2hTp11wr6zE4,"A Love Supreme, Pt. I – Acknowledgement",John Coltrane,45,jazz,0.37,0.586,5,-13.468,0,0.0581,0.485,0.000002,0.348,0.519,121.573,447053,4
3tEjHkzIzjBCf6si0NuLKb,Misty,Ella Fitzgerald,42,jazz,0.26,0.206,4,-13.86,1,0.0323,0.904,0.000006,0.3,0.15,110.744,178693,4
5HAJzCBlrgCXPGAcqhRXnK,Try Your Wings,Blossom Dearie,47,jazz,0.573,0.0307,2,-20.581,0,0.0482,0.967,0.000004,0.123,0.334,122.56,206427,4
5RzDUxNC7hKjr8eTEX8n6b,My Favourite Things,Betty Carter,45,jazz,0.391,0.571,2,-9.149,0,0.0448,0.7,0,0.33,0.937,133.239,98200,3
5v5h0IdOAo0pK8a7i2esZG,Georgia On My Mind,Oscar Peterson Trio,48,jazz,0.444,0.113,5,-24.046,0,0.0488,0.977,0.5175,0.128,0.118,102.444,226600,4
1HEGcv63IZ7TPncpVKdVdN,My One And Only Love,John Coltrane,46,jazz,0.466,0.0718,0,-17.999,1,0.0374,0.984,0.000931,0.107,0.196,121.885,294307,4
09JSmxCUJrjBE0dVXurHT2,Stardust,Gerry Mulligan,50,jazz,0.54,0.0671,1,-18.633,1,0.0397,0.966,0.5175,0.101,0.316,84.192,286133,4
6yIreRhyenNIKEOUcaDi4g,Aguas de Marco,Stan Getz,45,jazz,0.451,0.32,4,-12.232,0,0.0426,0.897,0.00118,0.0955,0.428,152.777,282147,4
0ndEbK6LnERIPBG6t4gXDX,The Man I Love,Billie Holiday,49,jazz,0.485,0.177,7,-14.282,1,0.0428,0.965,0.000074,0.252,0.253,88.411,184440,4
3XkwIJU4xz28T0Ln6Ty7yi,Castle Rock,Johnny Hodges,42,jazz,0.719,0.361,8,-10.531,1,0.0381,0.972,0.5175,0.106,0.632,170.902,169533,4
0JmzzjoM5HWgdEQxe58jNf,You Go to My Head - Take 1,Billie Holiday,51,jazz,0.594,0.156,10,-15.65,1,0.0411,0.976,0.000023,0.366,0.348,91.644,169333,3
0KQc8Z1cCHsjq9Q31IfWo6,This Is Not America,Charlie Haden,42,jazz,0.742,0.338,6,-11.84,1,0.055,0.435,0.5175,0.135,0.496,129.293,399133,4
0IxLWzmafWC5VTnpnvykJq,Dedicated To You,Freddie Hubbard,48,jazz,0.38,0.164,7,-14.69,0,0.0452,0.985,0.5175,0.125,0.0871,79.03,202640,4
2uriwjXOo3HHTX5M1O8hM3,The Koln Concert: Part 2c,Keith Jarrett,44,jazz,0.41,0.0528,0,-25.427,1,0.0441,0.995,0.5175,0.0844,0.113,142.61,348640,4
3fWes0rD6iKeEbjqgJ2afi,A Handful Of Stars - 2002 Remastered Version,Dinah Washington,46,jazz,0.488,0.357,8,-9.447,1,0.0385,0.803,0,0.0779,0.453,85.75,205400,3
03g7Z5FXEktNhdviwqLe6B,Desafinado - Stereo Version,Stan Getz,37,jazz,0.482,0.27,5,-13.062,0,0.0373,0.899,0.000015,0.121,0.522,144.767,253000,4
3xtBixb5GqtKl6Z8AccJi9,Crazy Race,The RH Factor,44,jazz,0.781,0.393,10,-12.197,0,0.149,0.364,0.000008,0.107,0.733,101.07,143280,4
1fsEIKus6nnmpTdcfNcxJs,So In Love,Dinah Washington,48,jazz,0.623,0.256,8,-12.202,0,0.038,0.703,0.000097,0.0492,0.348,112.039,264240,4
5lRBU0r21BO0TMmUe73Ysj,The Outlaw (Rudy Van Gelder Edition) [2007 - Remastered],Horace Silver Quintet,39,jazz,0.548,0.483,5,-12.246,1,0.035,0.709,0.314,0.32,0.753,104.35,367880,4
33hWpBOw3qZwyT9sE6OV6B,To Us Is Given,Dave Brubeck,47,jazz,0.482,0.00523,3,-30.854,1,0.103,0.996,0.5175,0.0828,0.225,95.957,212400,4
5TjO0GOOon3R6YOnRFPwzk,Chicago,Benny Goodman,51,jazz,0.59,0.285,8,-11.216,1,0.05,0.943,0.5175,0.106,0.778,160.571,177865,3
0utYRdxHnPVrjJmU3MSLHh,Warm Valley,Johnny Hodges,45,jazz,0.289,0.195,5,-12.249,1,0.0331,0.835,0.5175,0.0715,0.165,93.087,200627,4
0db6wjpj7LlreaVz9cO3dq,Spain,Return To Forever,42,jazz,0.386,0.482,11,-16.776,0,0.0352,0.684,0.468,0.0645,0.5,136.022,447053,4
4bRNH9mxHDszZGskpBFhPq,A Nightingale Sang In Berkeley Square,Stan Getz,46,jazz,0.425,0.0429,1,-24.86,1,0.0408,0.951,0.0184,0.148,0.255,96.097,419627,4
0TlsVkuWrRGKjx6tU66YUZ,Para Machuchar Meu Coracao,Stan Getz,47,jazz,0.595,0.11,3,-18.383,1,0.0428,0.953,0.368,0.0889,0.392,130.559,309813,4
5x0knlH4sCOHjw2GjEZPEB,London Blues,Brad Mehldau,46,jazz,0.455,0.255,6,-18.989,1,0.0492,0.702,0.5175,0.0591,0.303,79.761,422067,4
6yuhA5jlK7gEAIVoJ5WK1f,Everytime We Say Goodbye,John Coltrane,53,jazz,0.447,0.121,3,-21.562,1,0.0378,0.803,0.5175,0.0695,0.0989,121.761,345267,4
23DTCcj8R5BHYgsprq5ngD,Como Fue (feat. Bobby Carcassés),Jazz At Lincoln Center Orchestra,44,jazz,0.446,0.527,10,-8.009,1,0.049,0.795,0.000709,0.381,0.591,81.5,417303,4
26zJinKqbORQyrDyMFLQhS,Blues My Naughty Sweetie Gives To Me,Sidney Bechet,44,jazz,0.711,0.476,7,-9.461,0,0.0366,0.897,0.5175,0.203,0.823,136.261,343040,4
7GXOrNqnHdJasc81GlKH2D,The Awakening,Ahmad Jamal Trio,43,jazz,0.535,0.205,1,-17.222,1,0.0359,0.815,0.503,0.121,0.122,81.814,380933,4
1Ku5vu9Crncz8ixeT4Ijxc,Dolphin Dance,Herbie Hancock,52,jazz,0.461,0.372,4,-11.01,0,0.0327,0.828,0.000178,0.131,0.302,119.886,447053,4
04BK4Ewn1wVotlDPtQcA96,September Second - Live,Michel Petrucciani,35,jazz,0.45,0.74,9,-7.895,0,0.0318,0.556,0.5175,0.317,0.384,81.922,319093,4
5Fpbw9DCdROeT1JtJWi7lR,I've Never Been in Love Before - Vocal,Chet Baker,50,jazz,0.425,0.0199,10,-21.988,1,0.0447,0.922,0.00014,0.102,0.181,60.888,269000,4
1wvWeNlseBllh6dElxgn65,Would You Like To Take A Walk?,Ella Fitzgerald,42,jazz,0.489,0.137,10,-14.189,1,0.0766,0.845,0,0.0759,0.185,76.063,195467,4
3RTLEz2luaj8tDlrvq5uQe,I Am A Fool To Want You,Chet Baker,48,jazz,0.457,0.106,0,-16.78,0,0.0318,0.949,0.256,0.105,0.099,93.547,447053,3
2BcqZfVoJS09oLsPbif0OJ,High Wire,Erroll Garner,46,jazz,0.719,0.472,8,-12.393,1,0.0586,0.673,0.5175,0.0782,0.704,139.937,227520,4
3fWFlmEPPN28xYlKqd7abt,Astral Traveling,Pharoah Sanders,44,jazz,0.446,0.411,10,-14.924,1,0.108,0.231,0.0143,0.111,0.464,131.678,351427,4
253VASytYpIZrZGpTlHyHQ,September In the Rain,Roy Hargrove,47,jazz,0.629,0.143,3,-17.662,1,0.0365,0.817,0.152,0.0685,0.402,119.076,447053,4
5KQ6uddno2Hht84gJDHsPF,A Night In Tunisia - 2003 Digital Remaster,Dexter Gordon,50,jazz,0.528,0.583,7,-8.776,0,0.0644,0.592,0,0.305,0.671,96.284,447053,4
3kktybBWZfqAKHe9qfQ9PX,Response - Live,Ambrose Akinmusire,31,jazz,0.449,0.524,6,-11.872,1,0.0411,0.773,0.5175,0.381,0.349,114.843,337893,3
6KBsivP3Of4z2x6uNMAyE3,"Take the ""A"" Train",Duke Ellington,51,jazz,0.479,0.318,0,-13.836,1,0.0395,0.278,0.0959,0.107,0.575,94.036,331800,4
1aqJGkuh7mXeOLJ1nkjTSI,Strasbourg / St. Denis,Roy Hargrove,42,jazz,0.701,0.445,1,-10.583,1,0.0834,0.149,0.5175,0.0963,0.405,103.004,278627,4
2SKIAjTrpbnvY1Ecetj1mA,Yesterdays,Billie Holiday,42,jazz,0.434,0.047,5,-18.03,0,0.0415,0.958,0,0.138,0.202,76.408,204653,4
4HGCZiupauyzOwlHRwfu0S,Sandu,Clifford Brown,42,jazz,0.636,0.342,8,-12.441,1,0.052,0.749,0.101,0.059,0.545,138.557,297000,4
6ITNRagpLcw79jH8gkiyBS,And I Love Her,Pat Metheny,49,jazz,0.621,0.113,2,-16.842,0,0.0491,0.97,0.5175,0.116,0.203,107.75,262107,4
4yAQglTsYGuWjjnB1eqqBy,What Are You Doing The Rest Of Your Life?,Bill Evans,42,jazz,0.331,0.144,9,-16.773,0,0.0324,0.993,0.5175,0.104,0.0394,64.601,245000,4
1AF8WkG32wWgTQizFKXTT4,Wild Music,Erroll Garner,46,jazz,0.504,0.567,9,-12.843,0,0.0445,0.855,0.5175,0.322,0.586,131.822,306973,4
2Ih0uFDcu54GI18ByA90QS,Believe Beleft Below,Esbjörn Svensson Trio,48,jazz,0.639,0.0448,10,-21.224,1,0.0347,0.816,0.5175,0.101,0.117,102.457,291227,4
4J4ZBdkwfS3DCnLVPsJowU,And I Love Her,Brad Mehldau Trio,40,jazz,0.369,0.34,7,-14.424,1,0.0323,0.818,0.5175,0.0921,0.361,88.855,447053,4
6ay42XxnzkgVoKe9opq90H,Mad About The Boy,Dinah Washington,46,jazz,0.294,0.326,1,-8.191,1,0.0329,0.787,0.00001,0.147,0.234,71.269,169533,3
657FKjXBdP0Dh8eKwpQeZz,Night And Day,Ella Fitzgerald,44,jazz,0.45,0.285,8,-10.087,1,0.0414,0.796,0,0.0666,0.426,117.494,184093,4
3Hqh6JtLZo9hInBdDTwOkk,Lullaby Of Birdland,Sarah Vaughan,42,jazz,0.58,0.313,11,-13.704,0,0.126,0.861,0,0.159,0.495,122.14,239987,4
610qxEeQBTE2ekhoW2I71h,The Return (Upward Spiral),Kurt Elling,45,jazz,0.411,0.41,0,-11.208,1,0.0306,0.894,0.0162,0.201,0.261,142.996,439200,4
6keKDGemOj5o7VJHNVaeYl,Bee Blues,Brad Mehldau Trio,43,jazz,0.573,0.271,6,-16.138,1,0.0489,0.804,0.5175,0.0877,0.464,130.623,402013,4
7eYF1tAcKBvhJU4W9K0Uca,When It Rains,Brad Mehldau,48,jazz,0.375,0.627,4,-10.267,1,0.0371,0.253,0.5175,0.2,0.133,123.462,396627,4
6mQc9F0vBWH0sZbx76aZCf,Lucky To Be Me,Bill Evans,51,jazz,0.484,0.021,4,-22.654,1,0.0589,0.994,0.5175,0.0914,0.117,101.396,221067,3
2kkGLtPQix3iiEKg2CQHPK,Who Walks In When I Walk Out?,Ella Fitzgerald,44,jazz,0.655,0.201,9,-10.129,0,0.0549,0.821,0,0.241,0.742,136.309,137240,4
4Q8HVLqc6wNieJ3hA253YU,In The Gloaming,Louis Armstrong,42,jazz,0.674,0.13,5,-15.099,1,0.0516,0.965,0.5175,0.129,0.59,129.431,172729,4
4T7J9a5sJTPuWDCP2kI0Bj,It's Magic,Dinah Washington,41,jazz,0.426,0.257,3,-14.291,1,0.0378,0.84,0.00014,0.236,0.481,98.088,161173,3
48Q8ER4XOaE4r00bjRxT9r,Begin The Beguine - Alternate Take,Art Pepper,46,jazz,0.51,0.398,8,-12.411,1,0.0718,0.83,0.14,0.149,0.707,181.695,375173,4
6dpHaH7rzW42YqMyiPfEXn,I Want to Be Happy,Erroll Garner,47,jazz,0.622,0.463,1,-12.954,1,0.0574,0.566,0.118,0.0595,0.546,135.084,180707,4
7CnOzCWGrTINcDExG6u99y,Cool Struttin',Sonny Clark,48,jazz,0.58,0.48,7,-7.682,0,0.0339,0.837,0.00432,0.171,0.48,108.892,447053,4
02Z7LG6DNTuVTJiGdvTwDu,Azalea,Louis Armstrong,46,jazz,0.676,0.113,5,-17.238,1,0.055,0.6,0.000016,0.0696,0.233,71.11,303173,4
4WCZalosPdTXmwZ5ZUOarr,Ham Hocks and Cabbage,Christian McBride,46,jazz,0.557,0.104,3,-22.669,0,0.0437,0.696,0.5175,0.1,0.308,123.145,447053,4
6OQNaX2SLvWeYsgPTj7iX0,"Come On, Come Over",Jaco Pastorius,43,jazz,0.688,0.72,7,-10.796,1,0.0449,0.564,0.000744,0.0464,0.96,109.516,233200,4
2rvSk5CPxSbAEAnyIZmh6M,The Birds and the Bees,Jim Hall,48,jazz,0.516,0.0853,11,-21.035,0,0.0423,0.981,0.5175,0.381,0.265,138.748,308707,4
2uiTBklIqGQhPYdlUGvPl3,Mojo,Booker Ervin,44,jazz,0.477,0.301,7,-15.635,1,0.0351,0.64,0.000006,0.0881,0.519,174.859,447053,4
3Yp4X2vypDVCUlgbud6lOo,Nature Boy,Ella Fitzgerald,42,jazz,0.565,0.0497,7,-24.639,0,0.043,0.909,0.000589,0.102,0.248,98.561,145733,4
0v4zFxKc1OdbGG0A4DxOPd,Humoresque,Art Tatum,50,jazz,0.485,0.336,10,-15.036,0,0.0408,0.991,0.5175,0.381,0.427,98.513,225893,3
6SIBEYQtGMkZ8GUQsd1UbM,The Very Thought Of You,Billie Holiday,54,jazz,0.567,0.077,3,-17.213,1,0.0469,0.966,0.000052,0.35,0.55,99.49,164537,4
1QxmKMggKPykokcwBYvjso,Everything In Its Right Place,Brad Mehldau Trio,44,jazz,0.497,0.317,8,-15.774,1,0.0332,0.828,0.5175,0.107,0.17,127.204,415440,5
7CfhdSywcFsxOQpfH3nN7Q,That's My Desire,Louis Armstrong,46,jazz,0.536,0.302,5,-14.353,0,0.239,0.821,0.000019,0.381,0.617,79.239,246773,4
4b1i4bXCHRcYNocPVrPYvL,Night Train,Oscar Peterson Trio,42,jazz,0.696,0.107,9,-22.322,0,0.0607,0.914,0.5175,0.146,0.323,104.398,291773,4
6M2eyeYWZYUjIOLhUEGWiZ,He's My Guy,Sarah Vaughan,40,jazz,0.559,0.278,10,-13.754,1,0.0404,0.8,0,0.153,0.501,133.144,249986,4
3Zs7CDhIFUG7UX746UQteF,Swing de Paris,Django Reinhardt,28,jazz,0.722,0.383,1,-10.649,1,0.0374,0.974,0.5175,0.265,0.818,95.09,227507,4
03wBaX6i60oUaKXRtxEtuN,Rag Mop - Single Version,Lionel Hampton,27,jazz,0.716,0.439,0,-8.083,1,0.0387,0.428,0,0.0977,0.881,94.714,169960,4
0VGGBGUk4qWfeNnm8VIMEL,Everything Happens to Me,Chet Baker,45,jazz,0.511,0.193,7,-15.148,1,0.0439,0.809,0.000022,0.129,0.164,116.348,305187,4
4QJTE3XQIN8lY4RBwc2c6w,Lucky To Be Me,Tommy Flanagan,41,jazz,0.572,0.488,2,-10.688,0,0.0592,0.885,0.5175,0.103,0.614,126.43,255000,4
0q4SJUYOp0Er9fvREdDyDv,Enlightenment,Sun Ra,47,jazz,0.501,0.303,9,-10.722,0,0.0367,0.734,0.000123,0.139,0.537,130.031,305439,4
0wCWezyfRjCPiuGvjEuf4H,It's All In Your Mind,Sarah Vaughan,49,jazz,0.232,0.245,10,-12.348,0,0.0321,0.69,0,0.255,0.237,68.271,200893,4
4tKaLMxRlt7EnblhQnzK1M,Yardbird Suite - 2003 Remastered Version,Charlie Parker,44,jazz,0.755,0.457,0,-8.771,1,0.0401,0.829,0.135,0.0783,0.754,106.685,173933,4
1QRIYnkKMWvfz2xfkaj7yv,Sometime Remind Me to Tell You,Johnny Hartman,51,jazz,0.387,0.0996,1,-19.071,1,0.0339,0.977,0.324,0.155,0.334,74.95,160467,4
7oD5kLEgu2F4cY824xnYeW,"Day In, Day Out (Live)",Ella Fitzgerald,46,jazz,0.646,0.408,7,-12.978,1,0.239,0.804,0.00123,0.381,0.595,81.467,208267,4
1tx7llBKmFG4jCbfoc50YN,If I Had You,Benny Goodman Sextet,40,jazz,0.719,0.108,0,-19.451,1,0.0403,0.99,0.5175,0.118,0.488,111.342,181200,4
0kKQreifydSOeqZzHkNW67,The Thrill Is Gone - Vocal,Chet Baker,48,jazz,0.42,0.0565,0,-17.556,0,0.0356,0.976,0.0183,0.137,0.142,113.789,171467,4
45vE34rjYydURHVsIaqDmg,My Monday Date,Louis Armstrong,45,jazz,0.65,0.433,7,-12.083,0,0.0967,0.9,0.5175,0.381,0.849,101.455,348640,4
1H13WKDhOgwVeWzveBPTh0,Begin The Beguine,Artie Shaw,51,jazz,0.656,0.238,2,-10.889,1,0.0377,0.938,0.134,0.292,0.616,139.774,194933,4
0rzqeSt2lXM2p6dKgdqoUt,When You Wish Upon A Star,Louis Armstrong,24,jazz,0.258,0.21,10,-14.12,1,0.0493,0.848,0.0306,0.381,0.353,71.247,264800,1
2TD9i3t2yWNg4GxoBvLGzq,Love Theme From Spartacus,Yusef Lateef,42,jazz,0.571,0.204,4,-20.646,0,0.031,0.681,0.5175,0.0682,0.577,133.261,250893,3
7nzMcZWpKc0RB0cJZXW1N0,"Köln, January 24, 1975, Pt. II C - Live",Keith Jarrett,40,jazz,0.27,0.688,0,-16.305,1,0.0547,0.973,0.5175,0.381,0.219,75.843,416840,4
38UVpuaTEbz0WJzkV3YgYp,Waltz for Debby (take 2),Bill Evans Trio,46,jazz,0.565,0.286,5,-19.045,1,0.0376,0.889,0.5175,0.381,0.463,88.158,420227,3
01LwC0nsGAG3Neu4v1qcUb,How High The Moon - 1st Take,Ella Fitzgerald,42,jazz,0.678,0.467,5,-5.177,0,0.0994,0.814,0,0.11,0.625,112.846,195427,4
0bv5vUJCvXM9G0cbjeikyY,Back At The Chicken Shack,Jimmy Smith,47,jazz,0.714,0.367,5,-12.855,1,0.0328,0.828,0.399,0.112,0.633,107.318,447053,4
5VZYFTDtKdrcwXUC7AV96D,Everything In Its Right Place - Alternate Version,Brad Mehldau Trio,47,jazz,0.375,0.332,8,-17.137,1,0.0335,0.828,0.5175,0.102,0.222,144.798,447053,5
1ywNBYgKTyu9VpNGkeEbmG,Rusty Dusty Blues,Count Basie,51,jazz,0.564,0.265,1,-10.692,1,0.043,0.752,0.5175,0.0587,0.635,87.214,187453,4
64AJnCjC5Er4y7ysdbus0l,She's Funny That Way / Memories of You / I Surrender Dear,Ray Bryant,46,jazz,0.41,0.0786,7,-20.917,0,0.0366,0.992,0.5175,0.0915,0.141,84.402,447053,4
22DUYHHTOtAwYFnkX7i0Kn,The Night Has a Thousand Eyes,Sonny Rollins,46,jazz,0.702,0.295,7,-14.149,1,0.0494,0.83,0.5175,0.109,0.56,129.255,447053,4
4QoVngn14AtM7pjWKp8Yx2,Boum,Blossom Dearie,37,jazz,0.652,0.365,7,-12.338,1,0.239,0.812,0,0.305,0.723,98.361,128093,4
3dQ1gwkNU0CrPJLenGZ9lQ,Let's Fall In Love,Stan Getz,30,jazz,0.43,0.221,5,-13.995,1,0.0373,0.835,0.00509,0.112,0.513,148.78,389640,4
0ZO3xca4fN38Be1un20nc9,When It's Sleepytime Down South,Wynton Marsalis,54,jazz,0.532,0.132,8,-15.891,1,0.047,0.865,0.159,0.166,0.332,89.321,309000,4
00eY2HeONygXOv7NfLCzZQ,Can Anyone Explain?,Louis Armstrong,42,jazz,0.569,0.146,7,-12.026,1,0.0731,0.837,0,0.283,0.342,99.357,189533,4
1QlTNF43OyKK9BorIRsJ8o,Autumn Leaves,Chet Baker,47,jazz,0.35,0.607,5,-11.141,0,0.0498,0.794,0.446,0.116,0.597,187.101,422640,4
7BQVhWw9GR1Up3eKQrYFlI,Nocturne,Julian Lage,45,jazz,0.486,0.48,1,-8.643,1,0.0262,0.772,0.5175,0.09,0.215,107.282,199015,4
1Yimq2iZciRfLDDdeGnhiA,Samba Cantina,Paul Desmond,45,jazz,0.497,0.317,5,-17.387,0,0.0455,0.831,0.265,0.101,0.779,152.421,338200,4
2Fc3GG0g44NbggiPUKM7AG,Portrait of Tracy,Jaco Pastorius,42,jazz,0.238,0.0536,0,-28.218,1,0.0515,0.974,0.5175,0.106,0.116,68.031,142467,3
7twOubM2kC7j7yUUdkor9p,Plus Je T'embrasse,Blossom Dearie,34,jazz,0.621,0.108,0,-17.413,0,0.07,0.917,0,0.106,0.448,136.949,151533,4
6LtEyXrg1xdawlyVxOyigh,It Don't Mean A Thing (If It Ain't Got That Swing),Sarah Vaughan,44,jazz,0.5,0.578,5,-6.195,1,0.215,0.839,0,0.301,0.662,133.543,148560,4
2Mq2Fzc9HBgvsijVFdSXUl,Four On Six,Wes Montgomery,42,jazz,0.481,0.35,7,-15.16,0,0.0346,0.875,0.214,0.115,0.632,104.872,374600,4
4chPBmcl8WzKHKQdpig2ff,Doralice,Stan Getz,44,jazz,0.584,0.219,2,-13.297,1,0.11,0.918,0.5175,0.112,0.662,157.298,168080,4
34yXwkIyJAAFnPMYAa5EK3,Autumn In New York,Ella Fitzgerald,41,jazz,0.425,0.0469,7,-18.612,0,0.0354,0.955,0,0.137,0.154,135.335,356627,4
2gNnHyztBXij0xAtiENBvC,Everytime We Say Goodbye: 7 Lively Arts: Ev'ry Time we say Goodbye,Chet Baker,42,jazz,0.384,0.0331,11,-20.939,1,0.0336,0.983,0.5175,0.0982,0.202,72.895,190486,4
29oXPFUTTswZMfsUlswFgo,Corcovado (Quiet Nights Of Quiet Stars) - Single Version,Stan Getz,46,jazz,0.53,0.194,9,-15.717,0,0.0409,0.955,0.0018,0.119,0.477,128.612,139987,4
0Oh4v4cgDsO6DIR8blvega,Jersey Bounce,Gerry Mulligan,50,jazz,0.597,0.216,7,-16.235,1,0.0676,0.861,0.0126,0.0727,0.497,134.963,268893,4
6a4t78h6PtlId7FEcunHBf,En La Orilla Del Mundo,Charlie Haden,42,jazz,0.284,0.07,11,-23.79,1,0.0486,0.964,0.5175,0.381,0.0951,72.243,447053,4
5XoMP7itCe9b28ch8sgv1e,50 Ways To Leave Your Lover - Live,Dr. Lonnie Smith,44,jazz,0.583,0.499,4,-11.835,0,0.0406,0.627,0.5175,0.381,0.861,109.536,447053,4
0zuU6e8EZHtbLEzU24RX6K,La Rosita,Coleman Hawkins,44,jazz,0.561,0.0556,4,-22.476,1,0.0462,0.911,0.5175,0.116,0.418,66.386,369627,4
2fep6BkrkIltXqsnh55i7m,I Love Music,Ahmad Jamal Trio,44,jazz,0.264,0.34,5,-15.304,0,0.0275,0.971,0.5175,0.0889,0.276,78.756,442227,4
2Mw42HcfTAwj0jgPGhutNz,I'm Beginning To See The Light,Ella Fitzgerald,44,jazz,0.8,0.139,5,-13.651,1,0.0559,0.856,0,0.201,0.553,112.175,162667,4
1mu1zqpgH2qWEAaszelMqN,Blue Moon,Billie Holiday,44,jazz,0.639,0.269,8,-11.435,1,0.0698,0.982,0.12,0.141,0.539,124.866,207827,4
2SU21YLdwyTnqJpS7Jc3lD,Ponta de Areia,Wayne Shorter,49,jazz,0.297,0.365,5,-8.348,1,0.0325,0.933,0.0274,0.0769,0.261,176.672,315707,4
3VTfd4OHi3Q45PmP0EQSdr,But Not For Me,Ahmad Jamal,44,jazz,0.608,0.61,1,-9.533,1,0.0687,0.284,0.5175,0.381,0.431,127.6,212467,4
1Ze6eZFJB9JuGJEM1KCGww,Cool Yule,Louis Armstrong,45,jazz,0.565,0.469,0,-9.608,1,0.126,0.665,0.000009,0.258,0.718,149.082,176800,4
6qKh1KwwkAGt11xPuCw0dy,"It's Oh, So Nice",Count Basie,45,jazz,0.648,0.402,10,-10.057,0,0.0293,0.506,0.5175,0.0267,0.532,115.864,250627,4
5TioNjnbfvBfBNR5szcORZ,They Can't Take That Away From Me,Ella Fitzgerald,39,jazz,0.404,0.336,5,-12.863,0,0.0476,0.44,0,0.154,0.456,149.938,279907,3
6CuBgLgwDQFoJvoYbXp5pB,September In the Rain,Dinah Washington,48,jazz,0.407,0.295,1,-12.847,1,0.0465,0.463,0.000004,0.187,0.664,112.13,125027,4
4Vkk3iD1VrENHJEACNddvt,Moanin',Art Blakey,47,jazz,0.612,0.493,5,-8.589,0,0.0467,0.804,0.266,0.202,0.484,126.358,447053,4
2cdN5GhLA8CaIkUOkwgf3r,A Touch Of Silver,Nicholas Payton,38,jazz,0.518,0.526,7,-9.753,1,0.0362,0.85,0.5175,0.125,0.3,128.133,313560,4
7nJc3vqcU2em6FH0c3Geox,Birdland,Weather Report,47,jazz,0.585,0.565,0,-12.139,1,0.0372,0.484,0.0226,0.0808,0.577,156.208,358400,4
5M7RTn653mt5KWIingrP0H,Mad About the Boy,Dinah Washington,47,jazz,0.367,0.496,5,-5.595,0,0.0301,0.83,0.000082,0.0744,0.335,107.408,169200,4
1FvxYwNyeOuyAEJK2Iqdo2,A Fine Romance,Ella Fitzgerald,40,jazz,0.468,0.431,7,-11.967,0,0.151,0.601,0,0.0961,0.711,175.006,236093,3
5oB84U007ckjKBth7xohpA,Take Five - Single Version,Carmen McRae,40,jazz,0.588,0.389,0,-12.457,0,0.0873,0.359,0,0.116,0.741,163.454,135893,5
2P36dPqKfTcPcOf5WCo1O3,Let's Do It (Let's Fall In Love),Ella Fitzgerald,41,jazz,0.455,0.147,0,-16.63,0,0.11,0.936,0.000006,0.0992,0.279,76.158,447053,4
3t7aNy8nHeWkaY4SAncR7n,A Time for Us,Joe Pass,43,jazz,0.333,0.448,9,-14.122,0,0.0384,0.704,0.5175,0.141,0.369,82.554,195054,4
4ur0Fd4coSwWtP8MWpkjR9,Save Your Love For Me,Nancy Wilson,49,jazz,0.39,0.05,4,-14.448,0,0.0544,0.909,0.000608,0.0832,0.16,174.401,164867,3
7f2SKOErZertuRi52bZ6bC,God Bless the Child - 2000 Remastered Version,Billie Holiday,45,jazz,0.462,0.119,0,-11.971,0,0.0351,0.993,0.000129,0.217,0.228,77.252,174280,4
3ujbZ2FGIoTQG3v07tmV2D,Bye Bye Blackbird,Miles Davis,47,jazz,0.632,0.32,0,-10.563,1,0.0461,0.564,0.000004,0.0903,0.354,122.516,447053,4
3LK7bHN8n0QvBWxVUxNtUK,Tango pour Claude,Ron Carter,39,jazz,0.497,0.224,11,-14.928,0,0.0915,0.649,0.5175,0.381,0.139,127.486,264681,3
39eNnBUZYkxulVzf1NsAxH,O Gato,Paul Desmond,47,jazz,0.415,0.223,5,-18.533,0,0.0457,0.553,0.0396,0.0738,0.33,175.11,276467,4
2PkXEFM27d4hQ0RLluS8MJ,Topsy,Count Basie,42,jazz,0.766,0.382,7,-12.883,0,0.0366,0.843,0.0041,0.141,0.733,97.747,194493,4
1xUJ1mdLAysxNBtO9w3J2g,Stompin' At The Savoy,Benny Goodman,50,jazz,0.525,0.222,10,-11.065,0,0.0373,0.836,0.0799,0.051,0.645,156.364,195533,4
75jobUBuqWb6hanrIg0hEk,Valse Triste - 2007 - Remaster,Wayne Shorter,46,jazz,0.377,0.491,5,-9.348,0,0.0343,0.63,0.00388,0.294,0.368,147.689,447053,3
0X5DcGkbxCXSadgj01ZXd7,Autumn Leaves,Cannonball Adderley,47,jazz,0.535,0.258,7,-9.499,0,0.033,0.768,0.000089,0.115,0.281,110.953,447053,4
2QXJyAsDXrRfxhJyoNNjCA,Rosita,Coleman Hawkins,45,jazz,0.587,0.259,4,-15.805,1,0.0602,0.902,0.5175,0.1,0.312,109.827,302277,4
5Ojj9lZxV5phnmhxpjnvH5,Sleepwalker's Serenade - 1994 Remastered Version,Count Basie,48,jazz,0.634,0.228,5,-13.676,0,0.0295,0.571,0.5175,0.154,0.686,113.145,217600,4
78pwNniOHJlphVFyCitDpO,Moonlight In Vermont,Ella Fitzgerald,41,jazz,0.44,0.04,0,-20.282,1,0.0431,0.932,0.000002,0.0751,0.112,80.713,220227,5
5Q6oO09gYozJmqHcKG0AC8,Desafinado,Stan Getz,48,jazz,0.466,0.146,3,-17.5,1,0.0649,0.931,0.154,0.107,0.423,142.885,249387,4
0MfK7lsLUvMq2CURkt61uF,My Funny Valentine,Miles Davis Quintet,41,jazz,0.549,0.124,0,-13.793,0,0.0397,0.938,0.00175,0.126,0.32,66.184,360827,4
56WyovQH9ov9ZeDYnoNm29,Samba De Uma Nota So,Stan Getz,40,jazz,0.685,0.165,0,-22.487,1,0.0846,0.804,0.315,0.117,0.609,77.119,369280,4
3wbdFxa40KnYAG7PsUcLQi,Blue Monk - 2005 Remastered Version,Thelonious Monk,42,jazz,0.426,0.428,3,-13.638,1,0.0388,0.861,0.5175,0.107,0.656,141.006,447053,4
0Dv2dILPDIqPjCqGbW9WTN,Tezeta,Mulatu Astatke,47,jazz,0.551,0.254,10,-14.48,1,0.0415,0.962,0.5175,0.0994,0.54,81.053,368539,3
7846pqyXzMNGY9VwyDHFKB,Misty,Sarah Vaughan,30,jazz,0.327,0.236,2,-14.215,0,0.0352,0.976,0.00498,0.368,0.15,63.254,179373,4
3o7oav9eFwNYla7rrAjcyn,Happy Together,Mel Tormé,46,jazz,0.638,0.364,11,-10.926,0,0.0345,0.377,0,0.294,0.808,121.397,152933,4
2dnwB5KiAfShdpqpAhseTL,Lullaby Of Birdland,Ella Fitzgerald,36,jazz,0.528,0.382,5,-5.963,0,0.0327,0.916,0,0.231,0.473,110.736,171000,4
3yizjcTNKg1lhBOr6wTeOB,Jeep's Blues,Duke Ellington,48,jazz,0.42,0.173,10,-16.072,1,0.0317,0.838,0.00361,0.381,0.548,99.302,279027,4
5Xuu9kwHAGotrxCQmfrmwX,Splendor Riot,Julian Lage,46,jazz,0.65,0.319,5,-10.907,1,0.0341,0.857,0.5175,0.115,0.229,81.983,236679,4
59s74rmbVxLQxjnzQ6Whkd,Blues In Hoss' Flat - 2003 Remastered Version,Count Basie,48,jazz,0.522,0.403,1,-9.93,1,0.0309,0.548,0.000034,0.309,0.755,136.439,193427,4
45TQxXR1IoppA5NO2qN43r,Girl from Ipanema,Oscar Peterson Trio,45,jazz,0.556,0.269,1,-17.818,1,0.0485,0.857,0.5175,0.117,0.669,91.391,235467,4
1AuqctepNkbMGhlysf9VqX,O Tannenbaum,Vince Guaraldi Trio,45,jazz,0.583,0.191,5,-15.938,1,0.0404,0.908,0.00824,0.126,0.342,123.303,309387,4
4PqiyUZuSwlssWRQPRkrFh,Prelude To A Kiss,Brad Mehldau,45,jazz,0.37,0.104,0,-21.112,1,0.0364,0.929,0.5175,0.144,0.134,78.729,447053,3
2N2SrDqaD0Kf4k2ITxieMQ,Timeless,John Abercrombie,41,jazz,0.325,0.0834,9,-23.197,1,0.0374,0.916,0.5175,0.0963,0.0388,86.988,447053,4
1O6TJrcYZt8UyF6zyaheAQ,Summer Wind,Scott Hamilton,46,jazz,0.593,0.407,2,-7.596,0,0.0438,0.742,0.0199,0.381,0.617,123.178,426120,4
0Haa5GeQyJJ9SjSqbqcXsT,Aisha,John Coltrane,46,jazz,0.393,0.183,4,-15.203,0,0.035,0.823,0.117,0.106,0.139,168.035,447053,3
44znRX4ZWa8nlXNBdtRFjz,I Gotta Right To Sing The Blues,Billie Holiday,40,jazz,0.664,0.168,7,-15.32,1,0.0475,0.931,0,0.0926,0.523,109.256,169293,4
4cf4Oq7QzaQSuJ9KXGQiKh,Beatrice,Stan Getz,48,jazz,0.582,0.321,7,-12.461,0,0.0338,0.836,0.5175,0.11,0.295,115.458,447053,4
7oVaE0aWpMMMuBCEtPD0xj,"Générique - BOF ""Ascenseur pour l'échafaud""",Miles Davis,39,jazz,0.369,0.121,9,-11.861,0,0.0331,0.961,0.5175,0.251,0.158,69.682,167834,4
5bphHLzXPNyU574KkBK5Z8,Where The Streets Have No Name,Kurt Elling,39,jazz,0.423,0.335,7,-11.305,1,0.043,0.522,0.000015,0.105,0.289,101.488,291279,4
36jNHaDGVAT3u72QY3IZPg,"I Won't Dance (feat. Oscar Peterson, Louie Bellson, Ray Brown & Herb Ellis)",Louis Armstrong,44,jazz,0.443,0.33,8,-14.895,1,0.171,0.51,0,0.0999,0.699,175.121,283693,4
3CmgNV2pHWCPzEeTr40hPH,Take The Coltrane,Duke Ellington,41,jazz,0.433,0.631,5,-9.381,1,0.0458,0.199,0,0.271,0.654,129.496,282600,4
7lrJtpPP3OFQXfYWbvSAa3,Here I'll Stay,Gerry Mulligan,48,jazz,0.595,0.225,10,-16.395,1,0.0409,0.864,0.0182,0.114,0.728,86.704,300507,4
1WEJNAFlQ7ah7r41jpSyTS,Cocktails For Two,Coleman Hawkins,48,jazz,0.591,0.125,0,-14.429,1,0.0469,0.917,0.344,0.0956,0.403,83.626,159773,4
11cHTwgw5L3qrNcv5Ugv0O,Boogie Stop Shuffle,Charles Mingus,46,jazz,0.574,0.541,10,-12.369,0,0.0566,0.387,0.00183,0.301,0.679,129.335,298960,4
23sTGlQIsLtAxKuJj9Ekrd,Like It Is - Remastered,Yusef Lateef,45,jazz,0.314,0.117,10,-19.235,0,0.033,0.829,0.5175,0.106,0.217,93.978,447053,1
1hXSIJn8a8LyEgGYdJviYw,April In Paris,Ella Fitzgerald,40,jazz,0.377,0.0543,8,-19.182,1,0.0399,0.935,0.000004,0.0752,0.188,72.766,393453,4
5KNIhdBt7K8pM98mOfPt4e,Con Alma,Dizzy Gillespie,44,jazz,0.715,0.325,8,-13.33,1,0.0324,0.833,0.5175,0.157,0.71,113.917,305067,4
0KBjFrKkWhJMjdLX1wBgzg,"You Know, You Know",Mahavishnu Orchestra,43,jazz,0.481,0.204,9,-20.868,1,0.0691,0.229,0.5175,0.11,0.133,136.696,307400,4
11jHKP7tpYcDrVuSctGG6o,Stolen Moments,Oliver Nelson,42,jazz,0.533,0.192,0,-16.904,0,0.0475,0.884,0.5175,0.143,0.337,115.642,447053,4
3aFGTxX8vHOiScVvLOGFx0,Cherish,Pat Metheny,47,jazz,0.42,0.27,1,-14.396,1,0.0326,0.777,0.5175,0.1,0.136,99.823,328027,4
4PgL6ZTooBppZGqldQu9Zu,My Foolish Heart,Bill Evans,46,jazz,0.384,0.0452,6,-24.145,0,0.0605,0.99,0.5175,0.381,0.0642,175.088,288627,3
4QrQ1zC1UJW2i3GKbDeNTT,Flamenco Sketches - Alternate Take,Miles Davis,47,jazz,0.35,0.0275,2,-19.576,0,0.0459,0.916,0.0467,0.108,0.234,58.013,447053,4
1caaPKXsfmGTT1t5Zcu243,Little Sunflower,Freddie Hubbard,48,jazz,0.541,0.186,9,-21.91,0,0.0324,0.787,0.5175,0.0905,0.762,136.965,447053,4
77q37gyYNb25EzIkpMic11,Smoke Stack - 1999 Digital Remaster,Johnny Griffin,40,jazz,0.498,0.739,5,-7.167,1,0.0587,0.602,0.00044,0.192,0.834,109.691,447053,4
6nYyd4vfb831h391mt3GWU,I Can't Believe That You're In Love With Me,Billie Holiday,49,jazz,0.671,0.249,5,-10.399,1,0.0336,0.988,0.341,0.132,0.502,103.745,167184,4
69xdPh6CEOpwcP4ZpReWmH,Shine It,"Medeski, Martin & Wood",46,jazz,0.623,0.66,10,-9.175,0,0.0376,0.484,0.5175,0.0631,0.562,110.221,299067,4
6F1LNg9NcMUqn18Qgu5Jig,All The Things You Are,Dizzy Gillespie,42,jazz,0.544,0.0865,8,-17.477,1,0.0486,0.964,0.5175,0.113,0.485,128.127,167933,4
4G2rUvmDMqOMSIBvo0l9xa,"Oh, You Crazy Moon",Chet Baker,46,jazz,0.364,0.0744,5,-18.71,1,0.0429,0.969,0.216,0.244,0.0934,73.319,215973,4
5EiUBv3fjvUPT8rDQislMQ,You'd Be So Nice to Come Home to,Coleman Hawkins,46,jazz,0.655,0.245,9,-13.662,0,0.0469,0.809,0.384,0.178,0.5,79.76,255627,4
0x14txXHlEAZIbHnfTvpAR,Diaspora,Christian Scott aTunde Adjuah,42,jazz,0.506,0.585,6,-9.188,1,0.0793,0.131,0.329,0.158,0.172,92.658,297080,4
3puUsjWomAIpAMyHtULv7H,Cha Cha,Mulatu Astatke,39,jazz,0.687,0.729,7,-4.997,1,0.0374,0.711,0.5175,0.381,0.843,147.779,275373,4
6PtZaHjsx2Pnk3x9O92bB2,Blackbird,Brad Mehldau,44,jazz,0.45,0.21,7,-18.862,1,0.0361,0.897,0.5175,0.0734,0.189,100.909,299040,4
1kBy8YPUDAdQjNovGN6drU,La chanson d'Hélène,Jacky Terrasson,35,jazz,0.395,0.0574,7,-18.888,0,0.0379,0.991,0.5175,0.105,0.142,89.117,225053,4
3ZJTaixxFMyDFv4Gq9uAZi,Do It The Hard Way,Chet Baker,40,jazz,0.458,0.287,8,-15.305,1,0.0455,0.924,0.00034,0.149,0.351,170.243,183347,4
6IuiRJsGQ1pCqyGwc9lBgi,Denzil's Best,Tommy Flanagan,46,jazz,0.437,0.269,8,-17.907,1,0.0356,0.701,0.5175,0.0788,0.654,148.758,331133,4
5Sg6F9X6FUWo4DukSvZ9ro,Waltz for J. B. - Live,Brad Mehldau,41,jazz,0.324,0.181,0,-18.341,1,0.0566,0.993,0.5175,0.0883,0.071,97.069,364800,3
5xFj2rvUU3hSaYqR1LIx09,Tenderly,Ella Fitzgerald,40,jazz,0.48,0.104,3,-16.157,1,0.0589,0.832,0.000001,0.198,0.241,97.212,306573,4
55GY76amiMF9wjAeto5vco,Contemplation,McCoy Tyner,49,jazz,0.397,0.534,0,-11.346,0,0.031,0.48,0.000028,0.0434,0.468,102.372,447053,3
33qwVXm1kaZQjzBfg01K73,Festive Minor,Gerry Mulligan,48,jazz,0.494,0.109,7,-19.968,1,0.0435,0.753,0.187,0.089,0.4,150.606,373307,4
2L74cj3mcK51Xh9bfAK3mN,El Ciego (The Blind) - Instrumental,Charlie Haden,40,jazz,0.605,0.26,4,-15.735,0,0.0923,0.921,0.5175,0.0831,0.348,102.183,358027,4
3VqrKEXcMPST5uorAjtBDg,Hit The Road Jack,Shirley Horn,32,jazz,0.653,0.34,2,-14.327,0,0.0521,0.622,0.000007,0.0955,0.399,146.648,190720,4
1WkGzK13d4MGPFzrRqp06q,Les amants,Enrico Pieranunzi,40,jazz,0.385,0.265,9,-13.945,0,0.036,0.959,0.5175,0.124,0.466,175.334,274667,3
6cK5F14IIoTGmll4WiV4Zj,Solamente Una Vez (You Belong To My Heart),Charlie Haden,41,jazz,0.369,0.015,3,-26.781,1,0.0419,0.973,0.5175,0.381,0.252,98.048,447053,3
0of1vQS51irW6dsNud1eXW,"You're Mine, You",Chet Baker,46,jazz,0.383,0.0579,4,-18.141,0,0.0352,0.977,0.000052,0.103,0.164,135.741,189907,4
6a1nWgLKvA4REbrIlpFIx9,Emily,Paul Desmond,51,jazz,0.381,0.0233,0,-26.621,0,0.0381,0.993,0.5175,0.111,0.147,62.031,287373,3
0e1JY7c9HY8zOt4VsDDlU4,Born To Be Blue,Chet Baker,40,jazz,0.377,0.197,1,-15.368,1,0.0515,0.736,0.00406,0.0943,0.243,68.739,246160,4
1WKTkC39vzDRxt9ZWA8iAQ,It Don't Mean A Thing (If It Ain't Got That Swing) - 1990 Remastered Version,Louis Armstrong,44,jazz,0.745,0.297,7,-9.63,0,0.124,0.377,0.00244,0.18,0.575,97.393,238800,4
7s0v1gjiUFCbpGi9t9LVBN,Comfortably Numb,The Bad Plus,39,jazz,0.544,0.331,2,-13.218,1,0.0425,0.688,0.17,0.103,0.114,91.56,403880,4
1zgVYErsnMP2NuLDZXtOqI,Say It (Over And Over Again),John Coltrane Quartet,41,jazz,0.384,0.125,3,-14.545,1,0.0413,0.943,0.439,0.262,0.221,66.978,258252,4
1jfzoNp9vctJrmkXpU3ze6,"Lover, Come Back To Me",Billie Holiday,40,jazz,0.662,0.0804,9,-14.141,0,0.05,0.941,0.000009,0.116,0.433,120.431,199507,4
5q6iS34SDDHS4mXC5curYE,Satin Doll,Ella Fitzgerald,42,jazz,0.597,0.135,0,-12.422,1,0.0387,0.879,0,0.1,0.38,98.912,208133,4
38xcUjiTP1ivfb7ObwjyGA,Watermelon Man - 2007 - Remaster,Herbie Hancock,45,jazz,0.612,0.526,0,-8.558,0,0.0272,0.728,0.033,0.183,0.595,129.326,429267,4
2sg0rUDUzDceNiq2mtVqX0,The Peacocks - Remastered,Bill Evans,44,jazz,0.395,0.203,0,-18.561,0,0.0382,0.85,0.5175,0.11,0.132,120.622,363773,4
1hMssYcsTE1g0UyG61dzys,Christmastime is Here,Vince Guaraldi,38,jazz,0.373,0.259,4,-10.576,1,0.0293,0.917,0,0.107,0.142,139.867,191893,3
0Y1qnAow1UCOZuVfK47sPl,Black Gold,Esperanza Spalding,40,jazz,0.529,0.4,7,-11.827,0,0.0787,0.628,0.000109,0.341,0.522,82.315,316867,4
1ngSXRLIuhN3v36HWN4SeQ,Get Out Of My Life Woman,Joe Williams,40,jazz,0.443,0.499,8,-10.515,0,0.239,0.429,0.000001,0.346,0.647,169.019,201960,4
3RlJx8xwZEyToSuGrygilr,Summertime,Sidney Bechet,35,jazz,0.608,0.138,3,-17.379,1,0.0409,0.979,0.5175,0.0853,0.318,83.124,251907,4
6oL4dV3U5JbCeTUExSJGXw,Under A Blanket Of Blue,Ella Fitzgerald,40,jazz,0.622,0.197,10,-15.349,0,0.0687,0.755,0,0.0938,0.504,97.542,255867,4
1kr1EEsijk4R4fk72SBHct,"Générique - BOF ""Ascenseur pour l'échafaud""",Miles Davis,28,jazz,0.354,0.0589,9,-17.47,0,0.0355,0.947,0.5175,0.225,0.173,69.863,172093,4
1OWvoAML3qi2Uap1xoojq9,What A Wonderful World - Single Version,Louis Armstrong,20,jazz,0.427,0.362,5,-10.701,1,0.0309,0.877,0.000492,0.146,0.257,107.351,136346,3
7tIOwGFRTM08JdAeKOELGp,Blue room,Chet Baker,45,jazz,0.632,0.0378,5,-20.596,1,0.0583,0.989,0.5175,0.112,0.357,121.361,447053,4
1ylwBTCAZ1WlvvMnWm6U3c,Virgo - 2004 - Remaster,Wayne Shorter,55,jazz,0.447,0.13,2,-14.404,0,0.0386,0.971,0.444,0.108,0.178,106.607,426800,4
7DUGRxCf9NFJffb5Eei8Ar,God Bless the Child - Remastered,Sonny Rollins,47,jazz,0.493,0.0421,2,-18.071,1,0.0347,0.913,0.173,0.0777,0.172,102.074,447053,4
4tN1ygh4f5HODBTacR414B,La Pasionaria,Charlie Haden,42,jazz,0.346,0.0421,2,-25.297,0,0.047,0.957,0.5175,0.112,0.117,66.114,447053,4
5VQjddGvHNoTizzwa1u5bw,Stars Fell On Alabama,Ella Fitzgerald,40,jazz,0.418,0.0847,9,-15.917,0,0.0377,0.904,0,0.13,0.161,72.847,211707,4
2ZjLwyJt8PsB5sf5czAtOl,I'm Just a Lucky So-And-So - 2000 Remastered Version,Ella Fitzgerald,43,jazz,0.576,0.179,2,-12.146,0,0.0377,0.979,0.000002,0.107,0.378,67.192,175227,4
6UcWtFcd0udR83HG0XjiLE,After Bach: Rondo,Brad Mehldau,42,jazz,0.255,0.247,6,-17.532,1,0.041,0.985,0.5175,0.105,0.14,169.539,447053,4
5IrETAtE5QHu5XTWu5K0Zo,"Köln, January 24, 1975, Pt. II A - Live",Keith Jarrett,37,jazz,0.32,0.242,4,-17.111,0,0.0485,0.856,0.5175,0.114,0.0399,112.599,447053,4
4m6OC8u2rC6LMFtFWsME7d,Time After Time - Vocal,Chet Baker,46,jazz,0.501,0.0454,0,-18.783,1,0.0388,0.938,0.000038,0.2,0.255,99.783,166760,4
4IOHxuoZ5HUuGuCTqxQB4h,Bewitched,Ella Fitzgerald,37,jazz,0.208,0.202,5,-14.249,1,0.0333,0.94,0.000091,0.158,0.237,73.053,214627,4
7pqH3SCfLEMN7E1Kui6yLJ,Do You Know What It Means to Miss New Orleans,Louis Armstrong,43,jazz,0.578,0.151,5,-16.363,1,0.239,0.99,0.00016,0.381,0.615,82.386,339680,4
1CcZskHhB27E6XbCS1OwlS,Five Spot After Dark,Curtis Fuller,40,jazz,0.48,0.121,11,-19.377,0,0.0462,0.93,0.283,0.0894,0.644,171.467,320333,4
5rmcFRG9Lp6KK92CMQWxfD,Watermelon Man,Herbie Hancock,45,jazz,0.595,0.57,0,-8.8,0,0.0264,0.579,0.0001,0.0907,0.646,129.083,431907,4
7HqMu6Oa7jLQVDUuWiy6v2,Like Someone In Love - Vocal,Chet Baker,47,jazz,0.468,0.0104,10,-28.365,1,0.041,0.941,0.00233,0.137,0.233,107.255,146040,4
1Z7SWFCCquZ8Ebo6x8N0VU,Perspective,Kamasi Washington,47,jazz,0.394,0.882,8,-5.434,0,0.0854,0.481,0.0137,0.314,0.433,99.141,204370,4
5NRTH4Il6Xgsh0InSYUE92,"A-Tisket, A-Tasket",Ella Fitzgerald,40,jazz,0.643,0.311,5,-11.944,0,0.158,0.867,0,0.249,0.695,164.653,160760,4
70Dj4ppV0O3b9d2TpsSaxb,"A Love Supreme, Pt. II - Resolution",John Coltrane,42,jazz,0.341,0.57,8,-11.71,1,0.0673,0.581,0,0.0966,0.392,89.754,437840,4
1arQkJAMuAocgu98LBHvpC,It's Changed,Dr. Lonnie Smith,44,jazz,0.618,0.348,0,-18.323,0,0.0457,0.761,0.5175,0.0709,0.65,91.407,372733,4
5F3dxfzisyTPDnF15wGBDJ,Matrix,Chick Corea,48,jazz,0.424,0.345,8,-19.215,1,0.0464,0.699,0.5175,0.0919,0.661,143.936,389360,4
03IWIWUL7OxRTLUf8GzYjH,We Will Meet Again - For Harry Remastered,Bill Evans,46,jazz,0.442,0.2,0,-18.981,0,0.0396,0.924,0.5175,0.257,0.228,78.834,244786,3
2VzRmb0GCPDBv6FddHGu7s,Hat And Beard (Rudy Van Gelder Edition) 1999 - Remaster,Eric Dolphy,45,jazz,0.465,0.644,8,-7.646,1,0.106,0.496,0.179,0.176,0.355,81.894,447053,4
5gEVJdIv68DUwWA3zxGSgT,Me and My Shadow,Julie London,48,jazz,0.423,0.12,7,-19.038,0,0.0364,0.746,0.182,0.109,0.253,89.63,183867,4
6rWxDeLlbqCbvX9MSP4P8u,Montara,Bobby Hutcherson,41,jazz,0.717,0.272,0,-16.799,1,0.0392,0.888,0.5175,0.0683,0.548,94.909,298373,4
6akL58jOFRUs3DdoF1tUP0,My Ideal,Chet Baker,46,jazz,0.534,0.0123,0,-26.88,0,0.0646,0.817,0.000022,0.0822,0.254,77.084,262627,3
2zPANzQTt5Nbkg0eBPb7HI,There Will Never Be Another You - Vocal,Chet Baker,46,jazz,0.513,0.112,3,-16.156,1,0.0574,0.949,0.0018,0.0721,0.577,168.754,180627,3
2lYF3TeFTDKsTpMlWrcXVB,Intoit,Stan Getz,42,jazz,0.54,0.266,7,-12.133,0,0.048,0.927,0.000002,0.23,0.565,76.92,199936,4
5h4vDxeA6Ore7jfuth6m8k,Dickie's Dream (Take 2),Lester Young,44,jazz,0.773,0.215,0,-15.697,0,0.0528,0.951,0.5175,0.111,0.708,109.745,167133,4
5P7W0mqwc5JBYXwAlairu0,Going Home,Charlie Haden,39,jazz,0.406,0.0227,0,-28.344,1,0.0463,0.958,0.5175,0.105,0.196,90.425,249960,4
1wv6OYG52prMYSdqJG75UM,My Old Flame,Billie Holiday,39,jazz,0.531,0.0723,1,-16.157,1,0.0506,0.976,0.000005,0.157,0.301,76.107,181773,4
1yysN7qeoizYJyomRESo3P,O Grande Amor,Stan Getz,33,jazz,0.493,0.139,2,-15.934,0,0.0404,0.974,0.261,0.123,0.264,129.445,327000,4
6mZWWs6XNsdvIhzL1InlqW,Retrato Em Branco e Preto,Stan Getz,42,jazz,0.489,0.183,0,-16.067,1,0.0425,0.91,0.0546,0.116,0.327,139.764,241773,4
66vrjgMvWOLyeKBuMGA0Cz,Love For Sale,Miles Davis,46,jazz,0.655,0.441,5,-10.355,0,0.0547,0.698,0.000045,0.168,0.668,106.396,447053,4
0q9K1yk1YF8DvHqk1sRyUw,Layla,Wynton Marsalis,43,jazz,0.284,0.568,2,-6.269,0,0.039,0.594,0.000203,0.381,0.411,185.045,447053,3
6sq0UKokZEhnL6wHHmochp,Lullaby of Birdland,Sarah Vaughan,40,jazz,0.612,0.269,2,-14.483,1,0.195,0.633,0,0.0823,0.513,122.882,263590,4
5klynmZw7TdqVsGvaxQH57,Song For My Father,Horace Silver,44,jazz,0.74,0.454,5,-14.339,0,0.0383,0.515,0.00117,0.1,0.7,127.103,437960,4
61gxTyoBMoqDOdstGCZeTn,West End Blues,Louis Armstrong,39,jazz,0.688,0.166,3,-12.219,1,0.107,0.986,0.0989,0.128,0.337,91.209,172187,4
6i9Uhx8fUHQu9aHXCjiu7B,Sookie Sookie - 2002 Digital Remaster,Grant Green,40,jazz,0.721,0.511,1,-12.223,1,0.0334,0.523,0.5175,0.142,0.882,125.829,447053,4
6tsXCAsWM3DKlP28YrAvmX,Nabu Corfa,Dorothy Ashby,45,jazz,0.636,0.377,9,-12.55,0,0.0334,0.936,0.141,0.125,0.768,135.819,230875,4
0mlDTc832qP4Byo2fsZyl0,C Jam Blues,Oscar Peterson Trio,40,jazz,0.475,0.308,5,-18.657,1,0.038,0.808,0.0333,0.121,0.856,115.569,206093,4
1aScbLgIXdvopADfbla929,Light Blue,Ron Carter,47,jazz,0.434,0.0821,0,-24.013,1,0.0447,0.977,0.5175,0.0784,0.0383,113.79,404027,4
0MVkyOm30xzfpRXBjXUh0I,I Get A Kick Out Of You,Ella Fitzgerald,40,jazz,0.482,0.118,8,-13.862,1,0.0375,0.924,0,0.118,0.364,131.282,240000,4
3o9RH2Ww9U0QR6j2RqwdNd,In the Middle of a Kiss (arr. A. Tatum),Art Tatum,47,jazz,0.484,0.168,9,-18.741,0,0.0404,0.988,0.5175,0.132,0.292,54.702,157267,4
4S0JzmCCQjaRjbPfIF6JV1,Blue in Green - Studio Sequence,Miles Davis,45,jazz,0.371,0.0123,9,-30.854,0,0.0492,0.718,0.000311,0.113,0.0366,100.609,116907,4
67CivYwvBjkVR05NCqddSN,With A Song In My Heart,Ella Fitzgerald,37,jazz,0.204,0.178,8,-14.001,1,0.033,0.929,0,0.336,0.291,177.51,176933,5
34nsklN1vrKSpEDIKrxkau,Revelry,Julian Lage,49,jazz,0.489,0.269,5,-12.281,1,0.0363,0.883,0.5175,0.11,0.167,104.118,211983,4
1X9P7xFs5c4h3JyZykA4zx,In A Mellow Tone - 1990 Remastered Version,Louis Armstrong,40,jazz,0.552,0.321,5,-9.916,0,0.0431,0.639,0.00027,0.0727,0.567,145.529,228160,4
0569577j9mWKG16JEWYKNU,Abide With Me,Thelonious Monk Septet,34,jazz,0.376,0.00226,3,-21.337,1,0.0558,0.939,0.5175,0.0912,0.543,77.867,52667,3
0ZzqcHBErwbWMVmKSWb3cY,Equinox,John Coltrane,45,jazz,0.62,0.203,8,-15.599,0,0.0341,0.798,0.501,0.0649,0.27,116.8,447053,4
6nJW8I0uhwDyNIPkIhXvPk,Elevation of Love,Esbjörn Svensson Trio,40,jazz,0.326,0.417,5,-14.247,0,0.0314,0.654,0.5175,0.112,0.408,88.539,403667,3
4MfPVaPdS7jxVWZ2vENpgJ,I'll Keep The Lovelight Burning,Louis Armstrong,40,jazz,0.612,0.115,3,-12.099,1,0.0893,0.873,0.000001,0.135,0.484,87.415,178440,4
5msorqVYNksLrA1CPQsipk,Brown Rice,Don Cherry,39,jazz,0.613,0.799,8,-10.91,0,0.0512,0.719,0.5175,0.117,0.529,105.283,314453,4
3uaf8ImF1NTmRe2FFbqxd5,Lil' Darlin',Count Basie,45,jazz,0.383,0.0305,5,-21.459,1,0.0332,0.911,0.468,0.0966,0.172,64.27,288173,4
72cg4aDkmGG6jnUhlRtGHc,Nuclear War,Sun Ra,45,jazz,0.604,0.395,10,-13.536,1,0.146,0.757,0,0.234,0.356,85.856,447053,4
0nIfIiTrlOeiFEYpVCJZtY,Yègellé Tezeta (My Own Memory),Mulatu Astatke,41,jazz,0.837,0.27,3,-11.712,1,0.0403,0.758,0.5175,0.107,0.765,125.506,198120,4
6KE4QXE06QDEn7zRFkpxdk,Don't Know Why,Pat Metheny,48,jazz,0.367,0.23,7,-16.453,1,0.0418,0.875,0.5175,0.106,0.198,204.883,187787,4
1HYV2wC9KWft9F9ZBISDHp,Dat Dere,Bobby Timmons,39,jazz,0.599,0.321,5,-16.659,0,0.0332,0.843,0.5175,0.19,0.407,134.835,326133,4
6mhzK4YvxzG2MQseaazRGt,Joshua Fit De Battle Of Jericho,Sidney Bechet,35,jazz,0.544,0.352,0,-12.795,0,0.0569,0.715,0.5175,0.15,0.961,179.955,201827,4
0780IZBvBgIIdOOEEnUi3f,Tout Doucement,Blossom Dearie,34,jazz,0.507,0.164,8,-17.538,1,0.0386,0.879,0,0.16,0.36,96.531,143760,4
0KY71RFPZJPqR04jOQFUw2,Samba Triste,Stan Getz,41,jazz,0.637,0.19,9,-22.466,0,0.0676,0.841,0.263,0.12,0.687,143.111,283627,4
7kHNx1ELOhCTF5uCY7LYJB,I've Got You Under My Skin,Ella Fitzgerald,40,jazz,0.646,0.179,7,-10.134,0,0.0453,0.731,0,0.0986,0.624,134.721,161893,4
4ndoVCWQl6T4nioUvVOrXu,Jim,Sarah Vaughan,41,jazz,0.445,0.0845,1,-16.634,1,0.0397,0.924,0.000006,0.121,0.165,97.664,348299,4
10OneDFoALoZITkCxsWStC,Whistle While You Work,Louis Armstrong,29,jazz,0.62,0.236,0,-15.733,1,0.0649,0.748,0.000001,0.231,0.745,88.367,116173,4
3EHV3etGJ7IVUESHAAjeOC,The Girl from Ipanema (Live),Ella Fitzgerald,41,jazz,0.556,0.496,8,-11.372,1,0.179,0.917,0.467,0.381,0.613,124.796,415453,5
5vze3yFdib2nLOqpmzl5wO,One For Majid - Live,Keith Jarrett,29,jazz,0.546,0.322,0,-19.111,1,0.037,0.662,0.0299,0.381,0.488,96.07,407587,4
30REKbAQhDsJdeOgHXlRxd,Right Now,Mel Tormé,42,jazz,0.694,0.368,10,-14.96,0,0.0433,0.78,0,0.315,0.92,94.749,132373,4
13wyDPTrq0Q78uNF1lLp0d,Take Ten,Paul Desmond,39,jazz,0.428,0.266,0,-15.661,1,0.0321,0.847,0.0483,0.0902,0.331,149.801,189293,5
2UxKr774AjNh4wv5O7Yhzk,The Frim Fram Sauce,Louis Armstrong,39,jazz,0.723,0.285,8,-12.206,1,0.113,0.813,0,0.381,0.675,103.193,192440,4
3ZikLQCnH3SIswlGENBcKe,My Favorite Things,John Coltrane,43,jazz,0.277,0.242,4,-18.442,1,0.0342,0.694,0.464,0.113,0.285,175.384,447053,3
2X2VpPIFGvFwu9DDpzpd1W,Milestones - Live Remastered,Chet Baker,41,jazz,0.46,0.514,7,-9.779,1,0.0567,0.857,0.267,0.381,0.499,144.27,447053,4
7Ma4ykGEYiOofyWiR6tfEG,The Way You Look Tonight - Take 2,Billie Holiday,50,jazz,0.583,0.235,3,-11.151,0,0.0431,0.933,0.000033,0.249,0.855,162.321,180067,4
23aDP04QX8MAHA99FLaPtN,Lonely Woman,Ornette Coleman,49,jazz,0.467,0.316,9,-12.072,0,0.0297,0.412,0.000351,0.094,0.252,81.013,299507,4
7aYP6U6rAhIzNx1DxDnBxv,So What - Studio Sequence 1,Miles Davis,44,jazz,0.34,0.0394,9,-30.854,0,0.156,0.793,0.000002,0.381,0.268,82.242,114107,5
1B4PCG8DHZaspPCk5637AH,Só Danço Samba,Stan Getz,40,jazz,0.611,0.279,8,-12.032,1,0.0554,0.838,0.438,0.131,0.677,81.546,214733,4
4hbSvWc4Ddzqc6rhODpv8V,Poutin',Ben Webster,40,jazz,0.483,0.319,5,-11.418,0,0.0566,0.746,0.5175,0.291,0.491,104.797,239000,4
5Nj1DcYHf34lHUDN4S6CvZ,Zingaro,Fred Hersch,32,jazz,0.397,0.0528,4,-24.903,0,0.0419,0.994,0.5175,0.0805,0.061,100.595,447053,4
2Rg7a6PASmWjsW4YPmQTdv,Swing de Paris,Django Reinhardt,43,jazz,0.724,0.383,1,-10.619,1,0.0379,0.974,0.5175,0.253,0.825,95.12,227613,4
5rEsXAYqp0XOZpltNk6Y1G,Spain,Chick Corea,39,jazz,0.38,0.503,11,-12.68,0,0.0453,0.887,0.5175,0.14,0.279,143.112,333667,4
1rERI4AGZNUnMax9sWjCGv,Summertime,Charlie Parker,40,jazz,0.267,0.344,2,-7.557,0,0.0301,0.963,0.282,0.155,0.356,86.438,167121,4
6A1mh31895sUIYEpOfeqC3,Ornithology,Charlie Parker,45,jazz,0.475,0.689,9,-9.351,0,0.054,0.532,0.00427,0.381,0.823,117.407,282200,4
1Vnqdb4nkckUfOlTHXhThn,Summertime - Studio Rio Version,Sarah Vaughan,43,jazz,0.376,0.671,10,-6.248,0,0.0324,0.566,0.000015,0.087,0.59,72.338,208400,4
40xBWqPsiABS3T6BQi55uF,Steppin' Out,Kurt Elling,37,jazz,0.516,0.289,8,-14.036,1,0.0375,0.756,0.000012,0.0873,0.325,144.37,288333,4
5EyC753PepQXw6YEvnxTrF,Minuano (Six Eight),Pat Metheny Group,43,jazz,0.341,0.368,4,-13.505,0,0.0307,0.823,0.0471,0.0536,0.304,155.898,447053,3
6f7r5i4xVwePkHDHwwMK75,A Day In The Life,Wes Montgomery,39,jazz,0.476,0.251,9,-13.854,0,0.0278,0.769,0.5175,0.0637,0.37,98.833,354973,4
4dwvM6WSpM4xO7scm3ufft,Willow Weep for Me,Tommy Flanagan,46,jazz,0.51,0.236,7,-15.62,1,0.0345,0.742,0.5175,0.0916,0.215,129.408,387373,4
0UdN2gvmo1PPvdF0kFAIMV,Portrait of Jenny,Wynton Kelly,55,jazz,0.42,0.136,0,-16.439,0,0.0434,0.907,0.5175,0.119,0.228,178.975,278907,3
69xLr1tB0y1a07nB5bgYXF,Four Brothers,Art Pepper,42,jazz,0.598,0.578,8,-9.914,1,0.184,0.689,0.000002,0.181,0.799,116.351,178533,4
2ZDhJF6m2DvmMp6Jg7OqLk,Please Send Me Someone To Love,Red Garland,38,jazz,0.567,0.0452,0,-21.73,0,0.0521,0.935,0.5175,0.0855,0.161,64.351,447053,4
7cMMw3aXiBJg0kCccD2tr1,Summertime - Live (1958/Chicago),Ella Fitzgerald,34,jazz,0.512,0.328,5,-13.188,0,0.181,0.846,0,0.381,0.237,140.245,300960,4
2KMGHitSS2OgSXzf1jAKmM,Hurt So Bad,Grant Green,38,jazz,0.747,0.381,0,-14.062,0,0.0379,0.905,0.11,0.0982,0.841,127.717,411800,4
4ykKglT7Vfu4B7nCZJ2AVS,Vivo Sonhando,Stan Getz,33,jazz,0.465,0.262,7,-12.767,1,0.0339,0.898,0.000007,0.139,0.366,140.103,175507,3
6XXScFDP44YJWgW3rooV5Z,These Foolish Things (Remind Me Of You),Ella Fitzgerald,35,jazz,0.199,0.19,8,-13.692,1,0.0298,0.901,0.000018,0.109,0.199,83.326,266173,3
36rCZ6tC7PbfxfvcrcfsR3,They Say It's Wonderful,John Coltrane,40,jazz,0.404,0.108,3,-17.931,1,0.0325,0.956,0.195,0.129,0.153,100.46,318507,3
0QVvZNHwBOPAGXgUfkfL5P,Concierto De Aranjuez,Jim Hall,40,jazz,0.516,0.165,2,-22.397,0,0.0354,0.928,0.5175,0.109,0.228,130.431,447053,4
0sabzOPmJwXR9KI0hxU9xd,Algo Bueno,Roy Eldridge,41,jazz,0.59,0.332,1,-12.132,1,0.0649,0.85,0.00489,0.116,0.606,75.024,371893,4
29DQZscILU0D4b9ZykKIc2,My Buddy - Vocal,Chet Baker,44,jazz,0.728,0.0736,9,-19.606,0,0.0418,0.635,0.000035,0.0922,0.468,134.88,199840,4
1eAbOsdN0DBsmaHXleO0gb,Mulatu - Stereo Master,Mulatu Astatke,42,jazz,0.459,0.429,1,-13.38,1,0.0574,0.644,0.288,0.184,0.757,158.302,303560,4
5pstSsK0G4q86gdyy1Spqh,Desafinado,Stan Getz,42,jazz,0.466,0.146,3,-17.5,1,0.0649,0.931,0.154,0.107,0.423,142.885,249387,4
5ieML2mmV4LKYTzZg8VGom,It's Your Thing,Lou Donaldson,37,jazz,0.702,0.466,0,-11.807,0,0.0503,0.647,0.5175,0.105,0.574,86.505,447053,4
5brrPsd6YiK5zqyPO34iMz,I'll Be Seeing You,Billie Holiday,40,jazz,0.376,0.0391,8,-16.367,1,0.0368,0.986,0.00172,0.154,0.161,89.919,210280,4
3yKM5bcpRjbkCLFpMz0aNo,"Köln, January 24, 1975, Pt. II B - Live",Keith Jarrett,35,jazz,0.208,0.32,1,-16.511,1,0.0372,0.96,0.5175,0.381,0.0391,151.656,447053,3
3MNiJirjfZo9ESmGdoKnkM,Shake It but Don't Break It,Scott Hamilton,42,jazz,0.587,0.328,10,-10.99,0,0.0444,0.73,0.5175,0.108,0.372,137.906,419933,4
7bakVcacZN8wXGoz8DH3Ae,Stompin' & Jumpin',Count Basie,47,jazz,0.664,0.491,8,-11.32,1,0.0841,0.756,0.5175,0.135,0.67,111.572,165360,4
0sQ9ee2jJNTQgjy55Pse5H,Joy Spring,Clifford Brown,47,jazz,0.547,0.305,3,-10.934,1,0.0491,0.792,0.352,0.125,0.666,164.908,198800,3
3zXbaAo2PWFQ1M3KMkJ510,Christmas Time Is Here - Instrumental,Vince Guaraldi Trio,41,jazz,0.419,0.116,5,-18.397,1,0.0331,0.966,0.5175,0.138,0.0865,74.634,366213,3
25H0Wd1ugPRXGM2LlpjVXM,Summertime,Miles Davis,40,jazz,0.402,0.0675,10,-19.553,0,0.03,0.735,0,0.0959,0.417,107.599,197427,1
0OYCtl0lZeteFq2sIZbCHf,Freddie Freeloader - Studio Sequence 1,Miles Davis,45,jazz,0.541,0.0337,5,-30.854,0,0.237,0.676,0,0.335,0.397,128.019,51587,5
6Y4cnbaeT5RgE9QvSeTuCY,Pound For Pound,The Bad Plus,38,jazz,0.653,0.229,0,-11.276,1,0.0399,0.67,0.5175,0.107,0.218,119.879,370133,4
0CA43OpGSUVAmavrRD7c2H,The Very Thought of You,Billie Holiday,44,jazz,0.549,0.0907,7,-14.206,0,0.0458,0.977,0.000005,0.275,0.52,98.072,164667,4
4REDvmUPUTCDmGH6JoLy4I,"Top Hat, White Tie And Tales",Mel Tormé,50,jazz,0.592,0.279,0,-12.255,1,0.0412,0.849,0.000003,0.287,0.551,81.914,190039,4
4daRciIzq9ln08e5pyQYsw,Let's Call The Whole Thing Off,Ella Fitzgerald,35,jazz,0.463,0.429,0,-11.55,0,0.0584,0.513,0,0.174,0.589,122.275,262200,4
6lAR6ieGCB2IV0pVfOiBVX,Snake Bone,Lou Donaldson,42,jazz,0.714,0.513,3,-13.29,1,0.0334,0.71,0.5175,0.11,0.763,124.222,447053,4
5gVYaUsM6aMGEXsM5IChR7,Blue Gardenia,Kurt Elling,41,jazz,0.431,0.0821,3,-14.468,1,0.0342,0.977,0.0279,0.137,0.139,66.532,276293,4
3UrxgGboM1N5xsdOcz4o0K,"Gee Baby, Ain't I Good To You",Kenny Burrell,45,jazz,0.667,0.0732,10,-19.82,1,0.0693,0.853,0.000018,0.168,0.158,67.349,265227,4
2jKP7xYfjx85yuVnC1LFQT,Tempo and Swing,Lionel Hampton,45,jazz,0.679,0.689,7,-9.683,0,0.0408,0.89,0.5175,0.0489,0.935,137.959,200053,4
0Xfq6BeOHdzf16gk9y8a1P,Cristo Redentor,Donald Byrd,38,jazz,0.26,0.203,7,-12.231,0,0.0353,0.99,0.5175,0.134,0.064,173.503,343280,3
3eMrYc092k7SIJfWJ7oasR,Weather Bird,Louis Armstrong,43,jazz,0.831,0.262,8,-12.386,1,0.0942,0.984,0.5175,0.204,0.901,104.606,161933,4
4dw7b5cT2ediDD3aEVjn72,Someday My Prince Will Come,Bill Evans,37,jazz,0.556,0.14,0,-21.104,0,0.038,0.97,0.5175,0.138,0.443,93.721,296987,3
6oVY50pmdXqLNVeK8bzomn,My Favorite Things,John Coltrane,46,jazz,0.28,0.214,4,-19.244,1,0.0309,0.702,0.446,0.112,0.226,175.028,447053,3
6i1WORWeJD92fYDhww2wYE,Looking Up,Michel Petrucciani,31,jazz,0.386,0.479,9,-16.684,1,0.0332,0.423,0.5175,0.0863,0.599,115.317,347827,4
1alFoGypugpy7sxCk1pQoH,Blame It On My Youth,Kurt Elling,41,jazz,0.293,0.119,3,-12.459,1,0.0335,0.929,0,0.121,0.246,96.725,207333,4
1XOy66nSLvEVtomeYBVQgf,The Christmas Song (Chestnuts Roasting On an Open Fire),Mel Tormé,55,jazz,0.249,0.22,6,-14.779,1,0.0398,0.812,0,0.151,0.347,84.366,191080,5
1cF57AyUWdv08QvpmAptbn,Serenity,Chick Corea,38,jazz,0.542,0.348,8,-16.483,0,0.0358,0.85,0.5175,0.11,0.563,156.513,399493,3
6YCAJqpG0uSZSwidZODdjW,Fran-Dance,Miles Davis,45,jazz,0.624,0.131,0,-14.532,0,0.0432,0.845,0.000362,0.0991,0.39,110.619,349053,4
5OxesorQA2Gu1r0bGRTkX0,Moonglow,Artie Shaw,45,jazz,0.532,0.112,10,-18.836,1,0.0279,0.913,0.439,0.284,0.391,105.729,213333,4
2lrrSmZfIC75yDZwgJrobb,"Générique - BOF ""Ascenseur pour l'échafaud""",Miles Davis,41,jazz,0.438,0.0791,9,-14.374,0,0.0356,0.845,0.5175,0.124,0.355,93.769,148533,3
0n0nogGc7owOvKgtasREiK,"Symbiosis, 1st Movement: Moderato. Various Tempi, Pt. 1",Bill Evans,45,jazz,0.377,0.354,1,-21.31,1,0.0411,0.771,0.5175,0.174,0.0599,109.032,447053,4
2AXLF9vDW3wEYo7rjxPhRi,I've Got You Under My Skin,Oscar Peterson,30,jazz,0.473,0.0874,0,-21.968,1,0.0425,0.922,0.5175,0.111,0.336,134.371,168253,4
0GjOZkEk4jTSQq8PkuH097,A Remark You Made,Weather Report,45,jazz,0.405,0.176,8,-15.245,1,0.0312,0.611,0.15,0.0562,0.153,104.527,410720,4
56gp2gaiMdwoSSojS7D6K4,Misty,Stan Getz,46,jazz,0.328,0.0421,6,-22.933,1,0.0426,0.993,0.5175,0.0964,0.179,52.793,323227,4
0vAntrRXfwnXZiNeF5Flzc,This Bitter Earth,Dinah Washington,39,jazz,0.239,0.189,1,-15.448,1,0.0527,0.89,0.0101,0.3,0.321,178.792,150667,3
4CbyW1aeLJGuary1tVkxMS,Sweet & Slow,Fats Waller,41,jazz,0.664,0.101,0,-18.67,1,0.067,0.628,0.5175,0.135,0.31,87.324,447053,4
7KfZkxDUZJanPfVDY3aHe9,Manhattan,Blossom Dearie,39,jazz,0.435,0.0359,8,-26.177,1,0.0384,0.949,0.000371,0.137,0.186,98.358,259707,4
6ydWUkitVqMOvXWuZl9CDm,Down Here On The Ground - 2002 Digital Remaster,Grant Green,46,jazz,0.602,0.455,7,-15.298,1,0.0392,0.787,0.5175,0.0679,0.754,92.037,408467,4
1nMBhazQDRj2SdNxw4Gr0s,It's Easy To Remember,John Coltrane Quartet,45,jazz,0.489,0.118,5,-13.35,0,0.032,0.86,0.00772,0.0984,0.207,65.238,168066,4
0Dq3sN0g9wMlvrzq34bqRF,Royal Garden Blues,Louis Armstrong,41,jazz,0.645,0.508,0,-11.701,1,0.0845,0.785,0.5175,0.381,0.706,115.247,262200,4
5qozjIGFHytYn4ugwCoX0R,Sunny - 2006 Digital Remaster,Stanley Turrentine,40,jazz,0.559,0.488,5,-6.976,0,0.0301,0.557,0.0621,0.0848,0.624,121.924,440667,4
0aF34IuZX9k0OUkkMKNJdo,Summertime,Chet Baker,41,jazz,0.593,0.213,2,-17.236,0,0.0338,0.934,0.5175,0.128,0.565,82.057,255773,4
0adFz9FFkIZ7dNQInbaehx,How Long Has This Been Going On (Live),Ella Fitzgerald,40,jazz,0.324,0.259,11,-20.479,0,0.239,0.953,0.000979,0.381,0.218,142.211,355813,5
1kKf0BRGJhPTndA4hkGOAj,Something Happens To Me - 1998 Digital Remaster,Blossom Dearie,41,jazz,0.549,0.216,5,-14.417,1,0.0559,0.904,0.000011,0.0787,0.59,112.658,124267,5
3NOweI7UeWPF9PzgEsiG78,Freddie Freeloader - False Start,Miles Davis,45,jazz,0.607,0.0847,5,-24.115,0,0.0363,0.652,0.0158,0.381,0.667,63.956,85853,4
4LugXNtxugCB3FEiM696KU,Cheek To Cheek,Ella Fitzgerald,44,jazz,0.65,0.32,0,-12.994,1,0.102,0.723,0,0.0949,0.638,122.052,354567,4
7Bto5shUBaNnD3YDv1rnXv,Don't Be That Way,Benny Goodman,47,jazz,0.689,0.267,7,-11.567,0,0.0728,0.87,0.5175,0.0766,0.725,162.677,201587,4
099A9Lc7rLU0ai3oPBpqJp,Pinky,Sarah Vaughan,40,jazz,0.313,0.354,10,-8.772,1,0.0304,0.777,0.000012,0.121,0.0648,93.552,161332,3
1Qw1ZJqIgRT84nOevRV3qY,Body & Soul,Sarah Vaughan,43,jazz,0.376,0.0336,8,-19.41,1,0.0387,0.984,0.000008,0.0857,0.0723,98.819,189568,4
0gCKwy3YmhKc9rzjYjTQKx,Giant Steps,John Coltrane,46,jazz,0.431,0.491,0,-10.746,0,0.0562,0.441,0.000458,0.134,0.577,148.243,283440,4
0QOals90fc3ZzsM42rRgj7,Linus & Lucy,Vince Guaraldi Trio,43,jazz,0.391,0.453,1,-12.143,1,0.0331,0.712,0.5175,0.152,0.655,164.616,185067,4
1wHmjkZ2qKatraaYmpXh1W,Whisper Not,Anita O'Day,41,jazz,0.602,0.258,8,-15.603,1,0.0657,0.931,0.000074,0.0846,0.474,127.48,175360,4
4CxXe2jysRWXy62RDiCubA,I'll Close My Eyes,Dinah Washington,35,jazz,0.279,0.141,0,-17.211,1,0.0468,0.881,0.0683,0.364,0.187,79.789,171000,4
2vcg3zF8XzQshCYtx7n2iC,There's a Boat Dat's Leavin' Soon For New York,Louis Armstrong,47,jazz,0.471,0.373,4,-11.487,0,0.172,0.571,0,0.134,0.674,160.286,292253,4
3eDTDeZHbCv9rWgT6HbysX,Samba Em Prelùdio,Gilad Hekselman,39,jazz,0.517,0.0619,11,-22.056,0,0.0348,0.964,0.5175,0.118,0.282,109.522,431973,4
78ee0muWT3RBwqzYYABbQq,Sandino,Charlie Haden,37,jazz,0.477,0.153,0,-18.613,1,0.0536,0.925,0.5175,0.381,0.205,118.782,347279,4
3SGCUoiQRgfKYLEyo9ETMA,Smoke Gets In Your Eyes,Dinah Washington,37,jazz,0.317,0.293,8,-11.038,1,0.03,0.89,0.00419,0.207,0.304,87.653,204440,3
1Tz5yE83zzMRJlrclJPuoV,What Is There To Say,Ella Fitzgerald,34,jazz,0.273,0.23,10,-12.626,1,0.029,0.889,0,0.327,0.338,99.081,208853,3
5q8uPwTUxD4p5MMwPCUkmg,J.S. Bach: Chorale,Paul Desmond,36,jazz,0.57,0.322,0,-19.171,0,0.0493,0.535,0.5175,0.0823,0.587,91.486,253933,4
6NTrpCqxtHMp3fnEsGIcky,After You've Gone,Wynton Marsalis,47,jazz,0.438,0.133,10,-13.983,1,0.0382,0.9,0.5175,0.108,0.167,119.633,342800,4
47vmcuvMWFIsMaiHFIGSIu,Giant Steps,John Coltrane,45,jazz,0.431,0.491,0,-10.746,0,0.0562,0.441,0.000458,0.134,0.577,148.243,283440,4
3KbuOytKKZFRrW34fHhJsb,My Babe,Nancy Wilson,35,jazz,0.648,0.681,4,-5.713,0,0.054,0.717,0.000609,0.173,0.6,76.053,130720,4
7MZKb8sy9YwVYKDw3xJFxo,Drinking Again,Dinah Washington,43,jazz,0.357,0.178,9,-13.29,0,0.035,0.774,0.00125,0.0915,0.24,135.798,208840,4
5RtiwC6D7jnoQeT1esy4Jy,Smoke Gets In Your Eyes,Art Tatum,41,jazz,0.35,0.1,4,-24.026,1,0.0383,0.989,0.5175,0.105,0.221,86.381,235067,4
3FdeddUjZryl1JW2DbzR0x,Freddie Freeloader - Studio Sequence 2,Miles Davis,44,jazz,0.507,0.0624,5,-25.232,0,0.0314,0.724,0.304,0.381,0.645,128.513,88507,4
4Hq9Eml1phD8KMgbyHacLE,Hamp's Hump - Digitally Remastered,Lou Donaldson,42,jazz,0.735,0.366,5,-14.939,1,0.0486,0.411,0.5175,0.0838,0.598,86.653,400400,4
1YaVDfK1ACXa0A3X8CcsqF,Só Danço Samba,Stan Getz,44,jazz,0.466,0.355,5,-11.33,0,0.0377,0.914,0.224,0.118,0.72,79.842,218627,4
5Ee0wVyPuys66jaDo09eHY,Uninvisible,"Medeski, Martin & Wood",44,jazz,0.516,0.6,10,-10.766,0,0.0513,0.319,0.5175,0.365,0.787,97.906,217867,4
09ThQ6aSGaNmTBYrJ668wz,You're A Sweetheart,Dinah Washington,41,jazz,0.396,0.239,0,-13.227,1,0.0397,0.588,0.000003,0.372,0.441,81.752,149800,4
1JejaexuCzHxQlExpaJJsE,You Don't Know What Love Is - Vocal,Chet Baker,41,jazz,0.519,0.0244,5,-21.47,0,0.045,0.976,0.00107,0.11,0.183,101.202,293267,4
53tWN7S9RLQcDByOKjHXHG,Our Song,Art Pepper,48,jazz,0.265,0.264,0,-11.639,0,0.0316,0.76,0.0655,0.189,0.186,82.629,332320,3
6eHWdmUprcDM3YM8FBbj3O,I Shot the Sheriff,Jaco Pastorius,37,jazz,0.572,0.414,0,-18.434,1,0.132,0.0285,0.5175,0.381,0.595,112.783,447053,3
2H2NYAzXQax0wy2KT3oNwL,Nice Work If You Can Get It - Live,Ella Fitzgerald,45,jazz,0.585,0.32,9,-17.618,0,0.239,0.985,0.000136,0.381,0.522,146.557,152733,4
2m3qhWMiEjqgkfslIRf4pg,Baby (You've Got What It Takes),Dinah Washington,39,jazz,0.673,0.598,3,-9.232,1,0.0687,0.85,0.00147,0.381,0.802,133.383,165760,4
36MLLjFug6TJYNODUVR7av,Blue Rondo à la Turk,The Dave Brubeck Quartet,40,jazz,0.588,0.4,7,-11.914,0,0.036,0.851,0.352,0.11,0.468,113.615,403640,4
3eYxUakS4FvegXg8qUo8ro,Matte Kudasai,Kurt Elling,40,jazz,0.399,0.0889,0,-21.11,1,0.031,0.794,0.011,0.106,0.256,105.142,259200,3
5USNsAC8wJLqKDmnB2yoN1,I Have A Dream - 2000 Digital Remaster,Herbie Hancock,45,jazz,0.445,0.507,2,-11.78,0,0.028,0.827,0.5175,0.103,0.352,124.169,447053,4
3gNNdAMHver3tJEpdXGxNm,Coffee Time,Carmen McRae,37,jazz,0.695,0.139,7,-16.72,1,0.12,0.743,0,0.1,0.377,113.325,159040,4
5xekb68tXY26BwFsOL0xT0,Whatever Lola Wants,Carmen McRae,31,jazz,0.837,0.391,7,-8.465,1,0.0894,0.661,0.000002,0.0783,0.436,122.082,180493,4
6Vmtv9SwSTzIWmmZlm902o,Flamingo,Stéphane Grappelli,32,jazz,0.399,0.228,2,-19.521,1,0.036,0.713,0.000446,0.354,0.333,99.77,180587,3
1U7yJYYi8yTgRWkwoySwZz,"So What - Live April 9th, 1960",Miles Davis,44,jazz,0.48,0.422,9,-15.359,0,0.0408,0.518,0.00568,0.381,0.629,131.555,447053,4
5Op4zPEO37DAcXnPNpj0BP,I'm In The Mood For Love,Louis Armstrong,37,jazz,0.637,0.178,1,-8.901,1,0.0443,0.987,0.171,0.0779,0.548,121.65,185636,4
0zQE77yszbyv61M4NboU2u,St. Thomas,Sonny Rollins,38,jazz,0.565,0.607,0,-8.408,1,0.0457,0.713,0.488,0.115,0.748,112.214,406267,4
4C0L0E7vh1adcGcPVIn4PP,Can't Take That Away From Me,Mel Tormé,50,jazz,0.438,0.393,3,-10.946,1,0.0401,0.786,0.000003,0.128,0.535,132.442,184640,4
5Clr3HMOy1eUuBdevEWojR,It Could Happen To You,Miles Davis Quintet,39,jazz,0.599,0.402,5,-11.04,0,0.0455,0.453,0.000009,0.381,0.619,93.311,396960,4
3w4x6Xd6hSHzR2G1VeHVzP,On The Sunny Side Of The Street,Louis Armstrong,38,jazz,0.569,0.293,0,-9.302,1,0.0354,0.786,0.000026,0.166,0.472,96.689,350400,4
0D4voPT6prnKVZWhhd1ULe,In The Still Of The Night,Ella Fitzgerald,37,jazz,0.297,0.269,0,-11.855,1,0.0325,0.722,0.000007,0.172,0.274,124.764,158533,4
5DLpsp01fny198RFN0iViD,That Ole Devil Called Love,Billie Holiday,40,jazz,0.388,0.116,5,-16.632,0,0.0387,0.952,0,0.0839,0.348,68.247,175427,4
05HmmtOdDcfNhBoiWxD3yi,Lonesome Lover,Max Roach,37,jazz,0.36,0.429,9,-13.062,0,0.0399,0.472,0.000007,0.137,0.429,113.159,421600,4
0S60uabOY1mQ8cvmEGrpFv,Jingle Bells,Ella Fitzgerald,40,jazz,0.691,0.704,7,-6.373,1,0.0634,0.698,0,0.381,0.865,119.059,142547,4
34M2rSHVrkH5Mky8xmdFPT,Solitude - 1990 Remastered Version,Louis Armstrong,41,jazz,0.496,0.0713,1,-15.93,1,0.0476,0.839,0.0901,0.159,0.273,70.166,293307,4
62vTAAowSo0jHSUvVI7Xsh,"Sing, Sing, Sing (Parts 1 & 2) - Live",Benny Goodman,47,jazz,0.559,0.529,9,-8.509,0,0.151,0.61,0.5175,0.0759,0.151,118.734,443973,4
2BBD04jL8wOWW1e0jS52go,All The Cats Join In,Benny Goodman,41,jazz,0.61,0.4,1,-9.459,1,0.0618,0.758,0.23,0.0709,0.314,177.672,261271,4
0EFekrpACxOZIxq47OM7bk,Verona,Gilad Hekselman,40,jazz,0.33,0.348,1,-16.09,1,0.032,0.836,0.5175,0.0983,0.279,96.44,447053,3
6yYWqBrnzfGGp7txFzWlXD,Aria/Libertango,Ron Carter,38,jazz,0.469,0.131,7,-14.74,0,0.0549,0.843,0.484,0.381,0.228,115,338364,4
3DkdldkTR0pbVYKMg5eXJO,I'm in a Dancing Mood,Dave Brubeck,44,jazz,0.46,0.435,7,-12.681,0,0.0315,0.599,0.161,0.0878,0.58,139.684,179333,4
6R1ANF6aEIqwFHoQuHll2m,Blues In C Minor,The Modern Jazz Quartet,40,jazz,0.537,0.139,0,-19.863,0,0.0375,0.907,0.188,0.168,0.328,111.188,447053,3
0K2ZPWywoj9X5whlqA4Tmp,Sugar Rum Cherry (Dance of the Sugar-Plum Fairy),Duke Ellington,41,jazz,0.497,0.14,4,-17.744,0,0.0556,0.529,0.5175,0.119,0.276,151.17,185293,3
29BTMxdj9j48TPdlWeeMki,Hot Mallets,Lionel Hampton,43,jazz,0.755,0.54,10,-11.025,0,0.0302,0.568,0.5175,0.0762,0.945,122.743,134467,4
1YuCTj9wRtIPtIYZesNFjN,Sing A Song Of Song,Kenny Garrett,39,jazz,0.406,0.611,6,-10.415,0,0.0323,0.31,0.419,0.176,0.541,108.442,442467,4
0u2UJO0WBwBFtHr6yfVI4J,I'm Hip,Blossom Dearie,38,jazz,0.633,0.313,10,-11.282,0,0.239,0.889,0.000002,0.381,0.709,80.565,169160,4
25e6EHX8YyC5hsaipxdHCz,Human Nature,Miles Davis,40,jazz,0.656,0.32,11,-15.261,0,0.0348,0.495,0.0614,0.0765,0.573,91.368,269800,4
0KUSWy4fXCufHpuvvzAsuH,They Didn't Believe Me,Johnny Hartman,44,jazz,0.328,0.0922,0,-19.724,1,0.0411,0.945,0.000058,0.166,0.255,65.831,155690,3
2uqui9l7szdLWvjACcyVMK,O Grande Amor,Stan Getz,42,jazz,0.577,0.103,2,-18.634,0,0.0411,0.947,0.5175,0.264,0.217,129.115,330440,4
4tAybnyIt96saGKltCOaJC,Stevie,Duke Ellington,38,jazz,0.525,0.36,0,-11.497,0,0.0323,0.708,0.000835,0.126,0.502,82.691,262947,4
2gjSFqTL79uBeQbQJK4AA6,Open Sesame - Alternate Take;2002 Digital Remaster;The Rudy Van Gelder Edition,Freddie Hubbard,46,jazz,0.499,0.571,5,-8.843,0,0.0409,0.555,0.00103,0.137,0.764,128.153,436200,4
1SsooEmhrsUFL1UaawzDkv,Lullaby of Birdland,Erroll Garner,34,jazz,0.579,0.177,9,-19.371,0,0.0477,0.985,0.5175,0.124,0.653,134.472,193627,4
6QJT16QV1nGu0ZPjL4HCMe,Bossa Antigua,Paul Desmond,39,jazz,0.523,0.293,5,-18.199,0,0.0586,0.928,0.5175,0.0821,0.558,97.304,284373,4
1CjfLAklrEFlfGfGZdsBdO,Embraceable You,Sarah Vaughan,40,jazz,0.416,0.071,0,-17.738,1,0.0364,0.966,0.000904,0.15,0.0514,118.536,288827,4
5ESqKJ1kmGJMd2uaVW6YEM,Ryland,Julian Lage,42,jazz,0.543,0.227,4,-11.082,1,0.0377,0.807,0.5175,0.0935,0.223,103.709,242119,3
3JZu2y7knbUbhALpjOEQWA,Home - Live,Michel Petrucciani,28,jazz,0.495,0.373,9,-12.255,1,0.0551,0.671,0.0246,0.381,0.0908,115.591,447053,4
4273DbspzVYWUEeGkTiSfV,Muskrat Ramble,Louis Armstrong,40,jazz,0.562,0.326,8,-12.876,1,0.105,0.974,0.466,0.245,0.88,182.792,342573,4
1g17SiFwoTuZn7M8q8f3Th,Les Valseuses,Stéphane Grappelli,20,jazz,0.271,0.152,11,-16.416,0,0.0494,0.938,0.245,0.0792,0.101,144.862,140267,4
4hYhXJNR1XGSypEHcZtUzD,Perdido - 1986 Remastered,Duke Ellington,39,jazz,0.736,0.164,10,-15.748,1,0.0546,0.973,0.5175,0.0781,0.732,128.473,190360,4
6FxSRUTrqogWIMW0xdaT09,Chick's Chums,Chick Corea,39,jazz,0.608,0.526,7,-12.128,1,0.033,0.327,0.346,0.101,0.672,102.485,447053,4
260GbBl5QZowiAWX0j9TYC,Sway - 1996 Digital Remaster,Julie London,43,jazz,0.591,0.234,4,-15.49,0,0.0369,0.711,0,0.107,0.364,107.267,155867,4
139yy4ou52ff49RcvZJ255,Life Is So Peculiar,Louis Armstrong,38,jazz,0.605,0.693,0,-6.557,0,0.153,0.669,0,0.381,0.652,115.096,201373,4
36UtGeeZObmagzzDOLomYR,Letter from Home,Pat Metheny Group,41,jazz,0.383,0.0898,8,-21.063,1,0.0463,0.965,0.5175,0.1,0.136,102.683,153693,3
1lvL8YNWWUvrWbhkyNuyag,Anything Goes,Ella Fitzgerald,38,jazz,0.536,0.255,7,-9.649,1,0.034,0.819,0,0.0754,0.367,114.2,200800,3
0SVPjJZGZgPhNm1FIG5LfJ,Autumn In New York,Chet Baker,41,jazz,0.512,0.117,5,-14.687,1,0.0396,0.977,0.5175,0.122,0.288,115.104,308500,4
7ahQIRq0EOeY9UYVvABDFp,Happy Talk,Nancy Wilson,43,jazz,0.602,0.324,10,-11.427,1,0.0541,0.796,0,0.0597,0.539,105.839,145933,4
24ZRVI5AXuSYxZgqXQa7ui,Contracts,Archie Shepp,38,jazz,0.316,0.0779,8,-21.44,1,0.0492,0.974,0.5175,0.381,0.145,175.219,447053,4
1TFgQk7sGm45IsVvglhRTF,American Tune,Kurt Elling,3,jazz,0.488,0.14,0,-14.542,1,0.0387,0.817,0.000004,0.0967,0.218,144.103,371987,4
1dZHIbmuBDAwXfQOM4dyM3,The Sidewinder - 1999 - Remaster,Lee Morgan,41,jazz,0.473,0.67,8,-7.756,1,0.0353,0.446,0.000003,0.0957,0.808,152.484,447053,4
3MaVKErdlCeJXf7g1V2qbK,"Theme from ""Black Orpheus""",Paul Desmond,41,jazz,0.565,0.235,7,-20.55,0,0.0415,0.894,0.5175,0.118,0.618,92.617,252133,4
3n3ArvAsU9mfXZk6XD3SLy,So Tired,Bobby Timmons,40,jazz,0.662,0.283,1,-15.988,1,0.0523,0.797,0.272,0.189,0.601,88.401,380227,4
6iklmolQDQ8L76PgIMK5tG,Ain't Misbehavin',Fats Waller,45,jazz,0.509,0.244,0,-16.952,0,0.0443,0.845,0.00176,0.196,0.398,97.352,238693,4
3Ck8xIzxTvJqN42l7TsOa1,Praise The Lord,Mary Lou Williams,33,jazz,0.564,0.631,8,-8.031,1,0.0872,0.373,0,0.381,0.568,144.973,354760,4
4v8knebTGVVm3Ufn2ZWRWL,How Am I To Know?,Billie Holiday,33,jazz,0.291,0.0584,0,-17.364,1,0.039,0.988,0.00238,0.381,0.11,170.49,163787,4
2vCkgrqIdqbcf8Wyyp4V01,I See Your Face Before Me,Johnny Hartman,41,jazz,0.395,0.0353,10,-23.905,1,0.0354,0.921,0.000136,0.106,0.137,106.883,279200,1
0YiIMrbhp8BKo0UYbed7SN,Limbo Jazz,Coleman Hawkins,39,jazz,0.721,0.468,8,-11.065,1,0.143,0.696,0.00587,0.1,0.869,81.262,314493,4
2cFSV0mXkei4Smew7GA74Q,Feeling Good,Dorothy Ashby,43,jazz,0.596,0.241,7,-18.904,1,0.046,0.867,0.5175,0.118,0.542,79.742,318274,4
5HNXboq4IA0jW3YFiDN1ju,Azure,Ella Fitzgerald,32,jazz,0.455,0.259,7,-12.854,1,0.0329,0.577,0.000002,0.18,0.302,116.28,409973,4
4lcVPIWSWPB7F1emLGz1Tm,Fran-Dance - alternate take,Miles Davis,43,jazz,0.642,0.179,0,-13.597,0,0.0495,0.862,0.00748,0.0912,0.534,110.612,351827,4
273VxALm722DRN4PNujOF8,Clair de Lune,Kamasi Washington,38,jazz,0.354,0.347,1,-9.823,1,0.0331,0.761,0.5175,0.142,0.209,130.413,447053,3
6FQHyV1Ur08vKZOzvRkeaS,Swing Guitars,Django Reinhardt,36,jazz,0.624,0.733,5,-8.4,1,0.0352,0.853,0.256,0.186,0.861,129.932,179933,4
0PIwmwozfex7UrREIRqcjQ,No problem,Duke Jordan,35,jazz,0.43,0.273,7,-12.802,0,0.0402,0.924,0.5175,0.0791,0.489,147.22,407000,4
5KiZKeAHjDfoD7CaYp1vmI,Greensleeves,Coleman Hawkins,41,jazz,0.497,0.0518,7,-15.839,1,0.0324,0.961,0.399,0.103,0.156,69.625,194000,3
1P4XzKG2bldGbhg6EO1N23,The Red One,John Scofield,43,jazz,0.515,0.489,4,-10.021,0,0.0323,0.239,0.5175,0.0683,0.683,106.96,258392,4
6eNOgE9gdpOx8Tztf4tbCF,Yèkèrmo Sèw (A Man of Experience and Wisdom),Mulatu Astatke,40,jazz,0.628,0.515,3,-10.398,1,0.031,0.346,0.471,0.096,0.419,116.324,255560,4
2y3nFhCAYJ5EMk3fVFQ87F,Come Live With Me,Dorothy Ashby,39,jazz,0.618,0.216,7,-18.542,1,0.0365,0.816,0.5175,0.091,0.607,82.279,159773,4
5eI8T9MeAjOVSdB6QOVbLg,Aeolian Groove,Dorothy Ashby,37,jazz,0.584,0.34,2,-12.156,0,0.0404,0.778,0.00436,0.116,0.66,106.848,256480,4
3WRlqRyooIJA6wPl8Nqzvq,Atlantic Limited,Julian Lage,42,jazz,0.592,0.345,7,-11.562,1,0.0306,0.606,0.5175,0.1,0.369,128.119,231174,4
5fxPh44pYzAR5M5KW5SdMk,D-Natural Blues,Wes Montgomery,34,jazz,0.578,0.155,2,-16.237,1,0.0437,0.965,0.5175,0.103,0.476,91.736,320907,4
4bbhqfaBcPJ54zL7B6uSne,The Sound of Silence,Pat Metheny,43,jazz,0.429,0.266,10,-13.422,0,0.0382,0.859,0.5175,0.0849,0.0398,109.662,393267,4
4EdRDlInDr3BYf0cx4Vjxw,Coquette - 2002 Remastered Version,Dinah Washington,40,jazz,0.539,0.348,7,-10.097,1,0.0506,0.831,0.000397,0.141,0.64,99.698,177787,3
4tIGWPvBQrc60Imoc4VnOV,I Cover The Waterfront,Billie Holiday,32,jazz,0.436,0.064,1,-15.564,1,0.0419,0.986,0.000049,0.099,0.215,98.636,209880,3
4ziNEnmyNT3AJL98nfXr0D,Blue Trombone,J.J. Johnson,44,jazz,0.466,0.395,5,-18.022,0,0.0432,0.442,0.00531,0.278,0.664,118.5,447053,4
1MK6UWDMTaDZZveHq6mBm4,Brash,Chet Baker,38,jazz,0.439,0.248,11,-17.672,1,0.0348,0.849,0.0177,0.381,0.157,63.974,278145,4
3N6CeY1NWCzqsVyNtxbVxu,Door To The Cosmos,Sun Ra,42,jazz,0.824,0.387,8,-14.065,1,0.105,0.614,0.0505,0.286,0.497,112.535,85601,4
6kxm9HRSwfQjCElblow77C,Bluesette,Toots Thielemans,38,jazz,0.497,0.229,10,-15.38,1,0.0323,0.759,0.00326,0.0924,0.168,113.525,274600,3
6iHibgO0VL543P5o1F5Zfc,The Rich (And The Poor),Keith Jarrett,35,jazz,0.558,0.321,0,-15.433,1,0.0441,0.468,0.337,0.127,0.518,120.843,447053,4
7uWe7yFDkAAbdzbM3QkDVv,La Rosita Ii,Scott Hamilton,40,jazz,0.607,0.269,2,-9.901,1,0.0475,0.91,0.5175,0.381,0.569,116.777,238533,4
29smitXJBJ4tXKxdHCn0HF,All That Meat And No Potatoes,Louis Armstrong,42,jazz,0.629,0.409,8,-8.945,1,0.124,0.542,0.00001,0.146,0.613,109.679,314573,4
3eMfftdPSD4PI1cux5w97b,Autumn Leaves,Paul Desmond,53,jazz,0.34,0.359,5,-20.131,0,0.0504,0.789,0.367,0.0943,0.599,187.139,422667,4
5kMhXgQGUDIf84aXoNjYj7,St. Thomas,Sonny Rollins,37,jazz,0.611,0.405,7,-10.607,1,0.0819,0.461,0.5175,0.06,0.543,110.744,235827,4
3LabOyMzLRW8sPRYKkxt0W,The Christmas Song,Ella Fitzgerald,43,jazz,0.521,0.136,1,-16.353,1,0.0477,0.856,0,0.109,0.357,76.433,180093,4
06MbYREPut224KHBRjyiYM,Nuages (avec le Quintette Hot Club de France),Django Reinhardt,34,jazz,0.666,0.239,5,-13.245,1,0.0403,0.991,0.5175,0.104,0.492,116.054,197280,4
5tLqCq1AZB2U9LPVHwamp7,Kipling Theme,Kamasi Washington,37,jazz,0.443,0.614,0,-7.291,1,0.0311,0.491,0.472,0.123,0.386,95.053,300933,4
74W1SX3HUOijBW3RIGW8qT,September Second,Michel Petrucciani,37,jazz,0.413,0.645,9,-10.153,0,0.0393,0.813,0.5175,0.112,0.488,126.103,352827,4
3laCo1tj2egTZLFDEZjbMy,Just a Gigolo,Thelonious Monk,42,jazz,0.561,0.113,8,-17.493,1,0.13,0.981,0.5175,0.137,0.089,140.215,147693,4
6qNWmjlMAW503WLZLfjUba,Kathy's Waltz,The Dave Brubeck Quartet,45,jazz,0.494,0.115,0,-21.84,0,0.0352,0.887,0.207,0.0778,0.49,94.437,288720,3
4TYM5hVhh7LraOauqfl1ol,Isadora,Christian Scott aTunde Adjuah,44,jazz,0.347,0.244,6,-15.299,1,0.0315,0.908,0.154,0.185,0.199,97.06,373880,4
0ewHkEC6Z8HKkciuZwSGqi,My Man,Billie Holiday,42,jazz,0.783,0.198,3,-13.578,1,0.083,0.918,0.00001,0.151,0.649,100.334,180744,4
7aBKUvEYylCA24Cn8vepJj,"Mercy, Mercy, Mercy - Live",Cannonball Adderley,37,jazz,0.398,0.275,10,-16.175,1,0.0386,0.702,0.151,0.381,0.436,170.076,308507,4
2Daor9xhmx0OeYHFX69FTa,Seven Minute Mind,The Bad Plus,33,jazz,0.469,0.491,0,-8.134,0,0.0284,0.684,0.5175,0.0938,0.719,125.386,337533,4
1R3Ng8lJYa75uGfGA6rHZy,Manha De Carnaval (Morning Of Carnival),Stan Getz,37,jazz,0.391,0.325,5,-12.388,0,0.0453,0.843,0.5175,0.156,0.469,82.756,346680,4
6YYu8qFzcY1ZyzzsJIQM12,"Straight, No Chaser",Thelonious Monk,44,jazz,0.465,0.35,3,-12.977,1,0.0403,0.41,0.279,0.135,0.62,93.336,447053,4
2c0bJzz3babFoMg5bT2Jme,Mrs. Robinson,Paul Desmond,37,jazz,0.541,0.338,5,-15.814,0,0.0477,0.781,0.5175,0.0825,0.699,100.376,160787,3
4XdoeWiOIDg2VMVUZSnHlO,One Quiet Night,Pat Metheny,43,jazz,0.332,0.135,4,-22.139,0,0.0463,0.816,0.5175,0.0887,0.0914,88.293,301880,4
7nFWZG3BdJekIElGe6cQAV,Just Friends,Chet Baker,40,jazz,0.527,0.327,7,-13.932,1,0.0393,0.51,0.000009,0.0326,0.527,94.643,164507,4
5jIvud0zWXDpINxFqXfbpv,My Funny Valentine,Bill Evans,42,jazz,0.529,0.133,0,-21.195,0,0.0575,0.992,0.5175,0.11,0.585,115.923,324133,4
5ab8HwacbJDpquK57MRhH2,Transparence,Charlie Haden,37,jazz,0.332,0.161,7,-20.482,1,0.0556,0.936,0.5175,0.381,0.0785,77.628,439133,3
1CU2JQVE0kOX23jSaYsACO,Lullaby Of Birdland,Sarah Vaughan,23,jazz,0.57,0.342,2,-12.323,1,0.124,0.785,0,0.0952,0.505,123.23,240533,4
7I29kJ2W6Ma3RCrBIYjmIB,You Go to My Head - Take 1,Billie Holiday,42,jazz,0.672,0.172,10,-13.029,1,0.0429,0.946,0,0.174,0.451,90.119,172200,4
5nP6hkDb2ZOnI4ohGGO4tY,Skating,Vince Guaraldi Trio,37,jazz,0.472,0.207,0,-21.401,1,0.0379,0.836,0.5175,0.105,0.58,130.596,143867,4
6KQEeueUxY5BJhf7q8nxKw,Theme From M*A*S*H - Aka Suicide Is Painless Remastered,Bill Evans,42,jazz,0.477,0.445,6,-13.384,1,0.0374,0.915,0.5175,0.226,0.314,77.877,362946,4
7xfirUVtWnX4xkFiTlSUbP,Variation d'Apollon,The Bad Plus,33,jazz,0.544,0.357,0,-12.896,1,0.0352,0.897,0.5175,0.0937,0.188,97.374,275067,4
4fxJQJY1VEdhmSAIqMeFrR,Compared to What,Les McCann,41,jazz,0.557,0.457,0,-14.404,0,0.0362,0.796,0.000917,0.381,0.709,151.71,447053,4
4O7w61hsJmBJqxNFXA7Kyb,Blue Skies,Ella Fitzgerald,38,jazz,0.459,0.29,0,-10.192,1,0.0916,0.841,0,0.0877,0.651,158.488,226360,4
40JmQVnCA43uV4htsa4G4t,These Foolish Things Remind Me Of You - Instrumental,Chet Baker,43,jazz,0.606,0.0338,3,-21.076,1,0.0407,0.982,0.5175,0.174,0.206,57.449,281493,4
0wEavhvlj4SgjVmgiUCcjn,"A Love Supreme, Pt. IV - Psalm",John Coltrane,38,jazz,0.381,0.313,7,-11.852,0,0.0312,0.897,0.0432,0.135,0.376,127.106,422907,4
5fqgjglk3n5ynmrO7kY7G9,Tenderly,Chet Baker,40,jazz,0.494,0.191,3,-13.463,1,0.0312,0.97,0.5175,0.123,0.206,59.7,362750,4
4M5Mnz9ORqaMMUAgKtv3bI,It Don't Mean A Thing (If It Ain't Got That Swing),Louis Armstrong,40,jazz,0.714,0.226,7,-13.247,0,0.197,0.543,0.0255,0.381,0.545,96.247,240040,4
3hlv75rJwFgti0OLDTm9dP,I'll Get By (As Long As I Have You),Billie Holiday,32,jazz,0.675,0.14,5,-15.52,1,0.0437,0.906,0.00118,0.218,0.606,120.634,178080,4
5TxbeXcttrlbzUyDCQawkn,Moon River,Louis Armstrong,38,jazz,0.442,0.0451,0,-20.202,1,0.0338,0.888,0.0281,0.0939,0.237,86.383,178827,4
22NMV90OctVoB7ccpNAGt4,You Stepped Out Of A Dream,Stan Getz,38,jazz,0.594,0.11,11,-17.274,0,0.0702,0.965,0.00002,0.144,0.62,78.635,171693,3
5ST6iwqGkjkO0TNNhyzTu7,Dr. No's Fantasy (Remastered),Count Basie,44,jazz,0.563,0.405,9,-8.588,0,0.0438,0.554,0.00137,0.218,0.595,142.138,237973,4
0oaWAKIWPrzjztAUoIdUCq,The Feeling Of Jazz,Duke Ellington,38,jazz,0.467,0.389,10,-10.633,0,0.0305,0.48,0,0.0835,0.422,103.379,329987,4
5iOc7ArRS1yRIbwkHAZYne,What Is There to Say,Johnny Hartman,44,jazz,0.446,0.0701,10,-22.381,1,0.0345,0.956,0.000726,0.136,0.341,59.075,169506,5
6Jr8dnVQQLXFCKlxRUuovM,Billie's Blues,Billie Holiday,31,jazz,0.679,0.036,1,-15.391,1,0.0579,0.965,0.000003,0.0666,0.463,82.245,187240,4
5oq7NF2AjuMbfDMWdmFSbE,Romain - Digitally Remastered,Bill Evans,44,jazz,0.4,0.0428,0,-24.341,0,0.0479,0.995,0.5175,0.106,0.151,90.708,323733,4
60pNXQTcwT65szEv5L8Qxn,Mack The Knife - Live In Berlin/1960,Ella Fitzgerald,35,jazz,0.606,0.604,8,-10.114,1,0.0595,0.747,0,0.312,0.599,139.977,279467,4
6YNpsbbPcaXENUIkk5CW0l,What a Diff'rence a Day Makes,Dinah Washington,38,jazz,0.478,0.126,0,-17.945,1,0.0323,0.93,0.000138,0.116,0.152,48.692,147867,4
4iMtHXdF3hiwTMCACP7F7x,Vendredi 13,Django Reinhardt,31,jazz,0.769,0.408,2,-11.184,0,0.0418,0.986,0.5175,0.108,0.951,130.871,184160,4
0PHqHvmg4TIaANfbsvDMTR,Someday My Prince Will Come,Miles Davis,41,jazz,0.553,0.309,0,-12.601,0,0.0333,0.812,0.00297,0.156,0.272,76.294,447053,3
6nMJZkf7Wi1DHMvidrqc9C,Improvisation No. 53,Lee Konitz,43,jazz,0.538,0.154,1,-19.513,1,0.0518,0.978,0.5175,0.381,0.229,106.848,367043,3
0V7EuJ17Bf8zYpS2XRL6pE,Alabama,John Coltrane,36,jazz,0.428,0.0768,0,-17.412,0,0.0413,0.774,0.0487,0.123,0.112,107.712,308933,4
7iOA9geLLQIHlDmA1WEdWb,Shadrack,Louis Armstrong,31,jazz,0.625,0.433,3,-11.944,0,0.239,0.518,0,0.36,0.743,164.58,166867,4
3TnqliDSJY2iWjL6F38ocE,Moment's Notice - 2003 Digital Remaster,John Coltrane,44,jazz,0.509,0.606,3,-7.621,1,0.0365,0.731,0.00361,0.256,0.793,123.351,447053,4
5YIhyj0uiGSJPLARP7nzte,Laura,Charlie Parker,41,jazz,0.272,0.322,7,-12.189,1,0.0307,0.85,0.5175,0.354,0.238,84.395,211040,4
6b1OVdFflmzh55N59McBUl,1ère gymnopédie,Enrico Pieranunzi,17,jazz,0.467,0.317,2,-17.77,1,0.0325,0.851,0.5175,0.0991,0.289,131.801,222853,4
0e85XE70RCg0WTZrwOorDb,Caravan,Dizzy Gillespie,36,jazz,0.378,0.608,1,-12.532,1,0.0536,0.785,0.0378,0.108,0.559,166.338,439893,4
4P3b8LpWgQg1sFSbsWxjUE,Desafinado,Stan Getz,37,jazz,0.588,0.356,0,-17.877,1,0.0807,0.708,0.0972,0.122,0.763,87.167,349080,4
5v6LHUmB41t1MTf5ncQwnz,Lover Man,Billie Holiday,33,jazz,0.365,0.136,0,-12.42,1,0.0436,0.921,0,0.103,0.255,64.212,197707,3
2SE304x6xYNXCRvlNYMm0g,"Swing Low, Sweet Cadillac - Live At The Memory Lane, Los Angeles/1967",Dizzy Gillespie,36,jazz,0.547,0.508,0,-13.442,1,0.158,0.619,0.0306,0.381,0.695,142.737,442340,4
2SyDizyuCtpImVL33aiAYa,Angelica,Duke Ellington,37,jazz,0.499,0.422,10,-12.215,0,0.0377,0.414,0.00108,0.094,0.635,134.398,353560,4
1eQBe9xg2nnhsbPG0rlupR,Mack The Knife,Louis Armstrong,39,jazz,0.488,0.378,0,-13.401,1,0.239,0.667,0.000008,0.381,0.771,183.944,206333,4
6UnMk57FMOLulWTq9UTtrT,Oriental Shuffle,Django Reinhardt,31,jazz,0.758,0.272,5,-10.005,1,0.0523,0.984,0.444,0.297,0.564,105.761,157960,4
2eB36l45ALnpPyJoGXjtJu,Ceaseless Inexhaustible Child (Cyntoia Brown),Ambrose Akinmusire,35,jazz,0.298,0.206,6,-14.731,1,0.0482,0.908,0.00627,0.139,0.134,69.692,371920,1
0vOirMmQ6wWB8sopcx3dhE,Early Morning Mood,Chet Baker,37,jazz,0.622,0.0238,7,-22.919,1,0.0429,0.952,0.0968,0.151,0.233,117.218,447053,4
65XhQCGWUESjTXw3YlEEqm,Zhivago,Kurt Rosenwinkel,40,jazz,0.325,0.388,1,-11.37,1,0.031,0.935,0.5175,0.111,0.402,110.614,447053,3
7o6ZNgterV3ZuwtkQ3QLwY,The Girl From Ipanema,Stan Getz,53,jazz,0.641,0.14,8,-16.79,1,0.039,0.867,0.00166,0.105,0.388,129.318,317987,4
2yeyyq51qRgXgmuqxMwF7T,Tune Z - Alternate Take 9,Charlie Parker,38,jazz,0.53,0.243,7,-12.862,0,0.0534,0.947,0.388,0.144,0.498,103.927,188667,5
0V3K5h6d8Epqg4k60O1IBB,Lazy Bird,John Coltrane,43,jazz,0.528,0.542,3,-9.372,1,0.0477,0.763,0.00676,0.0546,0.652,125.467,427267,4
2E8XQSnLR2rf67dxOGOZPs,I'm Yours,Billie Holiday,36,jazz,0.516,0.02,8,-15.167,1,0.0366,0.989,0.000019,0.199,0.269,94.69,196053,3
7o8bQExfJjP34n5uAwtlSr,Confirmation,Charlie Parker Quartet,40,jazz,0.514,0.515,10,-10.256,1,0.042,0.423,0.000055,0.0809,0.769,103.042,181333,4
0cWSec8fyA1riXm5C2jJFh,September Song,Sarah Vaughan,38,jazz,0.423,0.209,8,-13.316,1,0.0361,0.936,0.000095,0.272,0.216,114.264,343145,4
3O67nqTVCHPixQ6JAjsA1U,Think Deep,Coleman Hawkins,34,jazz,0.431,0.25,2,-11.602,0,0.0308,0.877,0.5175,0.231,0.463,89.707,204987,4
74neIw6SFkvS2LE2elVE3p,Beauty Has it Hard,Joshua Redman,43,jazz,0.49,0.328,1,-10.604,1,0.0377,0.787,0.307,0.0815,0.179,121.674,420893,4
2wJthBArItF9tjV9RirNJQ,Dancing in the Dark,Dorothy Ashby,37,jazz,0.567,0.306,5,-13.519,1,0.04,0.912,0.5175,0.145,0.577,94.929,285400,4
28qJ6NSPYeXwq5nRlgtxMm,My Song,Keith Jarrett,36,jazz,0.443,0.0944,0,-16.703,1,0.0406,0.914,0.517,0.123,0.118,119.517,369667,4
40lJvH4LTl7BtcEoAU4gKl,On The Sunny Side Of The Street,Billie Holiday,35,jazz,0.714,0.089,8,-14.349,1,0.0634,0.913,0.000006,0.088,0.589,118.372,181653,3
1gT8eoUUU3oNwatyXzQ6II,Clarinet a la King - Instrumental,Benny Goodman,43,jazz,0.6,0.246,5,-15.538,0,0.0514,0.981,0.5175,0.381,0.744,98.211,172267,4
3x8rws5p3ux1NHmNro76L9,West End Blues,Louis Armstrong,39,jazz,0.486,0.512,8,-7.985,1,0.0929,0.979,0.5175,0.381,0.591,64.962,270733,4
1i1KQqVPzdeuGTzrWSraAL,Stardust,Louis Armstrong,40,jazz,0.596,0.26,1,-11.27,1,0.0588,0.995,0.5175,0.071,0.629,120.635,222453,4
27234v3iu11WxB68opX7ul,Down Wylie Avenue,Erroll Garner,39,jazz,0.634,0.348,5,-13.864,0,0.0435,0.788,0.5175,0.368,0.432,123.718,329560,4
2Cy9E8aCFcRVs8KqanrA2s,Premier moment,Enrico Pieranunzi,39,jazz,0.462,0.0854,9,-16.775,1,0.0374,0.975,0.00143,0.0978,0.121,117.945,238467,3
76AqgNyZJ8O7xNTK47v6RI,Cajun Moon (feat. Cissy Housten),Herbie Mann,37,jazz,0.761,0.436,1,-13.702,1,0.0455,0.81,0.00122,0.161,0.839,92.241,375947,4
3iiVFE6oBGAhOrsEKIlDAz,Lazy River,Louis Armstrong,40,jazz,0.529,0.276,4,-10.914,0,0.0664,0.972,0.00211,0.161,0.427,99.867,184707,4
3UYZeVcFMm48hpNUbN2kjV,So Beautiful - Live At Capitol Studios / 2014,Robert Glasper,35,jazz,0.426,0.368,2,-19.406,0,0.0388,0.752,0.376,0.381,0.277,133.655,447053,4
7kUDRUvox3HR85gOaQcAFH,Fairy Flowers,Enrico Pieranunzi,37,jazz,0.383,0.11,10,-16.225,0,0.034,0.974,0.00325,0.334,0.0563,81.701,212973,3
5cenvmo6pnbLY2BSGgAubL,The Ramble,Julian Lage,42,jazz,0.358,0.595,11,-8.421,0,0.0357,0.644,0.5175,0.187,0.559,90.602,236053,4
76zflNnyXAL9qHmasOrn9j,Evening in Paris,Zoot Sims,42,jazz,0.485,0.24,3,-11.239,0,0.0323,0.931,0.0461,0.129,0.54,64.519,202333,4
2kWrq1IXFwvKE785vZa5ba,Birth,Keith Jarrett,36,jazz,0.392,0.119,5,-18.487,1,0.039,0.959,0.5175,0.0972,0.179,103.886,376546,4
3xjmGWHYvnoRWLqr1hBPXm,Cheek to Cheek,Louis Armstrong,39,jazz,0.615,0.233,2,-11.155,0,0.0486,0.786,0,0.324,0.493,133.468,228360,3
6mGkBLDcN5OtbSw9oNnO6z,Find Yourself,The Meters,44,jazz,0.619,0.444,4,-11.72,1,0.13,0.346,0.000006,0.065,0.816,80.313,252240,4
6K9v3qLNLEkrwcGmf9RtLs,I'm Making Believe,Ella Fitzgerald,38,jazz,0.475,0.0858,7,-16.275,0,0.0382,0.985,0.000001,0.129,0.477,82.928,190200,3
6iqPjxOtzJSDH01uevj46e,Sometime Ago - Remastered,Bill Evans,41,jazz,0.45,0.205,0,-20.158,1,0.0396,0.925,0.5175,0.155,0.188,114.601,273707,3
4qcThWujYA9wvGIVzIhnmt,Imagination,Chet Baker,39,jazz,0.479,0.0913,8,-17.593,0,0.0331,0.986,0.5175,0.145,0.123,110.844,181707,4
7zs3u26nSvkktXxCUoU3tx,Swing 41,Django Reinhardt,35,jazz,0.681,0.53,0,-9.906,0,0.0358,0.916,0.45,0.0945,0.939,113.707,188720,4
6DFAgL0dqmZ9kTyBwwcnnF,Embraceable You,Billie Holiday,32,jazz,0.331,0.0426,9,-17.5,0,0.0459,0.982,0.00201,0.0681,0.229,71.447,195387,4
4Y2IH2kck6O3ao275fYvpk,"A Love Supreme, Pt. III - Pursuance",John Coltrane,38,jazz,0.4,0.616,5,-14.026,0,0.117,0.546,0.000015,0.357,0.455,98.06,447053,5
2Z97vHYiVD4fkBIUs8P1by,Hoe Down,Oliver Nelson,35,jazz,0.578,0.566,0,-8.733,1,0.0531,0.755,0.5175,0.0987,0.83,125.03,281987,4
6n9oAvamBviS3cqTY7aU9Y,"Open The Door - Live At Bradshaw's Great American Music Hall, San Francisco/1979",Betty Carter,33,jazz,0.522,0.19,8,-20.128,1,0.0358,0.682,0.0574,0.381,0.521,98.903,308667,4
0C3Yhyl8hhDVlIEP74VlFq,There Goes My Heart,Johnny Hartman,44,jazz,0.44,0.14,5,-17.05,1,0.0386,0.988,0.5175,0.114,0.326,77.063,185080,4
7EqqqNGfd8xpNKZdA6qf7c,Let's Do It,Ella Fitzgerald,38,jazz,0.656,0.113,2,-14.42,0,0.0457,0.841,0,0.0771,0.311,78.59,212093,4
7o6IYC4h6NMKoG9r6mZsE4,What Is There To Say,Chico Hamilton,54,jazz,0.498,0.0187,4,-30.854,0,0.0425,0.987,0.5175,0.12,0.0877,102.422,173120,4
3S6Lbf7e355wczgdtoivhw,Christmas Is Coming,Vince Guaraldi Trio,22,jazz,0.354,0.394,5,-12.266,1,0.0356,0.858,0.207,0.0974,0.815,82.145,205640,4
5BWgOQvsFA08YdI8T5Oee9,My Heart Belongs To Daddy - 2004 Digital Remaster,Julie London,39,jazz,0.555,0.168,4,-11.744,0,0.042,0.945,0.000001,0.0928,0.588,119.499,161667,4
5mwkCplTtbu6kIhlm15ZgY,Essence of Sapphire,Dorothy Ashby,44,jazz,0.421,0.396,0,-14.85,1,0.0454,0.801,0.5175,0.178,0.557,85.387,192077,3
6BfVa1tY1bJOvnzd3A2695,The Queen Bee,Count Basie,40,jazz,0.634,0.403,5,-9.822,1,0.0289,0.773,0.5175,0.381,0.614,112.367,253933,4
0Kvh6DRvXb6TenGtXmPzvY,Body And Soul,Billie Holiday,39,jazz,0.435,0.0901,8,-15.469,1,0.0582,0.809,0.000012,0.101,0.221,178.85,378400,3
0hm2Nfi1bhG4TKvSYhKt81,All of You,Billie Holiday,42,jazz,0.579,0.239,7,-14.659,0,0.0762,0.469,0,0.246,0.545,120.855,150600,4
6FjTKZayzI8Uw4APoADjPS,Douce ambiance,Django Reinhardt,23,jazz,0.714,0.354,7,-10.859,0,0.0332,0.96,0.5175,0.0889,0.723,98.868,140773,4
2I3AxLXcXcat2ZpNXrhXXY,It Could Happen to You,Chet Baker,35,jazz,0.432,0.204,7,-14.342,1,0.0322,0.925,0,0.103,0.227,107.317,173160,5
2ToypjFS1wrUB3OxCDqcd5,When You Wish Upon A Star,Louis Armstrong,17,jazz,0.255,0.21,7,-14.215,0,0.0505,0.845,0.0438,0.354,0.34,70.788,266253,1
5WHwgHKeQvs7JNTCkn2BSe,Perspectives,Christian Scott aTunde Adjuah,38,jazz,0.445,0.568,8,-7.004,0,0.0389,0.687,0.5175,0.233,0.366,77.824,262001,3
39rdioUIBgpZvtctfAepiw,What Child Is This,Vince Guaraldi Trio,37,jazz,0.267,0.266,5,-15.355,0,0.0317,0.971,0.5175,0.132,0.527,80.484,143427,4
1F0IvtRq2hdHyHlGXOPZmq,"Waiter, Make Mine Blues",Anita O'Day,37,jazz,0.583,0.196,8,-11.9,1,0.0481,0.894,0,0.18,0.366,81.283,200693,4
2Vu3FtqTwRmjclU0yoX8Aw,Birdland,Weather Report,39,jazz,0.589,0.532,0,-12.021,1,0.0359,0.434,0.00157,0.0794,0.527,156.868,356760,4
5g0MM8pdWqW1tSjvPwyigh,This Year's Kisses,Billie Holiday,43,jazz,0.711,0.148,7,-14.489,1,0.0474,0.918,0.000012,0.115,0.736,109.473,187560,4
4HUYWxC3FMK9lj1fBe0lZE,Nutcracker Suite: Nutcracker Suite: Sugar Rum Cherry (Dance of the Sugar Plum Fairy),Duke Ellington,39,jazz,0.59,0.198,9,-12.918,0,0.0535,0.899,0.5175,0.114,0.41,98.56,186440,4
5KnbVhc1dt4ruQ8qrP4xtc,Lookin' Up,Jim Hall,42,jazz,0.484,0.0678,2,-25.265,1,0.0484,0.995,0.5175,0.128,0.278,114.27,274560,4
7cm93ymXYQy1XRdYx4i5Jy,Since I Fell for You,Brad Mehldau Trio,38,jazz,0.449,0.203,5,-15.79,0,0.0535,0.933,0.5175,0.114,0.152,135.368,447053,3
7Mvq36CWiuHphIlSXS6VkY,You're Just in Love,Louis Armstrong,39,jazz,0.412,0.631,1,-9.703,1,0.188,0.971,0.5175,0.381,0.914,181.909,208507,4
1bMY8tdiM6WI4tOcfGFNnf,Vivo Sonhando,Stan Getz,38,jazz,0.458,0.158,7,-15.699,1,0.0514,0.915,0.0118,0.139,0.4,141.078,174147,4
3RFgw0F7bOg5Pb3K2Z8RLs,Thingin,Lee Konitz,45,jazz,0.52,0.332,8,-13.475,1,0.0366,0.624,0.325,0.0681,0.489,91.929,385640,4
4n4nRx644JscKqBwZoEMKg,A Slow Hot Wind,Johnny Hartman,39,jazz,0.621,0.155,10,-19.774,0,0.0298,0.809,0.0748,0.0909,0.429,93.024,203360,4
5YuSKlfZ6g9oProCzrDUUx,Lush Life,John Coltrane,38,jazz,0.362,0.127,6,-18.161,1,0.0408,0.977,0.0158,0.165,0.127,61.566,327040,4
7rHJrcct44BRchQSn3QAJ4,Marseille (Instrumental),Ahmad Jamal,37,jazz,0.61,0.265,10,-22.331,0,0.0368,0.522,0.5175,0.0858,0.334,118.033,447053,4
3xBbHATb8VAvFCptPfR1MT,Miss Brown to You,Billie Holiday,43,jazz,0.668,0.376,3,-11.406,1,0.0682,0.729,0.00005,0.116,0.837,155.957,178467,4
6u0h4vWqAUHPdBIleVlSTO,Joshua Fit De Battle Of Jericho,Sidney Bechet,39,jazz,0.58,0.354,0,-11.786,0,0.0534,0.748,0.5175,0.226,0.964,180.264,200093,4
6xXUcB3UuWfuaiExwlzY9Q,Nancy (With The Laughing Face),John Coltrane Quartet,42,jazz,0.485,0.144,5,-14.599,1,0.0383,0.968,0.173,0.162,0.265,136.048,194212,4
3twH5Q708MZLDd0FBuXKfC,Don't Be That Way,Ella Fitzgerald,36,jazz,0.497,0.212,5,-14.101,0,0.0477,0.722,0,0.186,0.345,97.258,299693,4
4LbJFM4QRgvKoYU7nzj3Dx,Blue bossa,Dexter Gordon,42,jazz,0.362,0.411,8,-14.9,1,0.042,0.463,0.5175,0.133,0.592,81.801,447053,4
73MSbC00TmaEngG8KRRwyE,I'm Through With Love,Chet Baker,36,jazz,0.59,0.318,3,-10.767,1,0.0316,0.991,0.5175,0.381,0.371,128.179,157120,4
1xWWpWotWNwLVe0QzLIlFn,New Orleans Function,Louis Armstrong,39,jazz,0.415,0.563,1,-12.914,1,0.152,0.76,0.5175,0.381,0.299,151.227,398720,4
66PvHMMsxEUB2rMwgynm7v,A Kiss To Build A Dream On,Louis Armstrong,37,jazz,0.713,0.115,0,-11.344,1,0.0752,0.807,0,0.342,0.335,88.486,180933,4
5iPXzdmW5wxcbWJNw46mOy,You've Changed,Kurt Rosenwinkel,40,jazz,0.486,0.125,0,-19.121,1,0.035,0.988,0.5175,0.115,0.207,112.418,195200,4
4MpyYQeDHw3wHb4VNTbWQY,Mètché Dershé (When Am I Going to Reach There?),Mulatu Astatke,40,jazz,0.632,0.513,7,-8.922,1,0.0351,0.783,0.482,0.215,0.383,126.359,240187,4
24I4Tp825sk8dSSxj6NgBq,If You Were Mine,Billie Holiday,43,jazz,0.615,0.115,8,-16.557,1,0.0397,0.968,0.00061,0.127,0.404,105.704,189867,4
1g9hHzfqi1SiGYcWm9Ji9D,Kary's Trance,Lee Konitz,36,jazz,0.552,0.368,7,-12.92,0,0.0415,0.614,0.143,0.257,0.495,92.292,298227,4
7wGx08b8HOKxnppqcoq4ea,Watermelon Man,Herbie Hancock,40,jazz,0.606,0.555,0,-9.219,0,0.0283,0.893,0.5175,0.0783,0.599,129.419,428440,4
3Y0LpU5kqQ3vSZvwcGjl1M,Splanky,Count Basie,42,jazz,0.583,0.376,6,-10.914,1,0.0433,0.725,0.251,0.0642,0.614,120.713,217373,4
6s3Iw2G0jUiahFQqkMmtUW,Snowbound - Live Remastered,Chet Baker,37,jazz,0.457,0.537,1,-9.126,1,0.042,0.887,0.183,0.381,0.412,124.957,447053,4
2vr8X2FyP8PD5SfexkfDcu,Games People Play,Mel Tormé,41,jazz,0.576,0.462,5,-9.962,1,0.0424,0.581,0,0.0884,0.881,119.716,167308,4
1JdhySd9iCOK4hAldHiW6v,All Blues,Ron Carter,40,jazz,0.427,0.23,0,-17.798,1,0.0315,0.842,0.5175,0.116,0.319,115.757,447053,3
2PMZRVTJlDj2DokOxYnmnY,A Hard Day's Night,Count Basie,44,jazz,0.598,0.368,8,-10.48,1,0.0362,0.396,0.0161,0.108,0.643,136.506,266067,4
5usiuaSj5S82jsW7LEmyjC,But Beautiful,Bill Evans,40,jazz,0.499,0.0539,11,-21.882,1,0.0396,0.972,0.0287,0.0839,0.324,72.981,280840,4
23rgFPodbCa3l5XqCoUP2P,Lavender Coffin,Lionel Hampton,40,jazz,0.623,0.445,0,-9.767,1,0.0798,0.804,0,0.148,0.837,133.046,167080,4
20894n5yqjgoYqJmw6S7fR,How High The Moon,Chet Baker,37,jazz,0.573,0.0635,5,-21.626,1,0.0377,0.92,0.5175,0.0792,0.191,114.965,218093,4
1mee9jicUVtzLghXPgvhrX,Dream Gypsy - Digitally Remastered,Bill Evans,42,jazz,0.421,0.0273,2,-27.402,0,0.0447,0.995,0.5175,0.0936,0.177,127.412,274907,3
2H4PHyrS6GiLHRVST7i38S,All or Nothing at All,Scott Hamilton,42,jazz,0.63,0.112,9,-17.845,0,0.0545,0.854,0.0215,0.0901,0.402,120.614,420640,4
7az65b4BHBjztBfqwVXMo1,Swing in F,Scott Hamilton,41,jazz,0.588,0.281,7,-11.6,0,0.0615,0.812,0.5175,0.0838,0.533,105.498,379253,4
1NuTs7ixdiHk2JAJzAGF2n,When You're Smiling (The Whole World Smiles With You) - With Intro,Louis Armstrong,35,jazz,0.434,0.248,8,-8.749,1,0.0508,0.858,0.000941,0.172,0.276,79.43,242040,4
6nWhxn2MNldBrPkOw2r0DK,Minor Swing,Django Reinhardt,34,jazz,0.718,0.479,5,-10.09,1,0.0583,0.912,0.000987,0.154,0.78,103.751,169133,4
4ZegjDX0qLhO7xiava6k8x,Blue And Sentimental,Oscar Peterson,46,jazz,0.551,0.114,3,-24.78,0,0.0451,0.977,0.5175,0.141,0.124,70.141,146093,4
0SugbmpLFwAPK0bHcv6I6D,What A Wonderful World,Louis Armstrong,38,jazz,0.28,0.337,5,-12.089,1,0.034,0.756,0.000299,0.116,0.151,108.081,140133,3
0tPCnMLtmJT9cXL8Uc5h4Y,Cristo Redentor (Rudy Van Gelder Edition) [1999 - Remaster],Donald Byrd,20,jazz,0.261,0.203,7,-12.239,0,0.0333,0.989,0.5175,0.134,0.0628,174.12,343627,3
0YnxW17RadORMe1TLJjAeU,Só Danço Samba,Stan Getz,50,jazz,0.578,0.364,2,-15.162,1,0.0441,0.683,0.0539,0.105,0.723,78.073,216227,4
5u37dzOTaofExiyOlYir65,Loie - 2007 Digital Remaster,Ike Quebec,37,jazz,0.653,0.131,0,-20.571,1,0.0498,0.926,0.5175,0.112,0.774,74.022,190800,4
2Ghg7ErKHB9L7u1kyNH1nO,A Nightingale Sang In Berkeley Square,Bob Brookmeyer,38,jazz,0.407,0.106,1,-19.078,1,0.0375,0.973,0.0762,0.123,0.233,94.231,418000,4
2RLI7rE6iXEAvkXiIOOkmc,Very Early,Jazz At Lincoln Center Orchestra,31,jazz,0.446,0.454,7,-9.337,1,0.0431,0.749,0.0416,0.381,0.19,125.297,447053,3
6tNodrmrsA206cZ0MTJNFN,Don't give up,Herbie Hancock,40,jazz,0.467,0.394,0,-10.125,0,0.035,0.825,0.00158,0.104,0.377,156.81,447053,3
4jvCXYZwM8pR1p0vvK7PtW,Naima,John Coltrane,45,jazz,0.303,0.0141,10,-19.759,0,0.0418,0.948,0.0944,0.0792,0.157,171.439,258266,3
2Syy6iCju7lcPLesnbEwnV,The Two Lonely People,Bill Evans,41,jazz,0.326,0.341,6,-17.289,1,0.0367,0.935,0.5175,0.114,0.141,77.739,370200,4
32Lg670koSWkUZQ4ExgMzD,Door of the Cosmos,Sun Ra,42,jazz,0.607,0.634,10,-8.313,1,0.0963,0.655,0.5175,0.109,0.617,115.304,447053,4
3QIH0AJcFA50K1somqbG8P,Misty,Erroll Garner,37,jazz,0.382,0.276,8,-13.646,1,0.0329,0.942,0.5175,0.148,0.242,85.486,292880,4
3ffOBFvuTyGLtHPZK1nbTC,"Gloria's Step - Take 1, interrupted",Bill Evans Trio,37,jazz,0.494,0.301,5,-20.133,0,0.0417,0.851,0.5175,0.137,0.394,84.51,341467,4
3MYojP082i6SdgmUxZWgMu,Twilight...And Beyond,Joshua Redman,41,jazz,0.459,0.187,1,-15.31,1,0.0473,0.822,0.382,0.104,0.259,143.059,447053,4
09lcppWYKoKVvnYI1rPJaA,A Spanish Song,Chick Corea,36,jazz,0.707,0.443,1,-13.675,0,0.0365,0.772,0.5175,0.104,0.5,122.846,447053,4
5Jafpcu72SIeaOVk4Gboa2,Requiem,Lennie Tristano,39,jazz,0.447,0.439,7,-11.853,0,0.0908,0.994,0.5175,0.127,0.223,83.382,292493,3
1OWLwATfYmWxllFvtDcONn,What A Wonderful World,Louis Armstrong,31,jazz,0.208,0.287,5,-13.3,1,0.037,0.864,0.000123,0.125,0.212,76.662,138040,4
4V0AcmpruhZKAYWTlrlVMw,Freedom Jazz Dance - Session Reel,Miles Davis,40,jazz,0.486,0.199,10,-20.733,0,0.0997,0.111,0.000537,0.0402,0.345,105.14,447053,4
4zs02pEJKaJIYxHJ96CA6Y,I'm Yours,Billie Holiday,36,jazz,0.517,0.024,8,-14.47,1,0.0397,0.991,0.000066,0.161,0.257,113.303,198800,4
2iciQuDnkiUySIEOfhFXiW,He's Funny That Way,Billie Holiday,38,jazz,0.553,0.0723,7,-16.436,1,0.0424,0.982,0.00173,0.117,0.27,135.737,190480,5
0i29OMOxKx7WXiV6xULzVR,These 'N' That 'N' Those,Billie Holiday,42,jazz,0.696,0.248,1,-12.103,1,0.0437,0.903,0.001,0.114,0.799,105.631,192240,4
0AKuaq5RcZrouyOGs45n6z,The Anticipation,Duke Ellington,39,jazz,0.244,0.0716,0,-21.889,1,0.0435,0.954,0.5175,0.172,0.0969,69.552,196027,5
4efoEY8iDBzUqitjmNDhpN,Three Little Birds,Bob Marley & The Wailers,75,reggae,0.814,0.482,9,-10.493,1,0.0588,0.0111,0.000002,0.0476,0.615,148.404,180267,4
61dXuN3VyqGOyOeMfJXIPh,Could You Be Loved,Bob Marley & The Wailers,74,reggae,0.916,0.72,0,-8.548,1,0.1,0.36,0.00016,0.0958,0.76,103.312,237000,4
6gOirCUz62z0mFhCJ6P5KC,Jamming,Bob Marley & The Wailers,72,reggae,0.934,0.467,11,-10.99,0,0.239,0.102,0.00004,0.109,0.73,123.583,211000,4
1QQfbfMfyzNZhT5fg3RpuS,Buffalo Soldier,Bob Marley & The Wailers,72,reggae,0.932,0.462,9,-8.664,1,0.239,0.137,0.000008,0.0653,0.749,124.122,257231,4
6M5cQCyieE1Q8YQydVLzxL,Is This Love,Bob Marley & The Wailers,71,reggae,0.775,0.553,6,-8.371,0,0.102,0.106,0,0.0518,0.753,122.232,232200,4
4OsZ1vrenrtSbqLJxOceKl,One Love / People Get Ready,Bob Marley & The Wailers,69,reggae,0.725,0.523,10,-9.593,1,0.239,0.0783,0,0.0665,0.95,76.292,172933,4
21dOjdraFZffs2lnQObaiZ,Redemption Song,Bob Marley & The Wailers,67,reggae,0.671,0.256,7,-10.743,1,0.0387,0.608,0,0.0737,0.694,115.871,233560,4
0BEEASlZ9ZCLYA4NBtPor8,Road To Zion,Damian Marley,64,reggae,0.755,0.696,1,-6.326,1,0.194,0.123,0,0.106,0.432,93.683,317333,4
2e5Vm6VvdlTzuNcRSikeU6,Welcome To Jamrock,Damian Marley,66,reggae,0.835,0.661,7,-6.502,0,0.239,0.0208,0,0.381,0.753,76.723,213200,4
2mKsPUojh602HvSeNt04CB,"No Woman, No Cry - Live At The Lyceum, London/1975",Bob Marley & The Wailers,68,reggae,0.649,0.673,1,-9.35,1,0.0638,0.249,0.0351,0.381,0.587,78.535,427800,4
3QRM0qZB7oMYavveH0iEqx,Here Comes the Hotstepper - Heartical Mix,Ini Kamoze,69,reggae,0.889,0.454,4,-8.598,0,0.221,0.0141,0.000186,0.203,0.436,100.36,250467,4
5QTEEImISE4USGEwqAci8O,Is This Love,Bob Marley & The Wailers,62,reggae,0.775,0.559,6,-8.377,0,0.088,0.108,0,0.0945,0.804,122.229,230733,4
2OHQhOiGIYaXqqJVIMpNrF,Kingston Town,Alborosie,64,reggae,0.788,0.773,9,-5.272,0,0.099,0.0381,0,0.35,0.584,73.978,192400,4
7rtUEnmzlULs6kSCmEwgGr,Medication,Damian Marley,65,reggae,0.868,0.568,10,-6.794,0,0.239,0.031,0,0.214,0.812,84.988,222467,4
1w5sLDYzYAGI0AkLc6FPlO,Is This Love - Remix,Bob Marley & The Wailers,70,reggae,0.815,0.669,6,-7.966,0,0.0355,0.0242,0.0152,0.311,0.317,121.984,199656,4
5uPYEStMW3KsXnnLV7iCTw,Johnny B Goode - 2002 Remastered Version,Peter Tosh,66,reggae,0.749,0.849,4,-5.761,0,0.0544,0.0299,0.000168,0.115,0.959,145.169,244253,4
7aJZxI6TVdIvQSuWxQ4rqp,I Can See Clearly Now,Jimmy Cliff,65,reggae,0.799,0.662,7,-8.585,1,0.0347,0.00482,0.000505,0.0484,0.717,120.082,196000,4
54BA9VfKHAj61wOITNnw1W,Waiting In Vain,Bob Marley & The Wailers,64,reggae,0.769,0.457,8,-11.501,1,0.239,0.0292,0.000031,0.0599,0.806,78.789,256240,4
7kTvXtMERxvwCGcWv68ssH,Sweat (A La La La La Long),Inner Circle,65,reggae,0.787,0.79,0,-6.649,1,0.21,0.0166,0,0.18,0.948,173.032,226547,4
3yoWBFuanYVmwbJ4jF0AQi,Could You Be Loved,Bob Marley & The Wailers,60,reggae,0.913,0.724,0,-8.527,1,0.105,0.372,0.000201,0.0824,0.748,103.33,237133,4
4AVIdds2A4E4UsZcVU0Uso,I Wish You Were Here,Alpha Blondy,64,reggae,0.796,0.566,7,-7.857,1,0.0695,0.02,0.0181,0.116,0.58,143.994,267120,4
2lPfcRMRLffiBTwLA9S8Vc,Night Nurse,Gregory Isaacs,62,reggae,0.822,0.298,7,-14.86,1,0.162,0.0318,0.0299,0.0316,0.931,74.679,245667,4
7bnRX1ObyGzzSuOWrNFLWw,I Shot The Sheriff,The Wailers,62,reggae,0.799,0.641,8,-9.33,1,0.171,0.313,0.000022,0.0704,0.719,96.806,281027,4
7FILn9Akg2468HPNsRZCkq,Waiting In Vain,Bob Marley & The Wailers,64,reggae,0.838,0.453,8,-11.536,1,0.239,0.025,0.000024,0.116,0.815,78.837,256493,4
7cKLOenzViwzoHJWciMIrj,Bam Bam,Sister Nancy,67,reggae,0.722,0.605,5,-6.07,1,0.153,0.825,0.0178,0.248,0.709,165.998,196507,4
5CAtxZrXETP2MhDKJHOICk,No Woman No Cry,Bob Marley & The Wailers,55,reggae,0.863,0.433,0,-11.1,1,0.0383,0.0699,0,0.0553,0.712,97.067,251067,4
4kJW7nBgdYqrAXBOmDthtC,Brigadier Sabari,Alpha Blondy,52,reggae,0.879,0.73,10,-6.795,0,0.163,0.245,0.000004,0.287,0.957,88.291,284000,4
1EPVhySScieqRoYWj8pIEN,Stir It Up - Original Album Version,Bob Marley & The Wailers,61,reggae,0.757,0.453,9,-11.026,1,0.111,0.643,0.424,0.0899,0.919,147.793,334493,4
2pS9wwKRtA3Kb07WzbeiWw,Living It Up,Damian Marley,57,reggae,0.745,0.68,11,-6.708,1,0.124,0.0661,0,0.07,0.813,97.251,240293,4
7GQumyB48MXYwHpqVJj8f3,Pimper's Paradise,Bob Marley & The Wailers,62,reggae,0.939,0.65,9,-8.282,0,0.0615,0.00557,0,0.0429,0.968,134.727,207773,4
1ZPsdTkzhDeHjA5c2Rnt2I,Beach In Hawaii,Ziggy Marley,66,reggae,0.807,0.458,9,-9.594,0,0.0361,0.211,0.000009,0.0839,0.874,100.959,220413,4
2g4FmxUiMLF4glwodK3l2W,Plus rien ne m'étonne,Tiken Jah Fakoly,46,reggae,0.688,0.516,4,-6.229,0,0.045,0.121,0.000024,0.217,0.644,155.911,250213,4
14CsUVcoKztExH6aSgfrfb,Is This Love - Montmartre Remix,Bob Marley & The Wailers,62,reggae,0.621,0.616,6,-7.211,0,0.15,0.0765,0,0.131,0.512,122.93,269404,4
7CF8JrFFjWR8BN5ShfF4GQ,Satisfy My Soul,Bob Marley & The Wailers,62,reggae,0.775,0.408,7,-9.185,1,0.229,0.00342,0.00007,0.381,0.421,127.876,272893,4
43VSZHjLjjxSi7KosnHZ8w,54-46 Was My Number,Toots & The Maytals,62,reggae,0.687,0.361,0,-9.693,1,0.0538,0.177,0,0.0721,0.578,161.134,204027,4
0uqfVuRiMJMeenFk34VoOb,Iron Lion Zion,Bob Marley & The Wailers,60,reggae,0.708,0.632,9,-6.833,1,0.0322,0.00948,0.00151,0.264,0.765,142.361,192707,4
1qe4vbk9Wn3SktJR3FosdV,Funky Kingston,Toots & The Maytals,59,reggae,0.777,0.458,11,-12.358,1,0.0841,0.265,0.00295,0.0423,0.961,99.05,295667,4
0lzOFW7ELjXom0Jua03stq,One Drop,Bob Marley & The Wailers,61,reggae,0.901,0.472,0,-7.365,1,0.231,0.113,0.00001,0.152,0.828,121.242,231773,4
0Cgnu9ljE00cowIlJWq2qN,My Sound,Skarra Mucci,52,reggae,0.693,0.839,11,-3.325,1,0.172,0.0653,0,0.381,0.773,93.049,256040,4
0cSkIGgh1uICEIcmEb1niw,Rasta Love Feat. Ky-Mani Marley,Protoje,61,reggae,0.911,0.565,9,-6.209,0,0.0718,0.429,0,0.0802,0.751,96.012,185312,4
0O8rUWyBPzY7RSzYbSKRs2,Who Knows,Protoje,58,reggae,0.683,0.724,5,-4.436,0,0.0988,0.0909,0,0.339,0.742,80.932,208467,4
6x0SCnJPEqbgX085BuJHGU,Africa Unite,Bob Marley & The Wailers,59,reggae,0.907,0.428,11,-10.13,0,0.112,0.177,0.00204,0.0765,0.761,127.578,175627,4
4abVwdCy5QUcyI3KS2lMJK,Here I Come,Barrington Levy,65,reggae,0.582,0.663,4,-6.547,0,0.0828,0.161,0,0.198,0.695,170.82,217200,4
1SssFw74DdHVjRa6ADggdD,Sweat (A La La La La Long),Inner Circle,68,reggae,0.787,0.727,0,-7.705,1,0.224,0.0124,0,0.157,0.936,173.025,227067,4
2kPQbvKYxJV2z5q2wNps7n,Chase The Devil,Max Romeo,62,reggae,0.838,0.34,2,-14.334,1,0.239,0.0807,0,0.105,0.836,149.079,207667,4
0VtyhpjhYWkn7UOSX6If6e,Forever Loving Jah,Bob Marley & The Wailers,59,reggae,0.774,0.531,11,-7.176,0,0.0446,0.0595,0,0.0409,0.966,142.001,242333,4
4VwVioKcOwsmcekfAdd9v1,Zimbabwe,Bob Marley & The Wailers,59,reggae,0.931,0.612,9,-8.252,1,0.0862,0.082,0.0015,0.0484,0.809,125.229,231267,4
566XGPwEtTtlgNP5SMR6io,Positive Vibration,Bob Marley & The Wailers,60,reggae,0.92,0.34,11,-12.008,0,0.0596,0.0238,0.0025,0.0844,0.487,131.865,213893,4
1UOhKnE2fZJuGdB7ssn9nf,Herbalist,Alborosie,59,reggae,0.804,0.607,10,-6.84,0,0.239,0.0773,0,0.0993,0.823,142.421,191333,4
55A8N3HXzIecctUSvru3Ch,Pressure Drop,The Maytals,61,reggae,0.605,0.641,8,-8.291,1,0.0446,0.0503,0,0.121,0.972,146.84,177440,4
1ILZVxd4FCgURhwRRNKQ85,Turn Your Lights Down Low,Bob Marley & The Wailers,61,reggae,0.733,0.668,11,-5.29,0,0.0755,0.0131,0.000003,0.0312,0.766,83.107,346302,4
1nw8lTaFu9kphHRNy67lXa,"Get Up, Stand Up",The Wailers,55,reggae,0.797,0.574,10,-7.268,1,0.239,0.229,0,0.0602,0.814,78.183,197573,4
155vJ1VsYZ87Gldi1gNss8,Hail H.I.M - 2002 Remastered Version,Burning Spear,60,reggae,0.775,0.652,4,-7.881,0,0.0583,0.149,0.18,0.0458,0.671,137.866,255800,4
0qeKzbUsW0V4ZWRJrHNiD3,Bad Boys (Theme from COPS),Inner Circle,66,reggae,0.781,0.722,7,-8.376,1,0.0668,0.236,0.00042,0.077,0.532,87.862,229375,4
5wnW9E68HSEefcPeW1cn7x,Coming In From The Cold,Bob Marley & The Wailers,59,reggae,0.734,0.631,5,-6.887,1,0.098,0.258,0.000002,0.0752,0.962,141.478,271023,4
6XitzIBDSAbU9gU9lhouQa,The Harder They Come,Jimmy Cliff,57,reggae,0.679,0.575,1,-8.037,1,0.0717,0.632,0,0.165,0.79,102.588,219907,4
2p5xGfnvZabKKSYT1HOU0E,Dream Land,Bunny Wailer,58,reggae,0.807,0.494,6,-13.028,1,0.19,0.36,0.00983,0.044,0.96,146.07,165893,4
13lOjbr1RqCQ8EbzCWqUoJ,Jah Jah Know,Groundation,48,reggae,0.727,0.503,8,-9.565,1,0.181,0.0994,0.000009,0.31,0.496,81.777,363867,4
76O0RqUHIKG7jq3LwBTUgS,Natural Mystic,Bob Marley & The Wailers,57,reggae,0.868,0.281,7,-12.621,1,0.239,0.0515,0.000069,0.114,0.795,131.193,207733,4
6D4eMFcg3DquhNOQsNanQk,That Day Will Come,Capleton,59,reggae,0.672,0.839,0,-5.034,0,0.114,0.0674,0,0.114,0.917,153.37,246453,4
7dMM58Mhzy0zBhO9HgxzhR,"Rock Stone (feat. Capleton, Sizzla)",Stephen Marley,58,reggae,0.768,0.822,2,-4.353,1,0.239,0.204,0.000533,0.121,0.547,82.031,278049,4
5jkxC8SIZJ4qqusxRPVS5s,Wanted Dread and Alive - 2002 Remastered Version,Peter Tosh,59,reggae,0.795,0.731,9,-6.056,1,0.0529,0.381,0.00163,0.0548,0.884,96.161,268213,4
73lYI49LhfsscO33ohrGN0,Legalize It,Peter Tosh,56,reggae,0.71,0.589,0,-11.933,1,0.167,0.068,0.000004,0.176,0.65,144.601,279360,4
1fQxtJ2yrBn6l20VVuGuJF,Exodus,Bob Marley & The Wailers,59,reggae,0.869,0.75,7,-8.6,1,0.048,0.0311,0.0049,0.163,0.961,132.844,447053,4
5yoAAVeGTLkP7aezWcbsfN,"Wonderful World, Beautiful People - Single Version",Jimmy Cliff,53,reggae,0.769,0.367,2,-16.781,1,0.0305,0.00696,0,0.0619,0.891,105.59,194667,4
5iynCtpEY7mx4ou54tHBPH,Ganja Smuggling,Eek-A-Mouse,59,reggae,0.78,0.427,5,-8.371,0,0.126,0.128,0.000018,0.0697,0.526,71.665,228760,4
2Dgqm5x6UotNNsMKFEtqce,Raggamuffin School,Skarra Mucci,50,reggae,0.674,0.77,10,-5.51,0,0.205,0.12,0,0.14,0.849,171.987,252316,4
1F6A8AHmzEyzPSrEc9aumd,"Get Up, Stand Up",The Wailers,59,reggae,0.778,0.575,10,-7.241,0,0.239,0.259,0,0.0645,0.811,78.142,199667,4
40KTypjh1VYHw8poxix0Rx,54-46 Was My Number,Toots & The Maytals,48,reggae,0.675,0.354,0,-7.556,1,0.152,0.182,0.000022,0.0682,0.67,160.973,190347,4
4Pl8ViAolRF4rK8QBMhKd9,Redemption Song,Bob Marley & The Wailers,58,reggae,0.666,0.259,0,-10.721,1,0.04,0.585,0,0.079,0.698,116.082,227840,4
1OE5bn5HUmCqTLNpo13ya3,Reggae Night,Jimmy Cliff,54,reggae,0.853,0.697,0,-7.41,1,0.0373,0.282,0.000044,0.121,0.96,109.419,321600,4
1vl5jVbo2INarbfx43KHjH,Cool and Calm,Israel Vibration,55,reggae,0.794,0.399,0,-11.516,1,0.174,0.161,0.000007,0.0475,0.839,76.374,267401,4
0ldVvIGrEXbIglTTtM5eop,War / No More Trouble - Live,Bob Marley & The Wailers,58,reggae,0.622,0.608,11,-8.785,0,0.239,0.492,0.00117,0.381,0.615,78.911,447053,4
3qkgDUwKyHht3WmNTFHg0C,The Same Song - Edit,Israel Vibration,49,reggae,0.924,0.546,8,-6.583,0,0.233,0.141,0.00136,0.0361,0.685,123.33,239613,4
3etSM4KHZRIn5PmUvNpxbu,Jamming,Bob Marley & The Wailers,57,reggae,0.941,0.462,11,-11.029,0,0.239,0.129,0.000098,0.114,0.758,123.674,211427,4
07QuKUTu5O40AibYYPx98I,No Cocaine,Alborosie,57,reggae,0.767,0.732,7,-5.008,0,0.239,0.056,0.000005,0.0688,0.871,75.005,254907,4
3Gym3Rtm6FHpTrLlJTcz3j,World A Reggae Music,Anthony B,55,reggae,0.831,0.587,6,-6.997,0,0.239,0.0392,0,0.164,0.787,83.154,224840,4
3VA9Eb9i8fAQAWhgtxIo4J,Handsworth Revolution,Steel Pulse,48,reggae,0.928,0.411,10,-14.2,1,0.0916,0.0259,0.000011,0.0597,0.693,118.23,321373,4
4Yu7Opg3NC2n763yUU2Njh,Cool Down The Pace,Gregory Isaacs,59,reggae,0.865,0.253,10,-16.122,1,0.234,0.0748,0.0404,0.0699,0.954,76.351,315000,4
6euKXayDIRmvTNsT7hNZSn,Is It Because I'm Black ?,Tiken Jah Fakoly,43,reggae,0.72,0.57,1,-6.103,0,0.055,0.367,0.000014,0.125,0.397,147.947,214293,4
3Ni6vR9yGUnVy7fRFwpVfE,Marcus Garvey,Burning Spear,52,reggae,0.726,0.487,0,-9.235,1,0.0993,0.0442,0.00766,0.0955,0.48,91.899,199613,4
5FGB6aFd2k1XDHOdD4piXi,Africain à Paris,Tiken Jah Fakoly,43,reggae,0.786,0.609,6,-7.529,0,0.0487,0.2,0,0.381,0.851,96.06,231427,4
6r94huvggOIhZVvkQ3k4AX,War Ina Babylon,Max Romeo,53,reggae,0.693,0.427,7,-13.876,1,0.239,0.0461,0,0.0936,0.91,146.353,290493,4
5N0lcnJTtKj4wNDvurHige,True To Myself,Ziggy Marley,65,reggae,0.88,0.564,1,-6.431,1,0.0498,0.0796,0,0.0565,0.83,99.019,225600,4
605ZHoLZx7PtQ8fXgvN10K,Legalize It,Peter Tosh,61,reggae,0.701,0.784,0,-7.212,1,0.204,0.128,0,0.0713,0.712,145.249,278872,4
2lsTIe56DvgZtJCGUP3rUP,Time Will Tell,Bob Marley & The Wailers,57,reggae,0.637,0.37,8,-11.95,1,0.134,0.319,0.000009,0.0462,0.634,79.786,213440,4
0INtJm8gCJKtNaAYQNVlpZ,"You Don't Love Me (No, No, No) - Extended Mix",Dawn Penn,65,reggae,0.811,0.428,7,-10.728,1,0.221,0.0122,0.317,0.344,0.653,80.962,277893,4
4Qmbc7KFWkKvxBz5KjcA6g,Murderer,Barrington Levy,63,reggae,0.866,0.548,0,-10.064,1,0.239,0.0785,0.272,0.0794,0.579,142.752,233160,4
6T49afrFQlkScdS9dMbCjt,Are We A Warrior,Ijahman Levi,41,reggae,0.881,0.235,0,-12.761,1,0.0553,0.129,0.000691,0.0405,0.835,123.488,447053,4
57B5zk5XlLX7qLqwXw7ab6,Rastaman Live Up,Bob Marley & The Wailers,57,reggae,0.903,0.328,0,-11.154,1,0.125,0.192,0.0177,0.0549,0.724,130.683,326565,4
3sbBOn0ifcgoX3MfaTeFKr,Still Blazing,Alborosie,60,reggae,0.749,0.704,6,-5.415,0,0.239,0.0159,0.000002,0.0886,0.821,145.618,230573,4
0p4uJwIIGfN3tfTFvwALwB,Murder She Wrote (Original Mix),Chaka Demus & Pliers,63,reggae,0.872,0.679,11,-10.026,0,0.156,0.13,0.00746,0.323,0.948,95.096,247133,4
6hpIsOIKmQwb34D4y2zr8B,Babylon System,Bob Marley & The Wailers,56,reggae,0.77,0.429,0,-11.919,1,0.113,0.114,0,0.0619,0.749,91.386,261840,4
6F2MHt7OIOwcVTFuoBIQYv,Country Road,Toots & The Maytals,58,reggae,0.624,0.329,8,-16.005,1,0.143,0.43,0.000525,0.0798,0.915,175.024,205200,4
386dxZV8HP4Zc0FX3me685,"Lively Up Yourself - Live At Music Hall, Boston / 1978",Bob Marley & The Wailers,57,reggae,0.594,0.771,7,-8.437,1,0.0685,0.102,0.000042,0.268,0.879,76.391,447053,4
7jnrRv88TT4trt5ZeVgiMe,Sinsemilla,Black Uhuru,55,reggae,0.85,0.565,4,-10.891,0,0.0969,0.0176,0.0217,0.072,0.709,131.225,309880,4
3wYq8L0D3ihCZ9sL6grUzk,I Shot The Sheriff - Live At The Roxy,Bob Marley & The Wailers,57,reggae,0.729,0.792,6,-5.232,0,0.116,0.526,0.000142,0.381,0.747,139.568,393000,4
4XvuRDrWteHQGLBOXbAkFZ,Longing For,Jah Cure,53,reggae,0.67,0.541,4,-7.415,0,0.239,0.29,0.000003,0.0751,0.488,167.935,232000,4
4f1GpbYe1TAYTS6NJkhr4Y,Rude Boy,Prince Jammy,45,reggae,0.717,0.427,7,-11.129,1,0.106,0.000097,0.5175,0.0754,0.773,150.257,218906,4
280GUUkqaTBa12SCpQdlip,Murder She Wrote,Chaka Demus & Pliers,59,reggae,0.884,0.747,11,-9.153,0,0.12,0.161,0.000242,0.332,0.941,95.103,244785,4
5lyCpekspXmDCvBxFuXhDM,Three Little Birds,Bob Marley & The Wailers,58,reggae,0.825,0.494,9,-10.486,1,0.0698,0.00974,0.000005,0.0361,0.626,74.103,180440,4
3BA3v3GWHjys72rJh5dkET,Is This Love - Live At The Pavillon De Paris/1977,Bob Marley & The Wailers,56,reggae,0.575,0.767,6,-7.147,0,0.0647,0.00453,0.032,0.381,0.552,137.276,447053,4
0atZxEMb6MdCe0hCzDhvN1,Handsworth Revolution,Steel Pulse,57,reggae,0.928,0.411,10,-14.2,1,0.0916,0.0259,0.000011,0.0597,0.693,118.23,321373,4
34zWZOSpU2V1ab0PiZCcv4,Uptown Top Ranking - 2001 Digital Remaster,Althea And Donna,63,reggae,0.886,0.522,7,-7.971,1,0.173,0.0477,0.00108,0.207,0.79,82.439,229160,4
222iv52N3sRK2iTJGlfGq0,You Can Get It If You Really Want,Jimmy Cliff,56,reggae,0.895,0.571,1,-8.636,1,0.0501,0.208,0,0.0781,0.933,128.171,158893,4
3YPTb9lRG4mHKb2yWL3eu4,"Roots, Rock, Reggae",Bob Marley & The Wailers,55,reggae,0.859,0.48,11,-9.832,0,0.136,0.0798,0.000038,0.0781,0.7,139.192,218400,4
4hINOXSsDl7pvRG0EE6tTe,Rastaman Chant,Bob Marley & The Wailers,56,reggae,0.832,0.682,4,-5.111,0,0.23,0.085,0.000006,0.321,0.544,95.709,258640,4
58qEQujDJy5ma0cWRnB6dh,Is This Love,Bob Marley & The Wailers,59,reggae,0.766,0.529,6,-10.306,0,0.121,0.00884,0,0.0552,0.865,122.456,231547,4
4CiKUVE1iDAX9aNymQw80R,Trenchtown Rock - 1976/Live At The Roxy,Bob Marley & The Wailers,56,reggae,0.686,0.572,0,-7.332,1,0.135,0.58,0,0.381,0.891,134.418,295000,4
4T8AdShKNGD6mZqEyLM1nz,Buffalo Soldier,Bob Marley & The Wailers,55,reggae,0.93,0.462,9,-8.643,1,0.239,0.128,0.000009,0.175,0.777,124.065,257787,4
1Mw025DtHdC8Qrsc8qNqRz,Jamming - Exodus 40 Mix,Bob Marley & The Wailers,40,reggae,0.915,0.507,11,-10.772,0,0.196,0.481,0.00587,0.0832,0.806,123.586,210760,4
3wNhQD8LSqMJtK1XCVgyKK,Babylon Rule Dem,Groundation,47,reggae,0.843,0.482,10,-9.451,0,0.0914,0.228,0.000072,0.0882,0.583,122.112,423707,4
0mD19MC6H0OzHvEUADHypU,Police In Helicopter,John Holt,62,reggae,0.686,0.652,9,-7.586,0,0.111,0.0331,0.000008,0.0578,0.503,141.185,219160,4
2PyDqCtFcXsucZqTF4rE3i,I Am That I Am,Peter Tosh,58,reggae,0.791,0.481,4,-9.39,1,0.124,0.0649,0.000001,0.0247,0.926,146.032,269547,4
3W53uTGK2Rl0jCS3S6wb6W,Soul Rebel - 2000 Digital Remaster,The Gladiators,48,reggae,0.825,0.481,0,-7.785,1,0.0345,0.0261,0.000164,0.0583,0.671,84.328,237693,4
2H4M3lyO2rJFQw33idCk1X,Hills And Valleys,Buju Banton,58,reggae,0.687,0.544,3,-8.642,1,0.162,0.477,0,0.0937,0.742,72.082,273040,4
70idjVtmzhvE1tXgHYEF2y,World-A-Reggae,Ini Kamoze,61,reggae,0.863,0.457,6,-11.445,0,0.0601,0.0105,0.000774,0.0978,0.382,73.724,230040,4
1YksP2PZxd9364agEHV30b,Sun Is Shining,Bob Marley & The Wailers,54,reggae,0.78,0.535,3,-9.722,0,0.0598,0.000482,0.000018,0.0544,0.633,129.224,297653,4
03FymtGatTYXb6hdXcsv2H,"No Woman, No Cry - Live At The Lyceum, London/1975",Bob Marley & The Wailers,53,reggae,0.641,0.657,1,-9.354,1,0.0604,0.276,0.0261,0.381,0.602,78.132,428360,4
18GLelA5vVdzd9X7WGPmJ8,Israelites,Desmond Dekker,58,reggae,0.793,0.41,10,-10.662,1,0.0511,0.188,0,0.0855,0.931,146.467,155987,4
3pn1vCQMA2wNQiaPkiIHI7,Rastafari Anthem,Alborosie,54,reggae,0.758,0.643,7,-6.107,1,0.239,0.0353,0,0.134,0.568,76.757,206733,4
31QQNwX8gEpghHi6sOjy6e,It Was Written,Damian Marley,52,reggae,0.733,0.718,0,-4.996,1,0.239,0.0266,0,0.381,0.502,81.384,361067,4
66PZwbtUkSs3r2v5tZN0oo,Chances Are - JAD version,Bob Marley & The Wailers,36,reggae,0.687,0.342,1,-11.772,1,0.0268,0.456,0.000185,0.0976,0.201,139.763,199427,3
5Wwr2S7QZTR5PVJn6jhgdk,Here Comes Trouble,Chronixx,60,reggae,0.758,0.786,4,-4.897,0,0.108,0.156,0,0.0658,0.786,83.495,234587,4
0yHBJzqxd9nya8U6Nd5iAa,Easy Skanking,Bob Marley & The Wailers,54,reggae,0.835,0.522,10,-8.544,1,0.0382,0.0208,0.000002,0.115,0.633,126.343,178693,4
0GGPUysb8GpCG76dQH63te,The International Herb,Culture,60,reggae,0.825,0.433,5,-13.085,0,0.239,0.0585,0,0.0618,0.687,127.686,200960,4
7mV9ia2PsTJ1yYmGNv9tEE,So Much Trouble In The World,Bob Marley & The Wailers,54,reggae,0.834,0.552,9,-8.638,0,0.079,0.214,0.000352,0.048,0.912,155.686,240333,4
1Sp1rSN58hcQhdMzqk4IcE,Mellow Mood,Bunny Wailer,57,reggae,0.794,0.465,7,-13.416,1,0.239,0.0681,0.5175,0.0582,0.808,80.949,232000,4
3tvKbRPYhhXafrB2Lp8taA,Rasta Got Soul,Fantan Mojah,56,reggae,0.873,0.696,5,-3.973,0,0.133,0.183,0,0.325,0.897,96.986,269381,4
2vy6wlsw73kL7eLz7nVo0u,Hey Baby,Stephen Marley,54,reggae,0.717,0.595,10,-5.632,0,0.239,0.105,0.00001,0.0817,0.634,185.024,294290,4
1NaBa0dIa7Nb031z5dMPDD,"Mount Zion Medley (ft. Capleton, Jah Cure, LMS, Ras Shiloh, Bushman)",Morgan Heritage,57,reggae,0.622,0.467,10,-11.454,0,0.239,0.121,0,0.153,0.778,137.722,357027,4
2CwwU1J70ToUfF9bINFDd8,Sun Is Shining,Bob Marley & The Wailers,54,reggae,0.64,0.468,0,-8.925,1,0.239,0.0803,0.000015,0.0774,0.644,72.036,130253,4
5X13b4CYce5Y6NYPfmYsXr,One Draw,Rita Marley,58,reggae,0.791,0.43,2,-11.316,1,0.068,0.0312,0.000189,0.0476,0.716,89.519,265627,4
5VaGp736MKZuhQfXOgTXxx,Pimpa's Paradise,Damian Marley,52,reggae,0.565,0.837,0,-6.053,1,0.239,0.308,0,0.381,0.57,121.414,304187,5
6f9uap03TIQsHqF158iV6r,Stir It Up - Original Album Version,Bob Marley & The Wailers,54,reggae,0.751,0.463,9,-10.96,1,0.104,0.642,0.208,0.0314,0.926,150.191,330760,4
5rQzIlbEFhvyrXUrG0uyiC,She's Gone,Bob Marley & The Wailers,52,reggae,0.65,0.511,11,-8.62,0,0.198,0.133,0.000007,0.092,0.64,74.2,145773,4
5qsQdS6kU9LkFY7WHFkgdM,Rat Race,Bob Marley & The Wailers,52,reggae,0.665,0.373,10,-12.19,1,0.239,0.062,0.000007,0.0459,0.705,76.023,172893,4
0qbouIdcN4lrj49jem7TEz,Kingston Be Wise,Protoje,54,reggae,0.782,0.744,7,-6.164,1,0.0806,0.0552,0.000014,0.381,0.7,81.067,251204,4
445qQk3nyQwmjf4vzDghKd,Dawn of Time,Tribal Seeds,61,reggae,0.701,0.565,7,-10.709,1,0.0553,0.0736,0.000504,0.193,0.899,153.942,256453,4
1lg3cQGKJx1FgVzU1Fz8Kj,Crazy Baldhead,Bob Marley & The Wailers,52,reggae,0.89,0.458,6,-13.411,0,0.239,0.103,0.000191,0.109,0.771,126.091,191890,4
45kSncOoZUdrFnwNAMpHkT,Wa-Do-Dem,Eek-A-Mouse,59,reggae,0.859,0.375,0,-14.386,1,0.112,0.461,0,0.149,0.804,77.409,233440,4
6tTSGt9l4mrQpfRSAOFE14,Seba Allah Y'e,Alpha Blondy,49,reggae,0.706,0.822,10,-5.821,0,0.069,0.229,0,0.0783,0.914,172.042,284133,4
0NlA0b2RNynMGZoxZm8hSq,Ku Klux Klan,Steel Pulse,53,reggae,0.735,0.514,9,-12.18,0,0.141,0.0205,0,0.0316,0.817,128.865,221693,4
6NvTJWYPQ5RnLgmOK4spzq,Break Us Apart,Stephen Marley,54,reggae,0.66,0.603,9,-5.816,0,0.239,0.0371,0,0.174,0.687,122.161,225333,4
1l3vFK1e24cqATeKkyTldu,Ouvrez les frontières,Tiken Jah Fakoly,37,reggae,0.639,0.651,8,-6.251,0,0.0379,0.458,0.000001,0.149,0.803,158.017,236013,4
0y4gGU7CDar41GlemxXFqg,Living In Love,I Wayne,58,reggae,0.608,0.827,0,-4.848,0,0.239,0.122,0,0.176,0.964,78.524,213133,4
5kHSFEtrXMjXnqSrgdg4bx,Milk & Honey,Hollie Cook,49,reggae,0.752,0.682,2,-7.425,1,0.178,0.244,0.00173,0.0842,0.778,77.966,219867,4
4SNxXAQ8QMlxLhYVX7nuoE,Tenement Yard,Jacob Miller,61,reggae,0.888,0.521,4,-6.845,1,0.239,0.229,0,0.0794,0.962,143.879,154333,4
5dRfBz5ZXJc5gZJsNM04nn,A Message to You Rudy - 2002 Remaster,The Specials,60,reggae,0.906,0.45,0,-8.003,1,0.0627,0.149,0.000232,0.168,0.969,103.476,172600,4
2js85SD3LHxyeNsoqQRq9H,Sweet Fanta Diallo,Alpha Blondy,43,reggae,0.761,0.836,8,-6.207,1,0.0496,0.292,0,0.0838,0.887,101.486,319466,4
1nsEptcDye2MUjMJQ1N5Rh,Revolution,Dennis Brown,58,reggae,0.717,0.719,9,-3.166,0,0.0995,0.199,0.000003,0.195,0.766,84.623,259400,4
77DMJWGzzpLk8Fzd2jpqTI,Rasta Should Be Deeper,Junior Kelly,57,reggae,0.746,0.803,2,-5.817,0,0.0556,0.0269,0,0.332,0.731,72.384,209813,4
1bBoFW86Jb6VClOUjKLTmC,Movie Star (feat. Delroy Wilson),Skarra Mucci,35,reggae,0.694,0.749,0,-3.935,0,0.186,0.237,0,0.353,0.839,90.882,257413,4
4czopM9AcLjrH4IunzRoBg,Zungguzungguguzungguzeng,Yellowman,58,reggae,0.75,0.474,6,-10.641,0,0.239,0.0497,0.0013,0.0896,0.425,164.889,387307,4
4HuTAj53wyYO1YyMJb5u1p,Burnin' And Lootin',The Wailers,48,reggae,0.896,0.402,4,-9.797,0,0.239,0.0453,0.000007,0.0781,0.837,133.251,258107,4
6g1SUNrl6Ocj982fBTbYnW,Here We Go,Damian Marley,51,reggae,0.644,0.884,11,-5.664,0,0.239,0.0436,0,0.29,0.655,153.057,284053,4
05VlGC380rZvDx5suJE9sH,One Love / People Get Ready,Bob Marley & The Wailers,51,reggae,0.73,0.508,0,-9.575,0,0.239,0.0716,0,0.0605,0.936,76.494,172200,4
2ftXrFRLlI9ULnwzde2hJK,No Woman No Cry,Bob Marley & The Wailers,50,reggae,0.9,0.377,0,-10.427,1,0.044,0.168,0.000012,0.136,0.546,98.589,226240,4
4xT2AOtQPjtyQgPmnygsx4,Jamming,Bob Marley & The Wailers,54,reggae,0.934,0.4,11,-14.834,0,0.239,0.381,0.000042,0.103,0.805,123.696,214973,4
39tlB8wLI7s5XWQShSrELi,The Heathen - Exodus 40 Mix,Bob Marley & The Wailers,51,reggae,0.791,0.445,4,-11.44,0,0.1,0.312,0.0592,0.327,0.832,135.775,195213,4
6fbhzMT4U4sD6wkbSl2REb,Sleepin' Lion,Clinton Fearon,47,reggae,0.89,0.597,9,-6.643,0,0.0668,0.046,0.000001,0.145,0.768,145.946,275933,4
34K4XBQYknnTFZsBO1Zaiv,Police And Thieves,Junior Murvin,58,reggae,0.934,0.429,11,-10.192,0,0.0781,0.0631,0,0.0812,0.915,127.491,239800,4
5pk4PVlJ6P2z0kPI5Xq06G,Protection,Protoje,47,reggae,0.799,0.686,10,-5.562,0,0.111,0.0924,0,0.0905,0.778,78.984,273560,4
6siwIUzMZ0yNX2vGm2XwZz,I Chase The Devil,Max Romeo,47,reggae,0.854,0.441,2,-11.564,1,0.239,0.144,0.000005,0.135,0.733,149.029,410373,4
09aLLGz6xaH8C86a6Fs4CO,New Heights,Ky-Mani Marley,55,reggae,0.803,0.47,1,-9.098,1,0.239,0.505,0,0.0887,0.793,88.065,180024,4
1desgoyWi5qgAHbtC0VRQJ,Living Dread,Alborosie,53,reggae,0.792,0.835,5,-4.842,1,0.0477,0.042,0,0.0653,0.811,135.981,227004,4
6wkmCEQ878jbKEi96o3xOr,Natural Mystic - Exodus 40 Mix,Bob Marley & The Wailers,51,reggae,0.798,0.417,7,-12.208,1,0.239,0.192,0,0.156,0.927,131.284,203133,4
0tpCJSycBxDBDYB3xUroQc,Guiltiness - Exodus 40 Mix,Bob Marley & The Wailers,51,reggae,0.878,0.307,9,-11.654,0,0.239,0.0697,0.000026,0.122,0.687,121.261,217693,4
3NmRPLkEx1EL7LHAe3OZVr,Love Is My Religion,Ziggy Marley,59,reggae,0.832,0.704,9,-6.981,1,0.05,0.194,0,0.381,0.773,95.541,223653,4
7kk6WzuiBh2ZQ5KmCSvXzN,Concrete Jungle - Jamaican Version,The Wailers,52,reggae,0.837,0.666,2,-7.177,1,0.139,0.21,0.000006,0.123,0.798,96.077,256070,4
5Hj24vdftqNsAO1UnCi8xJ,When mi rise it,Lutan Fyah,56,reggae,0.693,0.783,7,-3.993,0,0.215,0.224,0,0.214,0.774,77.769,254813,4
0URS9f6Ck8mzhou6AMNCr5,One Good Spliff,Ziggy Marley & The Melody Makers,53,reggae,0.617,0.464,2,-11.918,1,0.142,0.497,0.000007,0.0759,0.613,107.982,233918,4
08XeyHmQfT0zo4PguIL0L4,Me Name Jr. Gong,Damian Marley,50,reggae,0.812,0.656,6,-5.102,0,0.0788,0.134,0,0.0764,0.903,125.455,230693,4
7waIDkggFqghfb8xhNMMm7,Did You Really Know,Mungo's Hi Fi,49,reggae,0.689,0.608,11,-10.218,0,0.192,0.3,0.0184,0.122,0.575,179.949,272297,4
5NFSmOkFwjx51Jo4BcrQDU,One Love / People Get Ready - Exodus 40 Mix,Bob Marley & The Wailers,51,reggae,0.503,0.511,10,-9.921,1,0.239,0.202,0,0.0854,0.937,76.377,178867,4
2SE11vmjbi7j5QKJ885ib6,World A Music,Ini Kamoze,58,reggae,0.874,0.491,6,-7.737,0,0.121,0.00954,0.00629,0.0484,0.364,74.099,345493,4
4m3KcQNS8LO8nJOmwHnzWE,Exodus - Exodus 40 Mix,Bob Marley & The Wailers,51,reggae,0.853,0.714,7,-9.289,1,0.0517,0.00247,0.000392,0.0816,0.883,132.819,302467,4
3v41srJ4jzBxzN066bfu9N,Poser,Alborosie,50,reggae,0.822,0.646,7,-5.418,1,0.159,0.16,0,0.131,0.639,74.974,227947,4
5cr8A9dW3sFpGswVgZmiKx,Kaya,Bob Marley & The Wailers,50,reggae,0.825,0.586,11,-8.861,1,0.0647,0.0336,0.000038,0.0564,0.834,97.532,195733,4
4VoYv3ByzeEEIb8YEOT2rg,Youth Dem Cold,Richie Spice,56,reggae,0.624,0.719,8,-6.034,0,0.239,0.0262,0,0.368,0.781,82.571,225507,4
1Xk3Fu1iP15qLMejbg6ozz,Bossman,Lutan Fyah,54,reggae,0.814,0.618,6,-5.387,0,0.218,0.204,0,0.11,0.729,82.011,218040,4
0EXAAL03dUBbmfdI3TI5sv,So Much Things To Say,Bob Marley & The Wailers,50,reggae,0.815,0.336,10,-9.219,1,0.239,0.208,0,0.381,0.774,123.166,188027,4
6pIhN2XWqNhc6o1YS6ZHVH,Good Girl Gone Bad,Tarrus Riley,49,reggae,0.675,0.716,9,-3.285,0,0.239,0.26,0,0.381,0.739,72.011,257387,4
3FcjrIq9BEefiQM18eh1ls,Jamming - Exodus 40 Mix,Bob Marley & The Wailers,50,reggae,0.918,0.505,11,-10.767,0,0.201,0.502,0.00536,0.0833,0.808,123.604,210760,4
3LPETrq3LEvFAv5wTOPSDq,Ride Natty Ride,Bob Marley & The Wailers,50,reggae,0.924,0.61,10,-7.89,1,0.0791,0.0812,0.00452,0.053,0.942,125.028,231467,4
54KmblozuEemR23n9a4Grt,Rainbow in the Sky (feat. Ijahman Levi),Alpha Blondy,45,reggae,0.853,0.451,9,-5.68,0,0.0679,0.00489,0,0.0593,0.58,124.898,267107,4
3Q7ExtKIgGBOcgJx9oWE1R,Misty Morning,Bob Marley & The Wailers,49,reggae,0.849,0.64,11,-7.415,0,0.0563,0.152,0,0.102,0.851,124.943,213867,4
4Ali9AucCAbQw6WlqURnD0,Bad Card,Bob Marley & The Wailers,48,reggae,0.913,0.462,0,-8.361,1,0.059,0.233,0.000008,0.0888,0.979,110.191,170293,4
7Jm9ZgKW3cWCOp4BSxjSuO,Picture On the Wall,Groundation,43,reggae,0.87,0.317,0,-10.668,1,0.0821,0.00628,0.000013,0.0716,0.319,106.493,370600,4
6cZRY3VaE6FeiMPHpaTvq0,All Of Me,Jah Cure,56,reggae,0.609,0.696,5,-4.201,0,0.0642,0.229,0,0.102,0.425,131.036,279533,4
2PeRJj9lTSq7Eb3UHXLFK8,Rock Stone,Stephen Marley,53,reggae,0.77,0.788,11,-5.489,0,0.239,0.231,0.000204,0.197,0.591,82.029,277653,4
4OBbU5yUQl8d2w19bFbaLT,Welcome To Jamrock,Damian Marley,45,reggae,0.843,0.662,2,-6.497,1,0.239,0.0202,0,0.381,0.72,76.669,213653,4
0h3yC0jSyS2LfaDlsm8FIY,Le prix du paradis,Tiken Jah Fakoly,38,reggae,0.643,0.738,5,-6.98,0,0.0336,0.0307,0.000836,0.108,0.705,158.021,196560,4
7Lxxa9wp0GoP7QLzpMIHwh,Sun Is Shining,Bob Marley & The Wailers,50,reggae,0.79,0.564,10,-7.758,0,0.0536,0.00529,0.000072,0.0458,0.637,128.993,298507,4
7a2FaJBUsniyDAOFoopHuM,Black Roses,Barrington Levy,55,reggae,0.815,0.521,1,-7.043,1,0.0795,0.0658,0.00435,0.118,0.87,84.985,187600,4
12fB2FT1HeGOByM6NzLpbS,Jah Jah City,Capleton,48,reggae,0.567,0.644,10,-8.589,0,0.239,0.0915,0,0.0982,0.823,137.183,202733,4
35g3H1swir3cyuzuQeulXB,Concrete Jungle,Bob Marley & The Wailers,47,reggae,0.71,0.582,2,-10.792,1,0.164,0.226,0.00324,0.0958,0.685,96.562,252373,4
2pHt6xVwrevUKBfu6LL5I1,Easy Skanking,Bob Marley & The Wailers,50,reggae,0.824,0.522,10,-8.567,1,0.0384,0.0159,0.000003,0.105,0.581,126.238,177440,4
43RDAl3WZUEOMCqy2tojkH,Them Belly Full (But We Hungry),Bob Marley & The Wailers,49,reggae,0.759,0.486,9,-8.212,0,0.239,0.358,0.000002,0.102,0.614,140.042,193190,4
0XgnbU4vIc81Xlrde2SESl,Satisfy My Soul,Bob Marley & The Wailers,50,reggae,0.781,0.412,7,-9.187,1,0.188,0.00294,0.000098,0.213,0.449,127.968,271200,4
1JA6N06jJRhtmmAFFYr2K6,War,Bob Marley & The Wailers,49,reggae,0.839,0.395,10,-12.395,0,0.239,0.0508,0.000023,0.0501,0.763,145.656,216533,4
0TBVLPc1cOF6ctAuRImOdr,The Song,Skarra Mucci,43,reggae,0.781,0.784,5,-6.214,0,0.0389,0.0159,0,0.082,0.613,90.02,218838,4
1oEVn2wMuMcTH9HMofH150,Punky Reggae Party,Bob Marley & The Wailers,49,reggae,0.812,0.638,6,-8.116,0,0.0613,0.0219,0.161,0.0856,0.905,135.165,412027,4
0aAcuVJCmIkgVKzKHGfp1K,Hustler,Ky-Mani Marley,54,reggae,0.788,0.762,9,-4.911,0,0.193,0.0515,0,0.274,0.792,90.956,233533,4
0OFvHJIDk7tzfbdRpSbBWt,The Heathen,Bob Marley & The Wailers,48,reggae,0.772,0.455,4,-9.321,0,0.0906,0.292,0.000015,0.381,0.667,135.14,152067,4
0NZspfNJq8C1YndmSwabMA,Rich Man Poor Man,The Gladiators,51,reggae,0.811,0.575,7,-8.348,1,0.185,0.252,0.000002,0.0865,0.804,139.899,224360,4
6om52tevyqVMvl1mWTtKPM,"Everything I Own - 7"" Mix",Ken Boothe,57,reggae,0.719,0.435,5,-9.358,1,0.0856,0.149,0,0.261,0.582,76.67,224693,4
1KcPcHK2yIZXYYrVTjsKQT,Waiting In Vain - Exodus 40 Mix,Bob Marley & The Wailers,50,reggae,0.735,0.428,8,-9.878,1,0.231,0.12,0.000056,0.12,0.653,80.101,278013,4
1zO3y21eDtCBvOeM6xiZzn,Nail Pon Cross,Damian Marley,48,reggae,0.605,0.816,11,-5.725,1,0.192,0.0526,0,0.274,0.453,79.34,205427,4
19LXhmESLLMBb6bUJC02uR,Amsterdam,Mungo's Hi Fi,49,reggae,0.858,0.41,8,-9.854,1,0.0758,0.0139,0,0.127,0.723,165.043,236800,4
1yEBTalGbbuMQqAYZ8gsic,I Shot The Sheriff,The Wailers,51,reggae,0.797,0.644,8,-9.253,1,0.188,0.338,0.000065,0.0592,0.706,96.87,280467,4
5NVwiZ4tTtwFoTo5Vr2jcI,Turn Your Lights Down Low - Exodus 40 Mix,Bob Marley & The Wailers,49,reggae,0.724,0.334,7,-11.211,1,0.0696,0.106,0.000018,0.118,0.5,143.14,245173,4
47n0g4gdYGPX7LskibeUQU,Bomboclaat,Skarra Mucci,44,reggae,0.847,0.729,7,-4.35,1,0.227,0.178,0,0.381,0.505,96.061,190000,4
1pzVyZOfhZ0gl8p84rPaDg,Three Little Birds - Exodus 40 Mix,Bob Marley & The Wailers,49,reggae,0.812,0.554,9,-8.909,1,0.0754,0.159,0,0.0585,0.709,149.094,191827,4
7LOAChK8Lkj8ZdF1LuhNWP,007 (Shanty Town),Desmond Dekker,58,reggae,0.831,0.65,9,-4.508,1,0.06,0.155,0.262,0.105,0.826,101.681,152867,4
10eMw2uuZY8VnIUGLNDkCe,Smile Jamaica,Chronixx,54,reggae,0.782,0.61,8,-7.423,1,0.0957,0.0794,0,0.0276,0.924,148.02,274529,4
6HHrXbBPk5ybtKuYG9SZDH,Bad Boys (Theme From Cops) - Original Version,Inner Circle,56,reggae,0.782,0.726,7,-7.763,1,0.0627,0.221,0.000347,0.0832,0.531,87.89,229467,4
7taMsAfeX8iYgPYKhatQli,Looks Are Deceiving,Damian Marley,48,reggae,0.813,0.618,7,-4.855,0,0.0628,0.222,0,0.131,0.522,122.028,277693,4
0ZkSEVvP9SWIRdZUkZUghH,99,Hollie Cook,46,reggae,0.823,0.583,10,-9.204,0,0.0609,0.0655,0.121,0.381,0.63,127.202,383716,4
1pZcY3kqDfEmJjrQ2CLP3B,It Must Be True Love,The Maytals,52,reggae,0.877,0.395,9,-11.762,1,0.0961,0.387,0.00338,0.312,0.932,120.287,204707,4
3FYXa4KECAGnFTk0W6YXtM,Exodus,Bob Marley & The Wailers,48,reggae,0.865,0.746,7,-8.58,1,0.0486,0.0329,0.00396,0.141,0.961,132.846,447053,4
0EKV1DjXLl9rpTCns8Kgsc,Boom Draw,Julian Marley,50,reggae,0.917,0.745,7,-4.424,0,0.186,0.258,0.000024,0.381,0.935,142.001,339267,4
4MM4UlT0j7MePs9bMoi34N,Good Thing Going,Sugar Minott,58,reggae,0.671,0.519,1,-11.165,1,0.0376,0.645,0.000368,0.31,0.939,77.532,197333,4
41r3Hd6pRHg4YKA6cACcDQ,Why Am I A Rastaman?,Culture,49,reggae,0.787,0.591,11,-4.075,1,0.0875,0.173,0,0.0236,0.707,81.025,253400,4
7vpNjy9W2wi2MNRXa61fii,R.O.A.R.,Damian Marley,47,reggae,0.575,0.773,3,-7.014,0,0.239,0.353,0,0.16,0.855,98.992,203747,4
0L7ByJIFyro93nWs7wwioM,Likes,Chronixx,54,reggae,0.798,0.73,1,-5.992,0,0.0966,0.16,0,0.215,0.91,92,258060,4
4xawyfn8RT0QJxUYPFgW9q,Turn Your Lights Down Low,Bob Marley & The Wailers,49,reggae,0.779,0.351,4,-13.231,0,0.108,0.602,0.138,0.0933,0.611,142.444,219360,4
4E6TkulZSnor5RzOkkW32U,Superman,Tarrus Riley,54,reggae,0.656,0.708,0,-6.001,1,0.109,0.169,0,0.127,0.824,133.779,262800,4
6qGaEGZtNubfqBLvls2KUd,Skylarking,Horace Andy,51,reggae,0.73,0.459,2,-12.416,0,0.0651,0.236,0.000135,0.111,0.821,156.291,187173,4
3rWA9OuS0q8xwv0MdFPlpY,Kaya,Bob Marley & The Wailers,49,reggae,0.815,0.529,11,-11.37,1,0.066,0.0068,0.000017,0.0955,0.857,97.63,195880,4
3UPPGZeSjNwxyJslnSTm1c,Bush Doctor - 2002 Remastered Version,Peter Tosh,52,reggae,0.762,0.569,4,-7.863,0,0.0544,0.0143,0.000015,0.0793,0.789,136.462,247973,4
6Vy8uPRN1rRj3JY6Kulzb3,One Love,Bob Marley & The Wailers,50,reggae,0.723,0.55,10,-8.719,1,0.239,0.0297,0,0.0427,0.903,76.578,172813,4
5AsEZokP24BJAU995soAdT,The Struggle Discontinues,Damian Marley,47,reggae,0.816,0.614,6,-4.436,0,0.0948,0.0664,0,0.0987,0.724,129.92,279947,4
5FgdPuK51WBYhuMhV0XIBg,Natty Rebel - 1990 Digital Remaster,U-Roy,50,reggae,0.813,0.395,0,-11.573,1,0.0721,0.0615,0.000007,0.0923,0.783,83.117,211960,4
54hFwvNODjQoel54KevHph,Natty Dread,Bob Marley & The Wailers,47,reggae,0.768,0.439,9,-9.793,1,0.239,0.405,0.000103,0.0398,0.847,88.393,215667,4
295vEhzGX9nuKjGjb2m4Dv,Prophet Rides Again,Capleton,49,reggae,0.773,0.633,6,-5.521,0,0.239,0.0256,0,0.243,0.708,86.82,202326,4
1HbhxgCe9zfc51Z3Hv5U1h,This Morning,Clinton Fearon,39,reggae,0.849,0.476,1,-9.02,0,0.239,0.0548,0.000205,0.0968,0.752,147.932,182520,4
7d9hxwSIVfxXDE0I3VlWBo,Smoke Marijuana,Sizzla,54,reggae,0.646,0.738,7,-5.827,0,0.213,0.197,0,0.336,0.622,68.816,243307,4
0fLJ474nm6kTFzo96rqVOl,Lots of Herbs,Junior Kelly,47,reggae,0.701,0.805,2,-5.605,1,0.239,0.0888,0,0.119,0.734,172.08,191173,4
3cc66vpbbkDNgtSnWgKked,"Could You Be Loved - 12"" Mix",Bob Marley & The Wailers,50,reggae,0.874,0.793,7,-7.979,1,0.0945,0.274,0.000219,0.123,0.791,102.938,325307,4
01Q2cFQT8zvty6XvYQOpoG,Jump Up Quickly,Mungo's Hi Fi,50,reggae,0.777,0.537,7,-9.862,1,0.151,0.0276,0.000016,0.146,0.437,141.055,238657,4
1FQfZgqqdeWiSnd5ewQAwe,Satta Massagana,The Abyssinians,50,reggae,0.637,0.471,4,-10.669,0,0.239,0.405,0.000262,0.106,0.793,76.809,210533,4
0gHtU7JcEPNuu5WkWijgig,So Strong,Stephen Marley,52,reggae,0.748,0.7,8,-5.378,1,0.161,0.184,0,0.311,0.786,102.005,198251,4
1avFPrqlclbgbmLtgRQrmx,Who The Cap Fit,Bob Marley & The Wailers,49,reggae,0.769,0.477,7,-11.326,0,0.086,0.0849,0.000418,0.0918,0.741,138.963,283067,4
3gcI0rSLgqCM7HnmhK3YbD,Carry On (feat. Sandy Smith),Alborosie,50,reggae,0.767,0.746,11,-4.327,0,0.196,0.0161,0,0.348,0.66,82.98,220800,4
4VMuHeaVW6GJBjwy0owGK1,Real Situation,Bob Marley & The Wailers,47,reggae,0.892,0.397,7,-9.888,1,0.239,0.00307,0.00118,0.0736,0.748,131.602,188314,4
147QhOsYjbrrzB9UtkWtIf,So Much Things To Say,Bob Marley & The Wailers,48,reggae,0.788,0.3,10,-11.525,1,0.239,0.287,0,0.313,0.77,123.279,191947,4
2ymBpFI1j31Cdz5wx1iZAX,Undivided,Groundation,39,reggae,0.781,0.615,8,-9.467,0,0.0711,0.0806,0.000003,0.0829,0.841,96.679,352293,4
1xlHJbC2DE2aWDTlqFw81u,Surfin',Ernest Ranglin,45,reggae,0.742,0.239,0,-17.714,0,0.0856,0.111,0.5175,0.101,0.935,139.856,343600,4
6b5ohuS1WD7oXESsNWBLzY,Ya Ho,The Viceroys,45,reggae,0.721,0.365,11,-10.844,0,0.144,0.416,0.00611,0.111,0.465,167.76,274667,4
2Wn6XaoBYlGN1UCqCgKLfU,Stepping Out (feat. David Hinds),Alborosie,51,reggae,0.847,0.829,10,-4.51,0,0.0793,0.1,0,0.107,0.964,76.996,214747,4
1VkNLfYxoS7Uc80xvt1xBK,Games People Play,Inner Circle,56,reggae,0.73,0.892,9,-5.298,1,0.17,0.0807,0,0.323,0.953,170.594,208230,4
58edlloACFB67JmC7ALuw9,Silver Tongue Show,Groundation,39,reggae,0.804,0.398,0,-9.449,1,0.0763,0.0924,0.000103,0.148,0.642,119.306,368747,4
1h8yf4cX1cHGq5KGg1ZIYh,Zion Train,Bob Marley & The Wailers,47,reggae,0.918,0.503,9,-7.944,0,0.0368,0.24,0.000046,0.0677,0.95,128.674,216640,4
0dSihYuecVkZOUw2VgSVUG,Tata - Mix 2014,Tiken Jah Fakoly,35,reggae,0.737,0.487,4,-9.22,1,0.0375,0.844,0.00928,0.211,0.53,91.918,252387,4
4sYNJCnKsNVuwLXkbfPMF8,Groundation Chant,Groundation,41,reggae,0.792,0.324,0,-14.298,1,0.0656,0.168,0.00666,0.0832,0.671,136.348,409653,4
3ciMXKwXlLCFcQCyhKblZs,Roller Skates,Steel Pulse,56,reggae,0.833,0.575,4,-9.341,0,0.238,0.232,0,0.139,0.807,78.689,299947,4
3gonK3rQEsWNMyETqnOyxl,Sunday Morning,Morgan Heritage,50,reggae,0.83,0.834,8,-3.574,1,0.0316,0.114,0,0.243,0.714,117.998,236880,4
5dxfG5OXQECjWPtt78epG2,There For You,Damian Marley,46,reggae,0.593,0.635,10,-6.057,0,0.163,0.375,0,0.0694,0.749,137.787,281347,4
0xqxjiExwUsESY7V4Uc59U,Time Travel,Damian Marley,46,reggae,0.613,0.782,5,-6.943,0,0.18,0.108,0,0.094,0.959,106.229,172413,4
0iF3mR3A8gAbHsts7qZZHx,Speak Life,Damian Marley,46,reggae,0.597,0.505,4,-10.031,0,0.0309,0.313,0.000216,0.0663,0.452,181.981,305733,4
2S0sC4tLzRxLVpHMxiaYrU,No More Fighting - 2001 Digital Remaster,Althea And Donna,48,reggae,0.784,0.662,7,-9.183,1,0.135,0.272,0.00181,0.0502,0.703,79.535,217560,4
5e1k77pDTPzOYN9TOwpWn6,Blood Money,Protoje,50,reggae,0.807,0.76,10,-6.218,0,0.0906,0.0334,0,0.0794,0.801,77.993,228086,4
5JqvqFobHDUaciHg46k54H,Exodus - Exodus 40 Mix,Bob Marley & The Wailers,47,reggae,0.851,0.714,7,-9.279,1,0.0525,0.00251,0.000423,0.0802,0.886,132.81,302467,4
17D3ZmXwWQRF8WSqvQeDcY,Beautiful,Damian Marley,47,reggae,0.73,0.871,5,-5.013,0,0.109,0.086,0,0.047,0.848,92.994,287787,4
6bWFzFD3Q0hLMnV6P6wwsm,Night Nurse,Gregory Isaacs,53,reggae,0.826,0.294,7,-14.54,1,0.164,0.0405,0.0384,0.0309,0.937,74.582,244933,4
3hNqiTBTnysZ3InWAhzjVz,Turn Your Lights Down Low - Exodus 40 Mix,Bob Marley & The Wailers,47,reggae,0.726,0.341,7,-11.219,1,0.0826,0.108,0.000022,0.117,0.502,143.231,245173,4
6FCQmxm7zeeK4n6AWS4JjQ,Slave Driver - Original Album Version,Bob Marley & The Wailers,47,reggae,0.801,0.485,11,-9.612,0,0.203,0.147,0.000017,0.0556,0.851,135.759,174667,4
05Z4eQ7llqucxW1BMeGOVR,Sorry Is A Sorry Word,Tarrus Riley,53,reggae,0.658,0.924,4,-2.015,0,0.239,0.216,0,0.186,0.644,87.854,215432,4
5nuGzg5UdMc8g6kQOjLUaw,Waiting,Clinton Fearon,37,reggae,0.787,0.551,0,-9.158,1,0.239,0.0812,0.000005,0.101,0.558,81.02,250427,4
4jIO4fWetRQXS6Tw1XbhWD,Fisherman,The Congos,49,reggae,0.604,0.458,4,-15.055,0,0.161,0.432,0.00446,0.0804,0.636,174.248,328240,4
13gpEjBlF5uauk6qjlX0WP,Feelin' the Same,Clinton Fearon,43,reggae,0.877,0.55,7,-5.971,0,0.233,0.235,0,0.129,0.746,126.577,285907,4
0npA0d5jbB01k53LMRccKP,Better Must Come,Delroy Wilson,54,reggae,0.672,0.589,9,-7.011,1,0.104,0.00356,0.000081,0.309,0.928,73.489,163920,4
0Sw7DV9mRPi1nqVJvQg4n4,La Route de la Paix,Alpha Blondy,41,reggae,0.878,0.508,2,-8.688,1,0.118,0.0205,0,0.0874,0.653,101.959,232693,4
28SKEi3NKRYoDO44vea0ws,Pressure Drop,Toots & The Maytals,50,reggae,0.629,0.713,8,-4.642,1,0.037,0.624,0,0.059,0.982,146.265,176213,4
02qdhYxmkK76YPPswkx299,Running Away,Bob Marley & The Wailers,46,reggae,0.814,0.358,8,-10.638,1,0.133,0.115,0,0.103,0.446,118.916,255533,4
4GLVqTpOt7twYzpfmURe4x,Jah Glory,Raging Fyah,41,reggae,0.683,0.766,8,-5.015,0,0.0711,0.142,0,0.305,0.714,139.936,254720,4
3u25dhBZ80h0TFewO29Wqb,Cant Satisfy Her,I Wayne,55,reggae,0.672,0.711,11,-4.652,0,0.239,0.14,0,0.151,0.759,86.747,221867,4
1X8Ln9FNc27kSRFjFcXLU7,Natural Mystic,Bob Marley & The Wailers,44,reggae,0.87,0.218,7,-18.222,1,0.239,0.103,0.000029,0.0676,0.84,131.038,208387,4
4AvfTxe8hKzgSUxpZeCvCi,Freedom Taking Over,Groundation,38,reggae,0.765,0.646,6,-9.352,0,0.185,0.0475,0.000049,0.091,0.784,144.303,362480,4
46J1ehGDxGVmG0a02XAnaI,Sankara,Alpha Blondy,42,reggae,0.855,0.472,10,-9.168,0,0.239,0.0696,0.000124,0.196,0.863,150.076,234840,4
71tV5TF8IAQQ6q878jhhlw,Tonton d'America,Tiken Jah Fakoly,33,reggae,0.876,0.446,1,-8.176,0,0.125,0.258,0.000009,0.0563,0.755,134.117,243360,4
3Ho6jFbwTcviwluL6jFroB,Tonton d'America,Tiken Jah Fakoly,32,reggae,0.892,0.505,1,-4.874,0,0.0689,0.39,0.000026,0.0533,0.686,134.13,243933,4
70LPnS2xZEeTjRkOOFvk7c,Body Beat,Hollie Cook,37,reggae,0.743,0.706,11,-6.061,0,0.0541,0.594,0.000436,0.149,0.63,137.533,217933,4
68kfZVu80OztFIEM0haqca,Father Of The Man,Stephen Marley,49,reggae,0.667,0.709,11,-4.941,0,0.239,0.0805,0.0001,0.111,0.526,171.925,289760,4
5JkbyYRxPW7Wg1evBIVDmK,Chant A Psalm,Steel Pulse,50,reggae,0.859,0.668,8,-7.23,0,0.0463,0.026,0.000007,0.298,0.958,111.493,270520,4
6dFOwtd9iBMERardJvsIxY,She's Royal,Tarrus Riley,54,reggae,0.758,0.459,0,-5.947,0,0.109,0.00834,0,0.0742,0.828,78.097,251027,4
5dbVRCh0tXEIRJWSI0uen1,Play Fool [To Catch Wise],Alborosie,40,reggae,0.796,0.703,9,-5.831,0,0.18,0.163,0,0.377,0.868,132.791,240893,4
1IML77D1Il4TLodGiSsz7p,Don't Come Back,Tarrus Riley,47,reggae,0.739,0.646,1,-4.904,0,0.0481,0.0452,0,0.0815,0.471,83.978,168000,4
7Ijsd2peuxqa43goRQEJvo,All My Life,Chezidek,48,reggae,0.575,0.768,9,-6.472,0,0.0823,0.064,0,0.381,0.898,171.979,228240,4
5hOpKPvdm6WmKz0f8UtTVE,Angel Fire,Hollie Cook,43,reggae,0.597,0.663,10,-9.886,1,0.0668,0.0658,0.179,0.111,0.924,175.8,250082,4
6f4QXRuRa8V35l1c2IPVfB,Wake Up And Live,Bob Marley & The Wailers,46,reggae,0.934,0.507,4,-8.186,0,0.0684,0.166,0.0187,0.0638,0.961,134.194,300867,4
2zH0Z7CEPVnpDbI1sqC8dw,Tenement Yard,Jacob Miller,48,reggae,0.887,0.387,4,-13.19,1,0.212,0.445,0,0.103,0.973,144.184,159173,4
6MxXImlZywoICSpnKt8SLM,Natural Mystic,Bob Marley & The Wailers,45,reggae,0.886,0.313,7,-11.523,1,0.239,0.0567,0.000019,0.105,0.831,131.049,206640,4
16FKSBzBzO6wBABdXrJ9dT,Jah Army,Stephen Marley,47,reggae,0.657,0.875,10,-2.966,0,0.239,0.021,0,0.113,0.676,77.052,283013,4
6lC4wn1gpdXPX5oDc1IWDH,Everybody Wants To Be Somebody,Damian Marley,45,reggae,0.799,0.766,6,-4.28,0,0.029,0.0108,0,0.124,0.772,130.971,220147,4
3sDub46AaSmBtVz6xZM6Jg,Blame Game,Clinton Fearon,36,reggae,0.888,0.737,8,-4.381,0,0.0565,0.27,0.00459,0.0608,0.715,144.188,298333,4
0VZKd4DaSIuotFQcqgRCXq,One Love / People Get Ready,Bob Marley & The Wailers,40,reggae,0.724,0.507,10,-9.55,1,0.239,0.0668,0,0.0601,0.927,76.353,171467,4
1PS6ve1nbEWEkv3HUGwoFO,Lively Up Yourself,Bob Marley & The Wailers,47,reggae,0.844,0.436,7,-12.015,1,0.239,0.188,0.00283,0.0578,0.878,128.829,311427,4
0PbQyjM0i2kKu8d4rZj5ZP,My Master's Will,Israel Vibration,52,reggae,0.867,0.544,1,-7.381,1,0.231,0.146,0,0.101,0.772,143.719,277320,4
361fnT8mthkRH4ihUHzutK,Kinky Reggae - Jamaican Version,The Wailers,48,reggae,0.825,0.641,5,-6.426,1,0.239,0.0832,0.000154,0.0554,0.876,137.686,224600,4
4UwehLzNldEXy2Ukm3NxDH,Johnny Was,Bob Marley & The Wailers,46,reggae,0.703,0.412,6,-9.827,0,0.0288,0.19,0.000005,0.221,0.817,152.219,228040,4
2HnjoPkYJLSfceOpo5X9Zx,1865 (96º In The Shade),Third World,46,reggae,0.916,0.397,7,-16.065,1,0.147,0.0301,0.000132,0.0236,0.781,131.832,268760,4
4toobGmaQnATTEFawDvQmt,Work,Bob Marley & The Wailers,45,reggae,0.89,0.643,4,-7.019,0,0.0525,0.269,0.0219,0.0569,0.919,126.442,221453,4
6gECrWsQGGA49w5uIAoVqd,Take Me Home Country Roads,Toots & The Maytals,49,reggae,0.613,0.425,8,-12.384,1,0.0617,0.458,0.000094,0.0574,0.959,176.615,197693,4
5p3kVMB5spe9fY9CKNAiRm,Right Time - 2001 Digital Remaster,Mighty Diamonds,49,reggae,0.837,0.382,2,-10.726,1,0.052,0.33,0.000061,0.127,0.56,139.042,197200,4
5gaTw8Gpt7m7mKOInNtLMw,"No Woman No Cry - Live At Music Hall, Boston / 1978",Bob Marley & The Wailers,47,reggae,0.599,0.665,0,-9.025,1,0.0726,0.241,0.000001,0.381,0.69,73.735,424467,4
24RqLyY2w1QDZ3GJJ4xgrj,House Of The Rising Sun,Gregory Isaacs,41,reggae,0.861,0.217,7,-15.112,0,0.239,0.353,0.0181,0.117,0.592,75.656,303267,4
2gTYC7wvYeV6pweH42fKIy,Stop That Train - Jamaican Version,The Wailers,48,reggae,0.637,0.597,7,-5.55,1,0.1,0.215,0.00005,0.0436,0.845,144.837,235227,4
4nl4P5xljpQYHqh74Swi4d,Le pays va mal,Tiken Jah Fakoly,32,reggae,0.852,0.695,7,-6.604,1,0.105,0.116,0.000269,0.0616,0.866,147.962,255547,4
43qO2aHEZ8Awz0hcmfbK3U,Natty Dread,Israel Vibration,49,reggae,0.916,0.666,7,-6.183,1,0.185,0.0225,0,0.0826,0.756,136.02,256080,4
5hivJSlGqbVkMpu41NlIGd,"I Shot The Sheriff - Live At Music Hall, Boston / 1978",Bob Marley & The Wailers,47,reggae,0.592,0.805,2,-7.464,1,0.0795,0.026,0,0.381,0.814,77.077,291147,4
6ILo0k5x6Wy0vI2Br3hkbI,Jamaican Boy,Lone Ranger,39,reggae,0.761,0.863,4,-3.477,0,0.0554,0.0275,0.000009,0.322,0.909,114.968,301093,4
2aqsF1LjjGNGEwGohrTPtk,More Justice,Damian Marley,49,reggae,0.751,0.693,7,-4.731,0,0.239,0.0815,0,0.234,0.89,155.079,214893,4
5umvWbAdAqOLlhY2I0SbXU,We And Dem,Bob Marley & The Wailers,45,reggae,0.752,0.424,4,-8.665,0,0.0758,0.197,0.000141,0.0676,0.699,145.793,194573,4
5sBbYfPBpT5GtEfB7oeGgu,Caution,Damian Marley,44,reggae,0.707,0.714,5,-7.458,1,0.239,0.0948,0,0.0678,0.598,170.646,237760,4
6N8sJ715qgOFe7S5YeGhL6,Iron Bars - Main,Stephen Marley,39,reggae,0.828,0.709,1,-4.55,1,0.178,0.0338,0.000002,0.329,0.817,99.789,254212,4
4QcYPg7jfKSnhiroHd51hC,African Teacher,Burning Spear,48,reggae,0.777,0.517,4,-10.633,1,0.0606,0.196,0.298,0.152,0.96,78.357,240267,4
7aXEMLMhSOTYTCtaJJqBES,All Night,Damian Marley,45,reggae,0.879,0.859,6,-4.52,1,0.129,0.13,0,0.305,0.961,132.96,210293,4
1jUtPETr7lYxstrmX23f4d,Natural Mystic [feat. Ky Mani Marley],Alborosie,50,reggae,0.856,0.556,4,-7.599,0,0.239,0.0515,0.000002,0.063,0.658,120.008,289399,4
3hIo6haPuEbDuxVRSxJa8x,"Burnin' & Lootin' - Live At Music Hall, Boston / 1978",Bob Marley & The Wailers,46,reggae,0.612,0.778,9,-6.444,0,0.0721,0.337,0.000038,0.228,0.912,138.552,335467,4
366QArVDojBNyFnD9FN8kg,Zion Youth (feat. Sugus),Alborosie,47,reggae,0.777,0.703,4,-4.716,0,0.188,0.114,0,0.0617,0.71,77.696,218133,4
4gVur8BmZSBP3pxQS9Lprq,Burn Dem Down - L'Entourloop Remix,Capleton,43,reggae,0.786,0.768,9,-6.653,0,0.202,0.0947,0.00764,0.268,0.596,93.037,220303,4
0tc3RWcszYAFS0GOKuyV4Z,Stay Alive,Hollie Cook,46,reggae,0.621,0.759,9,-8.716,0,0.0382,0.00476,0.00158,0.116,0.73,146.991,259852,4
7w7bYoaHTTpm3bLytuer6G,Grown & Sexy,Damian Marley,45,reggae,0.755,0.529,2,-6.795,1,0.155,0.243,0.000133,0.147,0.35,95.015,244600,4
7sjbcB5NWbEKm6bcKfIXU7,All Will Have to Change,Protoje,42,reggae,0.751,0.767,1,-5.944,1,0.13,0.223,0.000508,0.0586,0.811,84.982,324987,4
224nenLTcnYrZbwFFyHh2y,Night Shift,Bob Marley & The Wailers,45,reggae,0.86,0.342,0,-12.433,1,0.125,0.0213,0.000017,0.0406,0.806,136.293,190933,4
29SwsUAqlkDwuzGai7MG7H,Praising,Groundation,36,reggae,0.638,0.453,7,-8.301,0,0.239,0.0496,0.00003,0.0716,0.496,82.524,361947,3
2aEo5sPcclxVbA2vXFBi9M,Firehouse Rock,Wailing Souls,53,reggae,0.814,0.407,9,-13.455,1,0.0536,0.2,0.00253,0.159,0.906,130.355,253867,4
2xjSU5SrGtu8Qa04MAyGPc,Poor Nana,Clinton Fearon,36,reggae,0.599,0.572,9,-6.165,0,0.0915,0.189,0.000262,0.143,0.521,73.054,311867,4
2RQlEv5PiZq391gN0WSEk5,"Slave Driver - Live At Music Hall, Boston / 1978",Bob Marley & The Wailers,46,reggae,0.57,0.68,4,-7.071,0,0.131,0.258,0.000277,0.381,0.738,138.699,253520,4
4azTHc6ztb5ZbxpHkn7JmL,Weeping Pirates,Groundation,38,reggae,0.734,0.603,8,-9.751,0,0.0608,0.052,0.5175,0.101,0.612,96.434,403520,4
3ve4SE07EHa7myUxF1ejsP,Champion,Buju Banton,51,reggae,0.774,0.614,4,-9.853,0,0.239,0.0752,0,0.0989,0.53,179.874,237533,4
6LtaXQAwy6qy3lnSP0BuZ3,Police,Anthony B,44,reggae,0.726,0.804,7,-6.477,0,0.239,0.19,0,0.353,0.808,154.284,199147,4
3WGyMFf8pmJD1b04HoPjUs,Nah Look Back - Rohan's Straight Mix,Raging Fyah,44,reggae,0.741,0.597,7,-5.685,0,0.0512,0.0868,0.000008,0.108,0.769,135.602,313876,4
3moTYkGvFj61sZN6LHcJwL,400 Years - Jamaican Version,The Wailers,47,reggae,0.748,0.621,0,-5.014,0,0.0709,0.236,0.000014,0.0862,0.899,144.801,182707,3
6Ax7tqVfVRK4atH8vUO2pH,Think Twice,Duane Stephenson,48,reggae,0.794,0.628,5,-4.344,0,0.0302,0.0952,0,0.171,0.904,97.009,296443,4
16hOumjVFbwTmkZ0n7rDf3,Steamers a Bubble,Jah9,43,reggae,0.753,0.459,5,-8.168,0,0.225,0.0393,0,0.0921,0.556,140.337,257344,4
7JdtN0ZGv5lej6Tz8tfDMo,Kingdom Of Zion,Alborosie,47,reggae,0.664,0.526,11,-12.675,0,0.136,0.015,0.000046,0.304,0.74,154.014,205000,4
5yZZTPRneezNBQwO8EAzSR,Judgement Day,Raging Fyah,42,reggae,0.653,0.67,1,-4.304,1,0.096,0.117,0,0.0815,0.733,124.662,283780,4
72EXWujBe2HZDM45MaTa2x,Upholstery,Damian Marley,43,reggae,0.714,0.791,7,-7.06,1,0.0647,0.12,0,0.11,0.406,95.988,230320,4
1dx0My2ZqgsCmnHqkYBQYQ,Dernier appel,Tiken Jah Fakoly,33,reggae,0.623,0.829,9,-5.633,0,0.0659,0.166,0,0.125,0.9,93.876,229200,4
0hebjXwdDFHS1kHDQ82HZr,Jah Give Us Life,Wailing Souls,49,reggae,0.76,0.568,2,-12.166,0,0.0578,0.0521,0.000932,0.0666,0.962,144.678,232440,4
2BG4jcVe5ZlsFrWTc5XtIB,Angel Fire,Hollie Cook,38,reggae,0.599,0.722,10,-7.979,1,0.0647,0.0662,0.24,0.125,0.927,175.83,248082,4
1TrkBuS7vx3xuc4KQ6gjyi,Survival,Bob Marley & The Wailers,44,reggae,0.908,0.587,9,-8.164,0,0.207,0.165,0.000001,0.0418,0.75,142.092,234240,4
1ZWTkWSlj2SCpDRQFUNjKt,"Jamming - Live At Rainbow Theatre, London / 1977",Bob Marley & The Wailers,44,reggae,0.651,0.805,11,-6.381,0,0.171,0.678,0.000459,0.381,0.589,137.761,384040,4
1pVbmMQzdUF1qPYE2ZyoDg,Hail H.I.M.,Burning Spear,50,reggae,0.781,0.649,4,-7.831,0,0.0578,0.145,0.177,0.0452,0.689,137.857,255853,4
0pxcNdPoPlfGrf2rwIgiBy,Criminal,Protoje,42,reggae,0.771,0.826,11,-4.772,0,0.123,0.0874,0,0.0931,0.619,83.003,235587,4
5GRTyZen0t4yl2CefgXKPZ,Le pays va mal,Tiken Jah Fakoly,33,reggae,0.843,0.703,7,-6.75,1,0.132,0.0814,0.000142,0.0791,0.862,147.922,253507,4
1ZdnLZoguvZj5T8apkvX6t,Blood Money,10 Ft. Ganja Plant,48,reggae,0.789,0.793,4,-6.629,0,0.107,0.0217,0.5175,0.112,0.743,149.368,236253,4
3NAw0zn9VETypbwkJMt747,Strolling (feat. Protoje),Alborosie,46,reggae,0.648,0.75,4,-4.869,0,0.239,0.0858,0,0.36,0.775,73.907,227800,4
4sCpwo7HL96gN54haNWGvv,Wake Up,Sizzla,50,reggae,0.42,0.778,10,-5.001,0,0.239,0.000678,0,0.381,0.642,75.325,192296,4
0czsQ1YOT71kdVfyFoTy3U,Your House,Steel Pulse,52,reggae,0.707,0.716,10,-8.962,0,0.0879,0.057,0.000004,0.36,0.966,154.118,222600,4
1fvb51bHzUZzE02Y8IAjdR,"Cry, Cry, Cry - Feat. Jack Johnson & Paula Fuga",Ziggy Marley,52,reggae,0.703,0.329,9,-9.141,1,0.0303,0.828,0.000001,0.132,0.472,105.79,283040,4
2vEUFrRByOKob8yqOd6LuA,Ghost Town,The Specials,59,reggae,0.665,0.766,10,-9.454,0,0.0505,0.0492,0.338,0.113,0.905,73.683,219307,4
7wxkhab26xfkUkYNpi6hCK,Sponji Reggae,Black Uhuru,44,reggae,0.764,0.552,7,-9.774,0,0.0768,0.146,0.00063,0.047,0.903,74.671,293440,4
7qlglyHTqO3FtDg0WefvIE,Human Thing,Tiken Jah Fakoly,33,reggae,0.725,0.647,4,-5.846,0,0.0409,0.145,0.000007,0.0853,0.735,80.503,200573,4
2d8FM12277Zar8w1PI3fvo,"Them Belly Full - Live At Music Hall, Boston / 1978",Bob Marley & The Wailers,45,reggae,0.677,0.876,9,-5.894,0,0.239,0.425,0.000001,0.381,0.886,143.91,217720,4
6VPTyILdJ2NLs0KGhscS34,Pressure Drop - Single Version,Toots & The Maytals,48,reggae,0.651,0.589,8,-12.146,1,0.0413,0.0982,0,0.0375,0.987,148.854,172707,4
2FvW1kJGtL2gx9xUT7Zfo2,Roots and Culture,Mikey Dread,49,reggae,0.73,0.584,6,-9.058,0,0.0825,0.104,0.0406,0.347,0.817,144.039,365760,4
00B9S9I5wvMU6HGT0iVBkB,Start It Up,Ziggy Marley,44,reggae,0.659,0.798,2,-2.953,1,0.0648,0.157,0,0.173,0.929,180.146,201800,4
6kahhh9MquMeLbVKBxh58K,Inner City Blues,Sly Dunbar,42,reggae,0.72,0.478,1,-9.909,1,0.11,0.158,0.0561,0.127,0.59,87.392,251827,4
65l98FRdn27eKdPZuZMnY0,Weak Heart - Remixed and Remastered,Groundation,0,reggae,0.778,0.633,10,-7.144,0,0.174,0.0247,0.000068,0.0845,0.778,131.521,317893,4
3BhtGB6CjiLy9YFFM5DdVJ,Confrontation,Damian Marley,40,reggae,0.792,0.799,5,-6.748,1,0.239,0.0209,0,0.375,0.753,111.108,329107,4
0KXwh981cQeatT2907FuoD,Ambush In The Night,Bob Marley & The Wailers,44,reggae,0.919,0.456,11,-9.135,0,0.203,0.336,0.0144,0.0534,0.796,119.497,194333,4
7cgHZtRpQgH9b2ceG0kAJq,Top Rankin',Bob Marley & The Wailers,45,reggae,0.866,0.363,11,-9.15,0,0.105,0.113,0.000002,0.186,0.769,134.886,191253,4
049TACK03TuhDzL64J2Umv,Baby We've Got A Date (Rock It Baby) - Jamaican Version,The Wailers,47,reggae,0.81,0.564,9,-6.02,1,0.168,0.215,0,0.061,0.752,137.573,245293,4
4WKQHFv4KqIehRBb3V3a9p,"Rudy, A Message To You",Dandy Livingstone,51,reggae,0.931,0.39,9,-9.959,0,0.102,0.0694,0.115,0.0807,0.878,107.306,168480,4
0jN2ukaJpdIKWfwbDymrs0,Don't Blame It On I,The Congos,44,reggae,0.636,0.517,0,-7.422,1,0.0478,0.0121,0.000002,0.246,0.754,154.512,247373,4
76xTF7GlzD7e3rxAt569ae,Redemption Song - Band Version,Bob Marley & The Wailers,43,reggae,0.896,0.399,7,-10.076,1,0.0589,0.104,0.00136,0.0771,0.945,117.019,290867,4
46iRHNsqHyHZ1tKUwyCyFa,Back Staba,Israel Vibration,46,reggae,0.755,0.537,9,-6.651,1,0.239,0.062,0,0.106,0.885,73.618,231187,4
6dS3xmlNCXnq0YnElXR0I0,Three Little Birds,Bob Marley & The Wailers,48,reggae,0.79,0.349,9,-16.436,1,0.0743,0.0196,0,0.0492,0.633,147.929,180053,4
0BTy3cSsHxNkEuxJENJfd5,Concrete Jungle - Original Album Version,Bob Marley & The Wailers,45,reggae,0.698,0.564,2,-11.293,1,0.111,0.384,0.00854,0.148,0.69,96.583,254676,4
3tY6QzZAdlghPNfhlgtLIg,Herb Is The Healing,Israel Vibration,46,reggae,0.922,0.64,7,-6.109,1,0.169,0.0431,0.00029,0.351,0.81,129.861,271307,4
3aLHfJX4IujYDWZTs3f0X4,Defender of Beauty,Groundation,37,reggae,0.86,0.51,1,-7.717,1,0.0625,0.0543,0.000123,0.112,0.845,137.995,336947,4
3JBV00xIjh8CwYxhsIqf9J,Victims of a System (Album Version),Rootz Underground,40,reggae,0.702,0.614,5,-6.169,0,0.239,0.316,0,0.294,0.748,169.051,246013,4
7FjDfwnIbPQU3XBE0EePhy,I'm Yours,Sizzla,49,reggae,0.74,0.752,11,-5.383,0,0.239,0.0656,0,0.104,0.641,99.79,182581,4
774OIerK6vGTqR9VNf4y6y,Tiger Balm,Hollie Cook,42,reggae,0.694,0.509,7,-9.835,1,0.106,0.108,0.00708,0.28,0.694,79.923,245630,4
1m2c9ZjrXRGRvvPhVOUXrV,Brown Skin,Richie Spice,51,reggae,0.765,0.601,5,-7.399,0,0.239,0.168,0.00976,0.122,0.773,80.018,219040,4
0RRcNl2ruTo3YGYMxzDQRk,Real Story,Alborosie,46,reggae,0.869,0.722,7,-3.872,1,0.187,0.193,0,0.117,0.803,138.08,204040,4
5SQaQWvBDEAeug4EPyYEGE,Skankin' Sweet,Chronixx,51,reggae,0.739,0.658,0,-5.462,1,0.0762,0.0748,0.000002,0.101,0.707,77.999,252125,4
1qhEse6Jff9tMOdgqXgAWM,"Three Little Birds - 12"" Mix (Dub Version)",Bob Marley & The Wailers,45,reggae,0.786,0.604,9,-8.839,1,0.101,0.0519,0.000124,0.0486,0.74,74.283,320187,4
69H1Ujc0vy9QnjNeNGLXTD,"The Heathen - Live At Music Hall, Boston / 1978",Bob Marley & The Wailers,44,reggae,0.713,0.615,4,-9.475,0,0.0718,0.0563,0.00477,0.381,0.612,138.035,260520,4
3cnvTMZRhkbzea0KC4Y4We,Police & Thieves,Junior Murvin,49,reggae,0.933,0.363,11,-13.328,0,0.0971,0.0583,0,0.161,0.906,127.158,244307,4
03Z4mIhCTYhlT1v7mkBJjg,"Selassie Souljahz (feat. Sizzla Kalonji, Protoje, Kabaka Pyramid)",Chronixx,50,reggae,0.726,0.58,4,-7.607,0,0.239,0.24,0,0.291,0.868,175.907,255000,4
1ZAZDtitUGyYN8eiR4khhD,Jerusalem,Alpha Blondy,39,reggae,0.717,0.445,8,-5.726,0,0.0666,0.403,0.000068,0.105,0.692,131.085,447053,4
1tlfIEb75f7YfsqqG4QdxW,Just The Way You Are,Tarrus Riley,45,reggae,0.694,0.711,6,-5.812,1,0.21,0.325,0,0.268,0.787,172.027,191890,4
1PoceNH8STFTm63Krywply,Shine Eye Gal,Black Uhuru,45,reggae,0.804,0.285,6,-17.494,0,0.0467,0.000339,0.5175,0.0869,0.84,137.307,447053,4
4w6V1r193RxPSaJQRbESEN,I&I,Protoje,48,reggae,0.772,0.786,6,-5.89,0,0.0452,0.557,0.000003,0.128,0.802,127.95,236648,4
55KZcYMaKizNGvNABvdW2L,Be Strong,Sizzla,44,reggae,0.72,0.736,4,-6.38,0,0.239,0.564,0,0.122,0.606,83.923,218560,4
65V07rC9ZIUvsPRCpIfVXo,Cool Rasta,The Heptones,46,reggae,0.885,0.146,1,-18.091,1,0.239,0.161,0.321,0.15,0.497,132.742,180720,4
5xirWVaTclYnosiDIidavY,Who You Think You Are,Alborosie,43,reggae,0.875,0.561,0,-7.851,1,0.122,0.0122,0,0.167,0.817,124.795,219933,4
4ILdsTk5LfbCOKjxzIGo0u,Small Axe,Bob Marley & The Wailers,44,reggae,0.832,0.52,10,-7.383,1,0.209,0.741,0,0.257,0.819,98.561,234640,4
0cUBwr9XjMpGKjRedHf4sk,Strange Things,John Holt,50,reggae,0.792,0.411,7,-9.226,0,0.119,0.0347,0.000002,0.35,0.467,82.07,447053,4
4z2rFgPXCMPLZ5DXc4XuxY,R.A.S.T.A.F.A.R.I.,Vibronics,40,reggae,0.621,0.788,1,-6.597,1,0.0803,0.198,0.000004,0.346,0.92,169.999,216123,4
6KNlbrsKfea9WAwOi2yq84,Dubbing Is a Must Part 1 - 2010 Remastered Version,Pablo Moses,42,reggae,0.904,0.661,1,-7.981,1,0.121,0.138,0.0146,0.11,0.874,132.128,290453,4
5AixYymcU853Yq3UsmHj0f,Ragamuffin,Alborosie,42,reggae,0.678,0.65,6,-5.837,0,0.239,0.0219,0,0.381,0.516,180.107,225960,4
129jdEXVSVYVpaA8c2Q5l8,The Master Has Come Back,Damian Marley,42,reggae,0.78,0.755,10,-6.134,0,0.133,0.00273,0,0.23,0.714,92.481,280867,4
33O7hUD6mPGBKiUzYu5nW6,No More Trouble - Original Album Version,Bob Marley & The Wailers,44,reggae,0.717,0.572,9,-8.97,0,0.187,0.478,0.0233,0.0484,0.745,142.6,240040,4
17PfXZ4eYQDZPXNKSNcfck,Affairs Of The Heart,Damian Marley,47,reggae,0.645,0.657,2,-7.414,0,0.239,0.335,0,0.159,0.682,113.167,239707,5
4VK6BFsd38Gl9jDuLdPMZw,Your House,Steel Pulse,42,reggae,0.707,0.716,10,-8.962,0,0.0879,0.057,0.000004,0.36,0.966,154.118,222600,4
11nAYJSaoZ95orChT94FGC,Talkin' Blues,Bob Marley & The Wailers,44,reggae,0.774,0.476,9,-8.338,1,0.236,0.141,0.000001,0.0986,0.654,141.042,246933,4
1cdtlslUDp3k2MwKDRqUHu,Help the Weak,Chronixx,45,reggae,0.741,0.7,6,-5.559,0,0.226,0.258,0,0.352,0.801,89.916,220716,4
6i1B43yYucRoZHsfINuyXO,Call Pon Dem,Chezidek,46,reggae,0.616,0.734,1,-5.348,1,0.239,0.345,0,0.301,0.861,87.835,204133,4
4ZdyIQ4pdsdLE7ZNwD4Kah,Stir It Up - Jamaican Version,The Wailers,46,reggae,0.687,0.482,9,-8.256,1,0.196,0.164,0.00509,0.0218,0.887,146.051,219440,4
3nGk6b4t1Neq3agqE8bJ9d,Bend Down Low,Bob Marley & The Wailers,43,reggae,0.824,0.548,0,-9.231,1,0.0923,0.313,0.0192,0.0456,0.799,88.163,201973,4
3d85jYV4VVWhYXxcFs1hYX,Same Old Story,Capleton,2,reggae,0.466,0.882,7,-3.85,1,0.235,0.0884,0,0.0867,0.566,78.959,238080,4
5u9xSjxHXavbGtR4ppv7UK,Save Dem,Capleton,1,reggae,0.727,0.586,7,-9.815,0,0.234,0.751,0,0.277,0.82,81.931,240030,4
1CAkpYihzTMEkoSzwUq77z,Never Let Dem Get You Down,Capleton,1,reggae,0.545,0.819,3,-6.294,0,0.239,0.0233,0,0.0985,0.835,134.195,243160,4
0O0npv1ysWRJMveguEnbxa,Protect Us,Capleton,1,reggae,0.657,0.29,2,-15.885,0,0.239,0.71,0,0.25,0.839,108.186,241098,5
1om95iNgmu23DT518ZKR35,Black Gold & Green,Ken Boothe,41,reggae,0.769,0.512,7,-7.776,0,0.07,0.398,0.000711,0.103,0.675,81.376,189627,4
2ERsBYRD1rzQIt5hkd4pY8,"Get Up Stand Up - Live At Music Hall, Boston / 1978",Bob Marley & The Wailers,44,reggae,0.65,0.887,4,-7.117,0,0.0757,0.0984,0,0.381,0.825,78.987,354560,4
0tGNfCw1BzCW6JpfFp9AOJ,"Rebel Music - Live At Music Hall, Boston / 1978",Bob Marley & The Wailers,45,reggae,0.6,0.651,2,-8.746,1,0.14,0.0175,0.000115,0.381,0.849,73.993,336013,4
2A0wCdXcNJbHUuw4VTq94A,Shimmy Shimmy Ya,Prince Fatty,44,reggae,0.682,0.749,0,-5.593,1,0.162,0.472,0,0.33,0.537,91.11,176067,4
3wa5sPSMHMsBX8s4RYIA9H,Guess Who's Coming To Dinner,Black Uhuru,44,reggae,0.798,0.7,8,-12.105,0,0.055,0.0324,0.00341,0.131,0.875,135.123,347867,4
6xE5E8KFiUuO7V2OfCzB0i,Perfect Picture,Damian Marley,42,reggae,0.742,0.815,9,-5.634,0,0.12,0.384,0,0.133,0.611,119.024,321173,4
0MyGGnxSyQOxIfJ5H2SVfd,Redemption Song - B Is For Bob Mix,Bob Marley & The Wailers,45,reggae,0.698,0.25,0,-10.014,1,0.0529,0.797,0,0.115,0.55,116.306,227520,4
49jmse1GlYSffI64zdFWFY,Natural Mystic - Live at the Stanley Theatre - 9/23/1980,Bob Marley & The Wailers,45,reggae,0.617,0.474,7,-9.565,1,0.239,0.132,0,0.381,0.727,81.346,280747,3
3EPl5VRaylURY23fkN18VO,Rude Bwoy,Stephen Marley,48,reggae,0.728,0.671,7,-6.523,0,0.239,0.316,0.000008,0.181,0.896,160.124,290233,4
31K2JxHOZE2AKrIrUkJCCf,"Easy Skanking - Live At Music Hall, Boston / 1978",Bob Marley & The Wailers,45,reggae,0.724,0.759,10,-8.558,1,0.109,0.0365,0,0.381,0.821,129.374,206387,4
4lMfYLOskpi3GxEXM0X92m,Iron Lion Zion,Bob Marley & The Wailers,44,reggae,0.715,0.601,9,-7.895,1,0.0326,0.0112,0.00113,0.176,0.782,142.322,193587,4
0FYgPDeT3IfVOfmZiIfBbo,"Pagan, Pay Gone",Midnite,46,reggae,0.863,0.328,0,-14.91,1,0.0735,0.125,0.000911,0.141,0.925,143.661,400747,4
2Rpx7Bc6S9zzcghYlI7ZR9,"Ready, Aim, Fire",Pablo Moses,43,reggae,0.804,0.531,1,-6.467,1,0.0926,0.0241,0.13,0.361,0.768,141.263,272093,4
6WPvM4zXfM0T4ViTE1JSvE,Roots,Bob Marley & The Wailers,43,reggae,0.894,0.482,6,-11.274,0,0.213,0.081,0.0138,0.0626,0.854,130.009,223467,4
5HdF2l0OkkRfpjac0NEoJR,Don't Haffi Dread,Morgan Heritage,47,reggae,0.621,0.733,7,-6.365,0,0.0537,0.0326,0,0.381,0.829,140.93,447053,4
5Xmplqj77ATmZcVdvhtzoo,One Step Forward,Max Romeo,42,reggae,0.929,0.349,5,-13.612,0,0.119,0.00438,0.000001,0.0874,0.788,131.691,313507,4
7qTa6whDTmljxfNb6bgQqJ,Pass The Kutchie,Mighty Diamonds,46,reggae,0.7,0.476,0,-9.771,1,0.0702,0.000045,0.00154,0.0944,0.652,143.413,215667,4
7I3S2WWHYFILsk5klUtqCn,Somewhere,Chronixx,50,reggae,0.717,0.782,10,-1.978,0,0.13,0.196,0,0.0793,0.699,83.976,235503,4
0lrY5x74InbSUqH93mI1K3,Never Find,Jah Cure,50,reggae,0.457,0.669,6,-6.811,0,0.239,0.635,0,0.0967,0.486,174.188,207909,4
4qabPWXYmTgayl0IFZmIpQ,Steady Rock,The Aggrovators,47,reggae,0.647,0.464,0,-5.112,1,0.0506,0.481,0.00997,0.0978,0.711,173.503,159027,4
70AJCU3eH5sdtai7gSXaEe,Hebron,Groundation,36,reggae,0.721,0.451,7,-10.015,0,0.0457,0.0156,0.00477,0.151,0.559,103.264,309120,3
5wdRWXNTw48fkhuFquSFoy,This Is Not a Marijuana Song,Protoje,46,reggae,0.65,0.642,2,-6.253,0,0.239,0.156,0,0.365,0.589,171.754,247126,4
4nhtIzEhnBgc9GkpwFkwzT,Fly Rasta,Ziggy Marley,42,reggae,0.816,0.694,1,-5.94,1,0.156,0.0621,0,0.0615,0.822,112.957,219907,4
50hgvSdrIieorRB9VXtkCj,Divorce a L'italienne,Mungo's Hi Fi,41,reggae,0.899,0.692,3,-9.85,0,0.0474,0.046,0.266,0.146,0.961,123.963,217159,4
5SBq56S9xKJoH4KyBBr1Oq,Fisherman,The Congos,45,reggae,0.599,0.72,11,-6.109,0,0.128,0.149,0.000003,0.111,0.44,167.61,365693,4
2enpdYPP13gWYkdMxKB4iK,I'm Living,Sizzla,41,reggae,0.63,0.772,1,-5.229,0,0.238,0.0215,0,0.219,0.5,77.021,299480,4
7tHdA46RcoSmw1dS2C7jZ3,Riddim Hold Dem,Groundation,38,reggae,0.826,0.567,10,-9.033,0,0.168,0.0197,0.000056,0.353,0.72,144.02,380347,4
0wqEjeBH97VfKHborK6h0P,Wild Goose Chase,Steel Pulse,50,reggae,0.785,0.63,6,-9.623,0,0.136,0.148,0,0.139,0.756,77.311,345400,4
1uBLq3oGNDWfTQuC5YZwM5,Rocky Road,Alborosie,44,reggae,0.697,0.714,6,-5.242,0,0.239,0.278,0,0.1,0.776,73.98,249200,4
5ietmGETvwT7OquGLuzSyD,Collie Herb Man - Joost Langveld & Roger Perry Reactor Dub,Katchafire,49,reggae,0.874,0.838,8,-4.693,0,0.0592,0.166,0.499,0.0508,0.973,148.022,432587,4
2brtKtVUzcwju1kRY1KQWp,Express Yourself,Hopeton Lewis,45,reggae,0.742,0.476,10,-12.853,0,0.108,0.31,0.28,0.0693,0.94,82.667,154893,4
44by1SYvIvbmHelINZ0Zaq,Fighting Against Conviction,Bunny Wailer,43,reggae,0.703,0.336,1,-15.422,0,0.239,0.0937,0.0258,0.0447,0.712,73.911,310707,4
63muQhwLXDGGyJr4k084jb,"Long, Long Ago",Groundation,37,reggae,0.793,0.453,7,-9.367,1,0.0962,0.00358,0.000032,0.0906,0.703,130.952,410933,4
0UkeLe0CfY8ROLsGdvKoCI,"War / No More Trouble - Live At Music Hall, Boston / 1978",Bob Marley & The Wailers,44,reggae,0.626,0.733,11,-8.12,0,0.0938,0.0806,0,0.269,0.886,78.151,363787,4
5eReOqbysgLsqGp2ukMUYp,Unconditional Love,Jah Cure,50,reggae,0.615,0.515,4,-11.019,1,0.0436,0.167,0,0.0743,0.678,75.04,348000,4
6Ry8KEemDBJ1UsO9Gt9JpD,Roots & Chalice,Chronixx,48,reggae,0.746,0.743,5,-7.039,1,0.131,0.116,0,0.104,0.841,82.986,252015,4
61N7vycgVrhrlZdyET33QJ,Still Searching,Damian Marley,45,reggae,0.759,0.834,6,-5.162,1,0.112,0.163,0,0.206,0.775,92.01,304707,4
3t1ThVa69HJEnESNCVdyDq,Ghostly Fading,Hollie Cook,41,reggae,0.709,0.622,2,-8.224,0,0.041,0.0309,0.421,0.318,0.97,108.787,238101,4
62nxDx2RXkzCr9nU83nJJ4,Redemption Song - Live at the Stanley Theatre - 9/23/1980,Bob Marley & The Wailers,44,reggae,0.603,0.563,0,-12.621,1,0.0941,0.0271,0,0.354,0.662,119.492,248000,4
2V0C8xF0WizYjsq1roGMF6,We're Gonna Make It,Damian Marley,39,reggae,0.707,0.812,1,-6.595,0,0.169,0.0239,0,0.0227,0.839,149.72,260493,4
7eVsj62t4DGxE9YYUpyL4p,Guiltiness,Bob Marley & The Wailers,42,reggae,0.899,0.389,9,-10.042,0,0.227,0.0258,0.000426,0.0481,0.776,121.161,199973,4
4bdiP0cmT1raeD1DStjNar,Crystal Clear,Lutan Fyah,42,reggae,0.637,0.532,11,-6.059,0,0.239,0.0707,0,0.0941,0.673,171.897,217667,4
60zX4sLQdchuhi72TgmbKk,Downpressor Man,Peter Tosh,47,reggae,0.82,0.499,5,-9.813,1,0.0659,0.00671,0.000266,0.0669,0.885,148.565,385187,4
4P9L1760H5nuL8xxYZES1X,Slave Mill,Damian Marley,42,reggae,0.723,0.675,1,-7.737,0,0.146,0.238,0.000042,0.36,0.139,95.994,288307,4
7hnayhSRyYdRGr3YjMpLJb,Fire House Rock,Wailing Souls,47,reggae,0.813,0.615,9,-5.838,1,0.0423,0.225,0.000533,0.0753,0.923,130.206,255440,4
44L7aDHaRzb9pMWEZjSH8u,Train to Skaville,The Ethiopians,49,reggae,0.792,0.256,8,-12.525,1,0.191,0.229,0.5175,0.35,0.563,87.774,177000,4
08ALnvbg0xpzgqwXfeiJco,Hey Girl,Damian Marley,41,reggae,0.891,0.692,2,-8.49,1,0.133,0.00742,0.000089,0.321,0.856,96.431,255587,4
7noMTQDPvffmPOUIJ0J50E,Milk and Honey,Prince Fatty,38,reggae,0.808,0.608,11,-7.661,0,0.21,0.0768,0.0931,0.0739,0.64,77.899,222000,4
5RmLxv0bjS5JafAZYRXLnY,Murder She Wrote,Chaka Demus & Pliers,46,reggae,0.887,0.829,11,-6.883,0,0.135,0.0948,0.000624,0.258,0.961,95.11,218067,4
2t00zTnCNZ3ybCii3ruCXw,Quitte le pouvoir,Tiken Jah Fakoly,31,reggae,0.747,0.728,6,-7.017,0,0.0589,0.0674,0,0.11,0.965,161.57,261947,4
0IJGXLRMXt5Qg22kVsaz7A,Look Is Deceiving,The Gladiators,46,reggae,0.727,0.697,4,-7.373,0,0.0428,0.116,0.0112,0.381,0.439,81.424,221213,4
6NJ8ehPG0Q4c81TqWNy7U2,Vultures,Israel Vibration,46,reggae,0.815,0.413,8,-12.39,0,0.0492,0.199,0.000003,0.0773,0.978,145.489,258647,4
5fwoHcaiWAkS1rkpb3GupL,Youths,Sizzla,5,reggae,0.735,0.56,5,-6.589,0,0.239,0.0267,0,0.0963,0.884,142.082,226880,4
14BNnScZHOfiyiqb26FHYv,Jah,Sizzla,7,reggae,0.792,0.589,7,-4.916,1,0.239,0.139,0,0.061,0.666,77.844,197493,4
5A9BcYCs0pNM554eON892e,Another Side To Sizzla Intro,Sizzla,6,reggae,0.763,0.787,9,-12.786,1,0.239,0.549,0,0.177,0.622,103.804,44237,4
3m42GHtThZaoSEggnnFtMy,Long Time,Sizzla,5,reggae,0.691,0.782,1,-2.412,1,0.2,0.339,0,0.0853,0.69,88.216,234733,4
4Ly2emfBLBX477yUhr36DF,Jah Love,Sizzla,4,reggae,0.838,0.406,11,-4.464,0,0.158,0.843,0,0.119,0.707,134.383,248240,4
7k4QgIXBDlbpnvFvhwWx8B,Adventure,Sizzla,5,reggae,0.852,0.308,6,-11.765,1,0.0732,0.0268,0.000007,0.053,0.418,80.039,242133,4
6sNjKjHVJVCVKNPxXLCIiS,Poor,Sizzla,5,reggae,0.702,0.534,9,-7.847,0,0.239,0.0558,0.000551,0.0552,0.687,83.794,233960,4
61RVj1ibHG6Lz4uxoXMeMG,Prisoners,Sizzla,2,reggae,0.686,0.727,7,-5.701,1,0.239,0.368,0,0.211,0.879,150.727,244827,4
4E9Qb3YHxwK4r19JSuiOnC,Suffering Man,Sizzla,5,reggae,0.641,0.679,9,-4.596,0,0.0946,0.342,0,0.21,0.539,137.042,223253,4
1mhjCQDTEqN3jmPCbMzBqx,One Day,Sizzla,2,reggae,0.703,0.839,2,-0.758,1,0.239,0.186,0,0.0749,0.931,76.35,242627,4
0MJMU26B4bfcQsOG6eMe84,Road,Sizzla,4,reggae,0.685,0.54,6,-6.668,0,0.239,0.146,0,0.0872,0.531,171.821,246640,4
1vQ3L1HFcd7TRgFhmwxJ7r,Teaching,Sizzla,2,reggae,0.667,0.74,10,-3.971,1,0.114,0.118,0,0.334,0.776,85.646,237760,4
10pgUTzJiY4rKYbR0DwMfy,Affection,Sizzla,2,reggae,0.694,0.772,1,-5.292,1,0.239,0.106,0.00004,0.0435,0.701,167.951,239773,4
5mlno2MgdEVvMvZJj2McZ4,Ashamed,Sizzla,2,reggae,0.574,0.73,8,-3.028,1,0.203,0.103,0,0.0383,0.86,73.254,209613,4
75mlj132Cb5x2OZODDSaM5,Freedom,Sizzla,4,reggae,0.797,0.638,4,-9.276,0,0.239,0.0241,0.000007,0.369,0.561,107.008,258773,4
0GmOHn2XofRigQ4Eaqu6jQ,Jah Rastafari - 2001 Digital Remaster,Culture,47,reggae,0.756,0.546,9,-9.359,1,0.161,0.205,0,0.329,0.949,75.354,219133,4
5WrH8dS41pIyRncq7NMcLO,Rebel Music (3 O'Clock Roadblock),Bob Marley & The Wailers,43,reggae,0.712,0.461,2,-11.137,1,0.0955,0.412,0.00109,0.0937,0.844,147.564,405667,4
4KPadp2uJZ9J2mYM3A04Un,Rudeboy Shufflin,Israel Vibration,44,reggae,0.881,0.504,5,-11.895,0,0.239,0.0149,0,0.0971,0.951,137.437,285582,4
1wWqU1J2RvPdf9k1ECn4Ny,Mama She Don't Like You (feat. I.Eye),Alborosie,42,reggae,0.784,0.741,9,-3.729,0,0.0329,0.0236,0,0.0741,0.738,98,248760,4
4XWdadpF3ReixSfjTLAUhY,Money,Alborosie,37,reggae,0.782,0.807,9,-2.892,0,0.0829,0.0816,0.000001,0.309,0.921,143.896,253733,4
5orwjXbeD3aTBN69cVZTeZ,Survive,Hollie Cook,35,reggae,0.665,0.678,10,-9.166,1,0.0272,0.00099,0.0159,0.133,0.781,137.328,198302,4
3LTJjpjOGt6lW8TaenjHlr,Cocody Rock,Alpha Blondy,39,reggae,0.796,0.667,6,-6.322,0,0.0983,0.105,0.000082,0.0933,0.958,147.372,293960,4
17qRj4caXnbsPTp8tLnIz8,Who Dem?,Capleton,48,reggae,0.721,0.868,1,-5.576,1,0.239,0.413,0,0.0972,0.921,115.986,186093,5
4cz52PsSGk1hm3Eh312TXB,Weekend's Long,Ziggy Marley,42,reggae,0.582,0.711,0,-3.676,1,0.0354,0.0424,0,0.0714,0.867,179.067,267307,4
7c6aYqL0jU6CLcb5TNBb3p,(You Gotta Walk) Don't Look Back - 2002 Remastered Version,Peter Tosh,43,reggae,0.786,0.784,7,-4.951,1,0.0608,0.452,0.0477,0.0791,0.812,91.053,320280,4
17LGkKnn2CvfV0jJcKbPSb,Dutty Gun,Clinton Fearon,42,reggae,0.847,0.614,10,-6.596,1,0.0894,0.0762,0.000084,0.107,0.753,150.154,290600,4
0Ru3bRQUO6xAqRdWlRtSsf,Postman,Hollie Cook,40,reggae,0.788,0.594,1,-9.635,1,0.051,0.0649,0.081,0.14,0.708,82.017,251659,4
43BZeUKoQ2zVmTN5y44z0y,Ruling Dub,Groundation,46,reggae,0.823,0.369,10,-10.826,0,0.0569,0.0496,0.0447,0.0938,0.644,122.259,424600,4
0nmSYJxzlQs2gsk7B4sF6Q,"Get Up, Stand Up",Bob Marley & The Wailers,39,reggae,0.683,0.608,9,-10.029,1,0.239,0.222,0.00173,0.0885,0.958,162.881,283453,4
2bbF0vktxLmFYOrYCeYBiF,In Your Eyes,Tribal Seeds,58,reggae,0.844,0.494,1,-9.398,1,0.0667,0.0735,0.000193,0.0683,0.873,140.999,305630,4
6YUTHNchsxKwWs37fFaV95,Just One Of Those Days,Sizzla,51,reggae,0.704,0.604,0,-5.78,1,0.165,0.0379,0,0.0488,0.522,148.017,233267,4
5PxJMuvCFAEbAGaG0J4mLr,Stepping Razor,Peter Tosh,48,reggae,0.865,0.654,7,-8.113,1,0.0731,0.00156,0.000002,0.0543,0.706,127.513,347053,4
2ZOWVcji0IUFv1VygHxlNO,Chant A Psalm,Steel Pulse,39,reggae,0.859,0.668,8,-7.23,0,0.0463,0.026,0.000007,0.298,0.958,111.493,270520,4
5Ry1MQfdWZi2tfVYWFom1q,So Jah S'eh,Bob Marley & The Wailers,43,reggae,0.838,0.451,11,-9.829,0,0.129,0.371,0.0242,0.0594,0.889,76.246,267958,4
5G8xknglIO3jFYIXS34YB2,Moonlight,Tribal Seeds,57,reggae,0.756,0.539,0,-8.017,1,0.0671,0.162,0.000028,0.373,0.741,134.951,341280,4
2ye3TG2GzeOoVDQtgYqSYU,We A De Rasta,Israel Vibration,47,reggae,0.817,0.555,0,-13.387,0,0.163,0.0903,0,0.0332,0.898,139.594,293267,4
4NzZftBCbGpXhca5OcfFwF,Mr. Loverman,Shabba Ranks,48,reggae,0.736,0.604,7,-11.026,1,0.163,0.0103,0.00006,0.13,0.685,172.959,337800,4
7Bc35zOTwgYGRQRrSnwWVt,Survive,Hollie Cook,40,reggae,0.667,0.677,10,-9.165,1,0.0273,0.000994,0.0219,0.133,0.776,137.333,198302,4
77ndrJPZSOlZeGpeYSYDih,You Can Get It If You Really Want,Desmond Dekker,48,reggae,0.787,0.504,6,-11.191,1,0.0394,0.0217,0,0.0663,0.807,128.068,157240,4
2xwazVCIaF254PAA6EVzHq,Ghetto Soldier,Ky-Mani Marley,50,reggae,0.762,0.833,10,-6.72,0,0.205,0.264,0.000004,0.151,0.32,79.039,242107,4
6GIiSYgTavRiYclVCq3AiA,"I Shot The Sheriff - Live At The Lyceum, London/July 17,1975",Bob Marley & The Wailers,42,reggae,0.501,0.655,6,-11.157,0,0.062,0.282,0.000003,0.381,0.761,86.004,316023,4
3A50RFIzgUphr3ea4o6lkx,Herbalist,Mungo's Hi Fi,44,reggae,0.827,0.65,11,-9.75,0,0.239,0.223,0,0.12,0.633,89.973,248537,4
7t8hZZ13ePJH22jc1vJkCO,Fu Man Chu,Desmond Dekker,45,reggae,0.724,0.324,9,-12.455,0,0.0485,0.47,0.00616,0.112,0.864,83.615,189440,4
5u0JCaNCVBhXfkzsrEGz7d,Burnin' And Lootin',Bob Marley & The Wailers,39,reggae,0.789,0.606,7,-6.731,1,0.154,0.0528,0.000017,0.192,0.562,135.857,294667,4
2TF9pM5gfqgtrKHMYOKxPd,Cool Breeze,Big Youth,43,reggae,0.822,0.616,8,-5.509,1,0.181,0.25,0.000012,0.107,0.665,83.692,203093,4
6BBeG9VX6MoNAcce8dnmde,Boom Bye Bye,Buju Banton,53,reggae,0.793,0.697,8,-4.479,0,0.238,0.277,0,0.38,0.921,153.815,226638,4
2yWWj4m3XtHyEziXbbPand,Positive Vibration - Live at the Stanley Theatre - 9/23/1980,Bob Marley & The Wailers,44,reggae,0.522,0.697,11,-7.539,0,0.14,0.0762,0,0.381,0.56,137.489,287480,4
5wlxrtZnHEIxOh61xcxJAr,Tell Me How Come,Morgan Heritage,45,reggae,0.701,0.698,5,-4.923,1,0.239,0.228,0,0.0522,0.755,85.01,216093,4
1aWA6FHwqGqH7b8XbKeiG0,Looks Is Deceiving - 2000 Digital Remaster,The Gladiators,39,reggae,0.848,0.545,11,-7.582,1,0.113,0.153,0.000011,0.231,0.713,79.24,152533,4
1brboEQF9ljOQA9OwRoZPO,Capture Land,Chronixx,49,reggae,0.725,0.705,10,-4.463,0,0.137,0.157,0,0.381,0.684,79.015,251360,4
0GoVXooqY92kQtaNOdCu8H,Françafrique,Tiken Jah Fakoly,31,reggae,0.71,0.696,7,-5.26,1,0.154,0.0125,0,0.294,0.388,86.679,261093,4
2vDUqLZsaEEYmREcRo9gnn,(You Gotta Walk) Don't Look Back - 2002 Remastered Version,Peter Tosh,48,reggae,0.786,0.784,7,-4.951,1,0.0608,0.452,0.0477,0.0791,0.812,91.053,320280,4
2Zji6amqZbj3jJVLFNJc9g,They Dont Know,Chronixx,48,reggae,0.684,0.627,8,-7.032,1,0.0578,0.0199,0,0.131,0.831,140.074,235338,4
63Lf1yRR7daurOfhaMObtm,Trenchtown Rock,Bob Marley & The Wailers,38,reggae,0.678,0.426,9,-12.624,0,0.239,0.585,0,0.0959,0.897,72.167,177720,4
6catnSSJp5vqOU81ibUB66,Rock the Night (feat. Maad T-Ray),Tribal Seeds,54,reggae,0.812,0.754,11,-5.617,1,0.063,0.0303,0.000002,0.0438,0.848,99.015,297657,4
6QUVPFvRtepOxIHFqEhLP1,Jah Live,Bob Marley & The Wailers,41,reggae,0.811,0.279,11,-15.574,1,0.239,0.176,0.00196,0.094,0.549,128.816,253573,4
4xaHi2hhM0b5EuJuOTO6eX,Superstar,Hollie Cook,43,reggae,0.733,0.627,1,-9.835,1,0.0362,0.121,0.0671,0.078,0.713,150.061,245679,4
07NGsIMLUWSSgwKqsi8pGe,Bike Rider,Mungo's Hi Fi,41,reggae,0.928,0.424,9,-8.946,1,0.152,0.238,0.00129,0.0721,0.294,141.042,238673,4
1zz1chdbbNEyTn7tlXkiWI,Mangercratie,Tiken Jah Fakoly,30,reggae,0.752,0.594,0,-5.075,1,0.237,0.103,0,0.0419,0.707,76.294,251933,4
1puZnqmF9SIGndYUNEqU2o,Greater than Great,Skarra Mucci,37,reggae,0.695,0.798,11,-4.766,1,0.161,0.103,0.000417,0.33,0.872,90.353,204560,4
4kIHJZxx8ASBt7zR8R18u6,We Need Love,Johnny Osbourne,41,reggae,0.779,0.514,0,-9.949,1,0.139,0.649,0.000003,0.15,0.793,105.378,217360,4
5TBIq0m6UujZEH2kZFYgPc,Marcus Garvey,Burning Spear,51,reggae,0.696,0.477,7,-9.9,0,0.0668,0.117,0.00044,0.0572,0.58,91.79,207000,4
6Zx1aP9fb80X9hho26Geha,Natural Mystic [feat. Ky-Mani Marley],Alborosie,44,reggae,0.856,0.556,4,-7.599,0,0.239,0.0515,0.000002,0.063,0.658,120.008,289399,4
70A4fwnfHIok2WsdKY7X0P,Cool Runnings,Duane Stephenson,48,reggae,0.852,0.564,7,-6.409,0,0.181,0.0337,0,0.0546,0.766,73.241,234800,4
2Ebn0A0eWSTmvpXVmjRTQd,Are You Ready,Clinton Fearon,37,reggae,0.725,0.546,0,-5.89,1,0.159,0.134,0.00139,0.109,0.723,73.77,210733,4
3gL7hy3WePOL05Ono8Q3Rh,Warriors,Ky-Mani Marley,48,reggae,0.462,0.777,5,-6.164,0,0.185,0.0996,0,0.299,0.889,83.067,247560,4
7IY6P4AqEhvXxQOsf0c9xx,Justice,Tiken Jah Fakoly,30,reggae,0.773,0.492,9,-5.358,0,0.181,0.173,0.000003,0.0996,0.704,74.516,220373,4
3X8WZlYikU0dTgMzUim49w,Boom Shiva,Mungo's Hi Fi,29,reggae,0.915,0.64,4,-9.849,0,0.0973,0.0426,0.000241,0.0587,0.372,100.005,215883,4
27Z6ZXvM7FDqbAIYzCx9Kw,Born To Be Wild,Damian Marley,40,reggae,0.731,0.807,9,-3.547,0,0.225,0.0945,0,0.274,0.486,99.756,240907,4
4pwGFtnF5ZWvvZee3Qmw1n,Give Me A Try,Sizzla,50,reggae,0.891,0.399,8,-8.665,1,0.165,0.26,0.00061,0.0838,0.761,139.948,219933,4
5aawSrQxp3nRw0nOL5HA04,One Love / People Get Ready,Bob Marley & The Wailers,44,reggae,0.702,0.326,0,-16.868,0,0.239,0.148,0,0.0548,0.918,76.435,175960,4
7aXv0Em3w0QsUG5DqpzCoI,Jamming - Long Version,Bob Marley & The Wailers,41,reggae,0.886,0.562,11,-8.458,0,0.0563,0.00341,0.0381,0.0641,0.776,122.955,352267,4
6f6jGJxVGVy5FuCHgFrTmA,Rasta,Jah Cure,45,reggae,0.724,0.864,4,-2.595,0,0.167,0.0101,0,0.273,0.858,83.024,257533,4
2kDeOYIvaAX53hfm1Qi7zm,Not Impossible to Me,Skarra Mucci,38,reggae,0.721,0.666,11,-4.094,0,0.239,0.0571,0,0.0807,0.714,168.016,173053,4
2TsuVlwyTIRTHtksLBnIje,Ruling Dub,Groundation,33,reggae,0.815,0.378,1,-10.847,1,0.0564,0.0506,0.0387,0.0951,0.631,122.264,426080,4
1dy5aMGbiMRhVXVb7aynUa,Louie Louie,Toots & The Maytals,43,reggae,0.759,0.683,0,-11.134,1,0.095,0.522,0.0656,0.0289,0.877,88.921,347293,4
2HsQKxjsQzjPklk7OCjwDz,Inna Di Red - Main,Stephen Marley,38,reggae,0.774,0.436,11,-9.463,0,0.0453,0.252,0.000003,0.135,0.589,95.945,380064,4
37L9OjM5qrJMa29gT9HKGW,Freedom Fighter,Anthony B,49,reggae,0.715,0.747,9,-5.727,1,0.197,0.135,0,0.203,0.857,172.088,240183,4
2a0c3Z71OSAcG4g7AYVwdj,Burnin' & Lootin' - Live at the Stanley Theatre - 9/23/1980,Bob Marley & The Wailers,42,reggae,0.521,0.781,9,-7.586,0,0.109,0.302,0.000004,0.381,0.859,147.473,215573,3
4nEIbNQCiNiXw4UMCMIxmc,Brigadier Sabari,Tiken Jah Fakoly,28,reggae,0.812,0.678,6,-5.412,1,0.154,0.202,0,0.0562,0.92,88.522,245040,4
0di7hMT6o1ogeUN1XDB9Ft,Israelites,Desmond Dekker,50,reggae,0.793,0.41,10,-10.662,1,0.0511,0.188,0,0.0855,0.931,146.467,155987,4
7ENFyCWWLnFNhUlJmaRPVz,One Guh,Capleton,36,reggae,0.768,0.801,4,-4.612,0,0.239,0.151,0,0.123,0.591,93.728,195957,4
3Mzih8I9lSRa5UnZQ52bk9,Shadow Kissing,Hollie Cook,38,reggae,0.746,0.711,11,-7.551,1,0.0984,0.346,0.0265,0.116,0.849,82.197,211453,4
0d5kLB4iMx2208UwieUzNa,The Garden,Tribal Seeds,57,reggae,0.849,0.703,7,-5.408,0,0.0586,0.0814,0.000378,0.094,0.895,149.914,297453,4
02C5knfgnWYvGedro71UIm,Roller Skates,Steel Pulse,39,reggae,0.833,0.575,4,-9.341,0,0.238,0.232,0,0.139,0.807,78.689,299947,4
5ksObwB7P4DvVKWluvx0UV,Desdemona,Hollie Cook,41,reggae,0.641,0.529,4,-9.395,0,0.0491,0.00904,0.00307,0.381,0.636,80.513,254591,4
4nCz1YGWAfKJgBiNTED0D8,Java,Augustus Pablo,45,reggae,0.812,0.738,9,-4.61,0,0.112,0.194,0.275,0.0765,0.937,77.279,164613,4
25jgrjoFiABoU8yV9IKG3a,Stand A Chance,Damian Marley,41,reggae,0.648,0.803,2,-5.576,1,0.214,0.0146,0,0.0863,0.741,100.869,447053,4
7aBQEiuhETzcJm1Lu0H9uY,Khaki Suit,Damian Marley,39,reggae,0.774,0.81,10,-5.296,0,0.174,0.0191,0,0.195,0.938,170.025,237400,4
1Rfn0M7jRfAAoBuEeMFiox,One Love / People Get Ready,Bob Marley & The Wailers,43,reggae,0.689,0.536,0,-9.103,0,0.239,0.0808,0,0.0584,0.894,76.355,173373,4
0y2hmrcFl4a22VMXIHunJq,Rastaman Chant - Live Version,Bob Marley & The Wailers,41,reggae,0.605,0.363,9,-11.854,0,0.0657,0.331,0.22,0.0761,0.571,99.726,382840,4
2nIWXlfd67dEOM2kC5pYzB,Sudden Flight,Protoje,39,reggae,0.713,0.813,2,-4.04,1,0.239,0.157,0,0.0905,0.607,84.559,220027,4
5Y89aHZ9tCdrl68s9uphTN,No Cigarette Smoking (In My Room),Stephen Marley,43,reggae,0.699,0.529,6,-5.45,0,0.097,0.0397,0,0.0606,0.74,135.866,220493,4
37WFLcHD7yUpM35mTuMyiE,Declaration of Rights,The Abyssinians,44,reggae,0.762,0.439,4,-12.769,1,0.13,0.325,0.000012,0.123,0.919,140.395,213368,4
1dZHi3GMMJVxVx7wizdE83,"Ride Natty Ride - 12"" Mix",Bob Marley & The Wailers,41,reggae,0.882,0.734,10,-6.415,1,0.0374,0.132,0.000117,0.0377,0.944,125.999,383333,4
14YZCgrE0M0D1j22iSSWaj,Zimbabwe - Live at the Stanley Theatre - 9/23/1980,Bob Marley & The Wailers,42,reggae,0.735,0.76,11,-7.886,0,0.172,0.273,0,0.381,0.655,130.187,219053,4
0XHbsFYB6kdzujxZs5bVBj,Chalice In The Palace - 1990 Digital Remaster,U-Roy,43,reggae,0.664,0.426,0,-12.234,1,0.184,0.0354,0.0368,0.067,0.523,78.731,209000,4
6S5hWl5wCTGO3qrNw9QO8R,Gangsters - 2015 Remaster,The Specials,52,reggae,0.701,0.664,4,-8.248,0,0.0362,0.0092,0.116,0.381,0.814,130.419,170547,4
1DGL99DXQ10Su9z5Ci4ION,Why,The Viceroys,30,reggae,0.869,0.641,6,-6.218,0,0.0401,0.0168,0.000824,0.0624,0.932,134,146623,4
7ruoHx2A90nZBQNKjlQd03,"No Brain, No Headache",Alpha Blondy,36,reggae,0.578,0.726,9,-6.373,0,0.0714,0.0117,0.000991,0.0988,0.607,160.036,232800,4
5pNc4lqrBGI3dLhUr1Mhwl,Three Little Birds - B Is For Bob Version,Bob Marley & The Wailers,44,reggae,0.695,0.302,9,-9.343,1,0.0439,0.859,0,0.121,0.448,149.222,200813,4
0uMv4IANBmQ00oDFD9bHQJ,Burnin' And Lootin',The Wailers,37,reggae,0.891,0.399,4,-10.092,0,0.239,0.0639,0.000019,0.0842,0.821,133.217,253987,4
5dvG16Ma80h9FZ1sQq5Sb1,Lost Mi Love,Yellowman,49,reggae,0.841,0.669,10,-7.536,0,0.106,0.0516,0,0.163,0.919,147.992,310733,4
3vJXqpF5ePKH474ArC7wNZ,Séchez vos larmes (feat. Pierrette Adams),Alpha Blondy,35,reggae,0.843,0.506,7,-6.289,0,0.136,0.0489,0,0.0725,0.688,129.936,259947,4
1WFWZ90s2s7n1eznAgDJxJ,War,Bob Marley & The Wailers,22,reggae,0.81,0.347,10,-14.525,0,0.239,0.0556,0.000032,0.047,0.807,146.022,216467,4
1c5cTEaEkNCnSnIEpoULvX,Madiba m'a dit,Alpha Blondy,35,reggae,0.743,0.475,11,-8.795,0,0.0727,0.00156,0.00147,0.0468,0.761,147.989,319427,4
320iaIF1bWZ8CppiLB1jpE,Marijuana,Sizzla,46,reggae,0.716,0.58,9,-7.906,0,0.239,0.0879,0,0.0919,0.696,89.204,240760,4
2D7MHJqkIU9Q8zsMmBoRt5,In 2 Deep,Damian Marley,38,reggae,0.88,0.736,8,-7.72,1,0.163,0.0249,0,0.101,0.852,113.013,284640,4
0tm2TaIJhgR2lur0sJ46ll,Crisis,Bob Marley & The Wailers,41,reggae,0.819,0.552,6,-8.567,0,0.0818,0.0895,0.000052,0.058,0.577,123.281,234760,4
2dePsNPukZ3fqikLNieXvk,Rock The Dancehall,Alborosie,42,reggae,0.883,0.676,4,-6.227,0,0.203,0.0335,0,0.328,0.643,76.697,229067,4
4W24WnJrd3nrdZUgC4kTIb,Sinsemilla,Black Uhuru,45,reggae,0.842,0.547,4,-11.87,0,0.106,0.00394,0.00314,0.0808,0.723,131.38,308760,4
5NFlrfIceWYUDGb0jmMrOP,Could You Be Loved - Edit,Bob Marley & The Wailers,49,reggae,0.908,0.766,0,-8.428,1,0.113,0.435,0.000045,0.0829,0.775,103.317,237120,4
0W8fGWBYCps4S3aPj3Rz5h,High Tide Or Low Tide - Jamaican Version,Bob Marley & The Wailers,43,reggae,0.696,0.377,9,-9.806,1,0.0282,0.256,0.000853,0.0672,0.519,90.684,284800,4
6DV3k7tK935rvK2A1jN376,Them Belly Full - Live at the Stanley Theatre - 9/23/1980,Bob Marley & The Wailers,42,reggae,0.463,0.855,4,-6.799,0,0.239,0.278,0,0.381,0.661,156.103,227600,4
1saHjscgxmfIjM3F9rxdrn,War / No More Trouble - Live at the Stanley Theatre - 9/23/1980,Bob Marley & The Wailers,42,reggae,0.571,0.747,6,-7.475,0,0.239,0.222,0,0.381,0.59,78.388,363893,4
0oGK2jqvehM65S4c3V0K0k,Perfidia,Phyllis Dillon,46,reggae,0.771,0.441,7,-9.678,1,0.0292,0.412,0.0201,0.0967,0.915,91.457,166333,4
2Iaxdl3vnAFTj3AmvYr5Ue,Hold Your Head Up,Groundation,34,reggae,0.843,0.532,6,-8.048,0,0.0746,0.0455,0.000161,0.0854,0.854,107.978,293107,4
31Qgsts9pDVcocBJRS7lVl,Dash Wata,Raging Fyah,46,reggae,0.844,0.566,0,-5.56,1,0.146,0.0276,0.000003,0.0706,0.82,77.031,233920,4
67atrbdFSd7rhWH6yMj6rH,Let Me In,Tarrus Riley,50,reggae,0.871,0.711,8,-5.055,1,0.239,0.122,0.000024,0.119,0.533,95.99,152424,4
6LyGg0mQizLOawkQsl0M6U,Freedom (feat. Tarrus Riley),Alpha Blondy,36,reggae,0.722,0.545,10,-7.021,1,0.107,0.0214,0,0.176,0.738,145.04,293440,4
2ptL75zGAexrWgBe0e3hBq,"No Woman, No Cry - Live At The Lyceum, London/1975",Bob Marley & The Wailers,42,reggae,0.652,0.659,1,-9.343,1,0.0526,0.248,0.033,0.381,0.614,78.528,429200,4
0Mv4w87XU3HtV412slUc1r,54-46 Was My Number,The Maytals,48,reggae,0.68,0.373,0,-7.26,1,0.137,0.158,0.000015,0.0725,0.677,160.798,190493,4
1tf4gLbSKD8chQ46MEgSwM,Is This Love,Bob Marley & The Wailers,42,reggae,0.773,0.568,6,-8.369,0,0.0794,0.0991,0,0.0858,0.773,122.233,230800,4
6EUeH6leyDT4xdDtkyjHE1,Life To Me (feat. Kymani Marley),Alborosie,42,reggae,0.742,0.719,7,-5.115,0,0.216,0.09,0,0.0637,0.88,77.056,233427,4
5Bs7gHy0lWLmFp5oThwCFk,Plus rien ne m'étonne,Tiken Jah Fakoly,35,reggae,0.685,0.497,4,-7.087,0,0.0896,0.0885,0.000013,0.202,0.598,154.718,248867,4
7nPMsFa65oZMAUHNuTmTVP,Act Of Affection,Wailing Souls,49,reggae,0.821,0.612,2,-7.013,1,0.0637,0.101,0.000202,0.0368,0.864,137.46,164907,4
0dO79bdqpF4yl3Hpms8Eu7,Cool and Calm,Israel Vibration,43,reggae,0.795,0.415,0,-10.466,1,0.153,0.127,0.000009,0.0669,0.821,76.28,265880,4
6DGKqbDtGWQ1GOTZYT2wUs,Mister Grande Gueule,Alpha Blondy,32,reggae,0.878,0.561,7,-7.997,1,0.239,0.0101,0.000008,0.0957,0.679,144.969,254253,4
4KgwFKsebCGLxgsHxvueO5,Les martyrs,Tiken Jah Fakoly,29,reggae,0.778,0.584,6,-7.803,0,0.154,0.0326,0.0161,0.105,0.595,80.337,305200,4
25nmAvbE1Ceg16faXaUNCY,Head Corner Stone,Winston McAnuff,31,reggae,0.733,0.746,0,-2.616,1,0.045,0.0521,0,0.0656,0.739,121.582,212733,4
3GtPwOE8jgGGjQRJcLDuTO,Move!,Damian Marley,38,reggae,0.93,0.795,11,-5.562,1,0.239,0.117,0,0.14,0.767,122.47,224320,4
63gwG8sztwSbPQlkr2r0IJ,Redemption Song,Bob Marley & The Wailers,23,reggae,0.661,0.179,0,-14.992,1,0.0439,0.612,0,0.0782,0.673,116.092,228627,4
6pVlTCKpUK1TGfWtaWWcSx,Soul Rebel - 1990 Digital Remaster,The Gladiators,38,reggae,0.822,0.324,0,-12.85,1,0.0422,0.021,0.000302,0.0647,0.698,84.3,237000,4
1Sv9G2lKh7WtFBKboG78qY,Le descendant,Tiken Jah Fakoly,29,reggae,0.815,0.569,10,-6.347,0,0.204,0.0238,0.000044,0.0499,0.569,156.164,267240,4
4s0uGJ2JYchiQYpMfiPZON,Trueversation (feat. Damian Marley),Queen Ifrica,44,reggae,0.66,0.79,6,-3.578,0,0.239,0.167,0,0.381,0.634,81.999,219013,4
7uW1sdnbXUe6AaxkypJrmY,Chant Down Babylon,Bob Marley & The Wailers,42,reggae,0.716,0.462,5,-9.261,1,0.114,0.23,0,0.0431,0.888,142.146,156502,4
2G1j587vkPahEzwBraL6y8,Une petite larme m'a trahi,Alpha Blondy,34,reggae,0.717,0.527,6,-7.764,1,0.212,0.00861,0.000016,0.0765,0.664,159.963,224187,4
7zon0DQXtBEK5jAUXPDoUa,Stronger,Fantan Mojah,43,reggae,0.639,0.5,4,-6.411,0,0.0698,0.0733,0,0.354,0.577,88.085,230347,4
1fzU56UB3aa68fIBoUZSq7,Murderer,Buju Banton,43,reggae,0.801,0.513,0,-8.992,1,0.239,0.15,0.000008,0.108,0.699,137.81,236640,4
5jAZkHXLos16sAdvEFn5w1,Greetings - Live at the Stanley Theatre - 9/23/1980,Bob Marley & The Wailers,42,reggae,0.526,0.448,5,-12.564,1,0.239,0.813,0,0.381,0.491,121.646,44237,3
4TVEuHy07WxtpcmXXaBv5l,Waan The Herb [feat. Michael Rose],Alborosie,42,reggae,0.772,0.62,10,-5.527,0,0.159,0.126,0,0.266,0.89,80.885,221720,4
2CFxgaypHjxdYWgfGFoDs0,Babylon Too Rough,Gregory Isaacs,43,reggae,0.777,0.418,8,-8.084,0,0.112,0.137,0.011,0.263,0.606,73.283,173560,4
36Z12IeSpKAPkTlZIs7iO3,Satisfy My Soul,Bob Marley & The Wailers,42,reggae,0.755,0.381,7,-12.716,1,0.217,0.000968,0.000003,0.136,0.386,128.04,270187,4
6vX22fwRmM4bI0WpWtAvuJ,Disco Devil,"Lee ""Scratch"" Perry",48,reggae,0.682,0.726,0,-8.754,1,0.239,0.0785,0.000336,0.381,0.515,77.865,447053,4
2N2cvKMVnBYhCUwbgbKN5W,Ali Baba,John Holt,46,reggae,0.808,0.522,10,-8.324,1,0.0945,0.394,0.00761,0.114,0.63,79.951,155947,4
6JPmyr2qSrgE6TgtSA48Dc,To Serve And Protect,Queen Ifrica,41,reggae,0.656,0.662,10,-5.918,1,0.239,0.274,0,0.16,0.575,89.145,247573,4
4DMicuIpEAyW8sdtCnGznh,Jump Nyabinghi,Bob Marley & The Wailers,42,reggae,0.803,0.614,2,-8.866,1,0.239,0.367,0.00008,0.0737,0.88,142.624,224444,4
0F2KQMIxrK5A7iGNO4rxKT,Cool Down The Pace,Gregory Isaacs,47,reggae,0.862,0.512,10,-6.356,1,0.109,0.152,0.00598,0.0835,0.884,75.919,316547,4
6PxzyzibuYB28I32MK4MWs,Waiting In Vain - Alternate Version,Bob Marley & The Wailers,40,reggae,0.748,0.523,1,-11.793,1,0.0977,0.00181,0.00123,0.0567,0.793,80.841,284267,4
6rcNyw6K4owU2v9A9EL2C3,Life Is A Journey,Clinton Fearon,40,reggae,0.878,0.616,7,-6.613,0,0.188,0.0825,0.000027,0.128,0.648,77.361,262640,4
255UBOBs9IQdPsHt8Ylsh4,Is It Worth It? (Gunman World),Damian Marley,45,reggae,0.774,0.725,7,-3.806,1,0.164,0.086,0,0.0933,0.813,83.49,277333,4
73sbwmpRQPVwwnu5nMUGGP,"Allah Tano (feat. Ismael Isaac, Issam & Naoufel)",Alpha Blondy,35,reggae,0.619,0.619,10,-5.408,1,0.063,0.0319,0.00002,0.155,0.544,169.884,310480,4
3PERtvWgk8KNtaBHbRkSta,Guts,The Gladiators,43,reggae,0.925,0.563,9,-8.684,0,0.239,0.0885,0.000153,0.155,0.85,132.15,202040,4
1bubxAGtnXvKrh3AqDTzmH,Greatest Love,The Gladiators,40,reggae,0.914,0.437,0,-12.432,1,0.0513,0.0012,0.185,0.0898,0.82,130.565,177440,4
5XiAi8vA4ovWPAs9xBClEI,Crazy Baldhead - Live at the Stanley Theatre - 9/23/1980,Bob Marley & The Wailers,42,reggae,0.703,0.758,0,-6.476,0,0.229,0.226,0.000004,0.381,0.604,123.477,302560,4
3qd6lBaYVrEHN1ouivpOcH,Tight Ship,Stephen Marley,42,reggae,0.725,0.679,0,-5.121,1,0.197,0.125,0,0.0718,0.811,133.974,255240,4
3BojnSbIR2oKctO3nvBLRb,Love Letter,Katchafire,53,reggae,0.83,0.55,7,-5.367,1,0.0568,0.13,0.136,0.073,0.97,145.004,214293,4
3Cr3ZodARTjjPIToATtumh,Freefalling,Hollie Cook,39,reggae,0.65,0.605,2,-8.856,1,0.0574,0.0393,0.00296,0.0708,0.892,151.541,218085,4
2IrdHGhifKDX6m2S8vHf1s,A Message to You Rudy,The Specials,45,reggae,0.906,0.453,0,-7.938,1,0.0665,0.17,0.00031,0.104,0.969,102.981,173800,4
7HWukxvXSSLzx1Xqhtb1Lr,"Stir It Up - Live At The Lyceum, London/July 18,1975",Bob Marley & The Wailers,40,reggae,0.592,0.623,9,-12.141,1,0.0331,0.488,0.000057,0.381,0.907,82.293,286091,4
4zI9A6os8KlTYbKQtpjOz9,Running Away - Live at the Stanley Theatre - 9/23/1980,Bob Marley & The Wailers,42,reggae,0.573,0.759,7,-6.727,0,0.239,0.305,0,0.381,0.819,119.731,170947,4
7cPnph7tbLls2XkVGyp9ui,Don't Follow Babylon,Vibronics,32,reggae,0.578,0.641,10,-8.71,0,0.0987,0.37,0.0805,0.128,0.658,168.884,222452,4
6czwKEddvOYvXecmxCshbr,Bun' Di Ganja,Chezidek,40,reggae,0.729,0.578,7,-7.106,0,0.239,0.125,0,0.259,0.802,82.039,251159,4
2nTcHYwkqK6NM54OExjDEi,Karma Police,Easy Star All-Stars,52,reggae,0.681,0.562,7,-7.303,1,0.03,0.314,0.000039,0.147,0.804,144.509,288080,4
5wPNZhpBDM3LCazp3hW5gK,Can't Cool,Alborosie,41,reggae,0.791,0.864,4,-3.971,0,0.221,0.22,0,0.058,0.915,76.997,228093,4
0tvemyeYBR3YtLAw5ER1lw,Vessel of Love,Hollie Cook,38,reggae,0.687,0.655,10,-10.289,1,0.0405,0.0931,0.00824,0.381,0.866,138.968,210701,4
0XhZoYbuE3bpPx1qSxUX2B,Mix Up - 2000 Digital Remaster,The Gladiators,37,reggae,0.864,0.463,11,-9.953,1,0.1,0.301,0.000004,0.0498,0.843,77.651,182000,4
0aaJ7fQSZSyy7vojbHr5SY,James Bond Theme,The Skatalites,42,reggae,0.793,0.486,7,-10.432,0,0.0748,0.0183,0.507,0.0835,0.866,134.213,420467,4
0MYZaB4hSiHVdHuUf4F6nQ,Earth A Run Red,Richie Spice,47,reggae,0.829,0.605,8,-7.235,1,0.0654,0.124,0,0.283,0.71,81.167,227960,4
7iKjwcwtWKvPItHxmPYQi6,No Money,Romain Virgo,48,reggae,0.753,0.69,9,-2.947,0,0.239,0.308,0,0.0865,0.916,81.99,210920,4
2SCkY5YtIh0nQByLJmTyek,Jamming - Live at the Stanley Theatre - 9/23/1980,Bob Marley & The Wailers,41,reggae,0.461,0.841,11,-8.104,0,0.191,0.0156,0.000947,0.381,0.733,146.522,271493,4
1ClnSFcrgV9lxrWhNaFJGZ,Dreamland,Marcia Griffiths,42,reggae,0.836,0.531,5,-9.655,1,0.0501,0.237,0.292,0.0423,0.881,133.447,203160,4
5dIwKHHoplBVMKLQGenOcn,Chatty Mouth,The Gladiators,43,reggae,0.722,0.582,4,-9.175,0,0.207,0.00684,0.15,0.381,0.612,152.767,353200,4
7n6VwqXluHoyzzEOUtocLF,Don't Rock My Boat,Bob Marley & The Wailers,41,reggae,0.751,0.266,9,-15.626,1,0.239,0.00721,0.000001,0.0737,0.89,73.711,272507,4
0MYxbBjPKOhkNiZBIJXw2I,The Flame,Protoje,37,reggae,0.703,0.777,1,-4.76,1,0.143,0.0315,0.000066,0.0485,0.586,160.112,319920,4
4H75K8TiOGApA8IY6cWsXG,Y'en a marre,Tiken Jah Fakoly,29,reggae,0.761,0.697,5,-6.863,1,0.169,0.00737,0.000003,0.0852,0.794,79.496,226680,4
7k2xY8dexuLnESZOdwcsLD,Zion Train - Live at the Stanley Theatre - 9/23/1980,Bob Marley & The Wailers,41,reggae,0.557,0.664,9,-8.438,0,0.108,0.25,0.000001,0.381,0.596,131.858,230080,4
6B1mi7lMKxdSuD40kxAIs9,Israelites,Desmond Dekker,47,reggae,0.798,0.482,10,-11.443,1,0.0473,0.0811,0.386,0.0872,0.972,146.815,156479,4
1dKBta20CtzPJ23xHVa7ih,The Traffic Jam - Main,Stephen Marley,41,reggae,0.799,0.634,1,-7.136,0,0.239,0.448,0,0.0681,0.723,94.884,220172,4
4YcNPSkTBrIomT64npPsDd,Now,Romain Virgo,44,reggae,0.623,0.725,2,-4.878,0,0.0312,0.00548,0,0.101,0.619,68.682,213651,3
1A0LEAS3aaO5R233Akp707,Funky Kingston,Toots & The Maytals,34,reggae,0.711,0.887,1,-4.704,0,0.0507,0.234,0.000017,0.0437,0.935,100.061,245987,4
4HWhdjFpP7Ki6GdpAmIfxK,Nuthin' Wrong With The World,Junior Kelly,47,reggae,0.699,0.82,11,-4.027,0,0.239,0.172,0,0.381,0.931,146.955,251507,4
1CAIyPkv4nfQoJfbdzga1n,For The Babies,Damian Marley,37,reggae,0.776,0.784,0,-7.004,1,0.162,0.027,0.000006,0.106,0.718,131.998,293520,4
1M1RBlHOwrqnOb4qw1aupD,Soundwaves (feat. Eric Rachmany of Rebelution),Tribal Seeds,52,reggae,0.714,0.587,2,-6.872,0,0.0395,0.0162,0,0.0585,0.628,77.008,290550,4
4R8rtLIPQcrjnYvKOlqUON,Feel Like Jumping,Marcia Griffiths,43,reggae,0.784,0.43,0,-9.284,1,0.0582,0.0566,0.166,0.0689,0.643,81.863,213507,4
3CwZUa6TbQeePYMJCeYeiF,Smile Jamaica - Single Version,Bob Marley & The Wailers,40,reggae,0.68,0.462,11,-7.504,0,0.239,0.00071,0,0.0573,0.687,146.992,303760,4
2z75GXka50vxEA2EgegDFu,Soul Provider,Romain Virgo,49,reggae,0.606,0.498,0,-7.338,1,0.0376,0.00754,0,0.128,0.594,167.824,259035,4
66tyi2ix4ErbUBKFAVw98r,"Friday Night, Saturday Morning - 2015 Remaster",The Specials,51,reggae,0.742,0.61,0,-8.345,1,0.0341,0.14,0.285,0.144,0.874,140.971,213800,4
3twnWvXtvv9Ucp4HjoxpIf,Don’t Be Afraid,Clinton Fearon,31,reggae,0.843,0.504,4,-8.024,0,0.145,0.0727,0.000489,0.0857,0.889,77.034,245853,3
5DwR6nE5uTr5voiPj6Cawk,Turn It Around,Hollie Cook,38,reggae,0.66,0.573,9,-9.866,0,0.0308,0.0445,0.00921,0.105,0.864,127.1,253402,4
0La8VFQTpPyqiFvKYjTpzk,Livin' Is an Art,Clinton Fearon,37,reggae,0.835,0.396,6,-6.62,0,0.0484,0.155,0.00045,0.0905,0.769,77.609,288400,4
4pEU29JUUSQIOTfm0PFNRn,This One For You Mama,Jah Cure,4,reggae,0.655,0.751,4,-3.949,0,0.0726,0.359,0.000063,0.108,0.788,161.969,274492,4
0Sc6NUus1B3e0gzdx9Ysy2,Could You Be Loved - Live at the Stanley Theatre - 9/23/1980,Bob Marley & The Wailers,41,reggae,0.465,0.788,4,-8.95,0,0.0887,0.0105,0.156,0.381,0.538,103.295,447053,4
374Pj3Vryh3wjdFmAflLIp,More Thanks for Life,Jah Cure,3,reggae,0.773,0.342,1,-13.704,0,0.239,0.41,0.000116,0.261,0.714,144.353,291332,4
2Nc5AwusjE9cfnytvd9gpR,Sunlight,Skarra Mucci,35,reggae,0.792,0.617,11,-6.722,1,0.166,0.00295,0,0.0988,0.775,96,173587,4
7sJUAxo0JLGUrVWrq2pgyh,Diversity - Acoustic,Alborosie,40,reggae,0.576,0.491,9,-9.296,0,0.0339,0.312,0,0.12,0.547,133.955,271307,4
7n7xdlt8XpX5rDQhudEh7G,Délivrance,Tiken Jah Fakoly,29,reggae,0.74,0.548,7,-7.068,0,0.0972,0.0727,0.000012,0.187,0.697,74.764,230147,4
7exPN8sjoHh1cBAif5qrfh,Could You Be Loved,Bob Marley & The Wailers,41,reggae,0.916,0.723,0,-8.568,1,0.0951,0.367,0.000134,0.0873,0.793,103.297,236947,4
1pquvf0yEom1cV8RFMgCtE,Easy Skanking,Bob Marley & The Wailers,41,reggae,0.809,0.434,0,-12.143,0,0.0403,0.00601,0.00011,0.113,0.577,126.706,175973,4
3moJlQBO5EkGWPSqnZwOjt,Who Knows - Shy FX Remix,Protoje,42,reggae,0.718,0.821,5,-5.581,0,0.0884,0.0037,0.000093,0.33,0.653,87.012,252248,4
67sEGnjlCAoDRWqNejM0XY,Who Dem a Program,Protoje,41,reggae,0.799,0.61,10,-6.298,0,0.194,0.302,0,0.0824,0.871,170.037,207219,4
7622Jo93hnCOkViAgertAz,Kunta Kinte Dub,The Revolutionaries,42,reggae,0.799,0.467,1,-11.541,0,0.0708,0.0476,0.5175,0.0915,0.533,140.644,265333,4
30IDjLVujEkWLSVVCIf4xa,Lion In The Jungle,Israel Vibration,43,reggae,0.885,0.51,10,-7.098,0,0.14,0.106,0,0.0683,0.909,139.957,316453,4
4ZJCoXbjQ6v7YoJVjWCGFY,Three Little Birds,Bob Marley & The Wailers,41,reggae,0.787,0.473,9,-10.494,1,0.0759,0.0107,0.000001,0.0398,0.599,73.826,180533,4
7d4a6mcEm70NWUM6HbMa4W,"Jamming - 12"" Single Version",Bob Marley & The Wailers,41,reggae,0.901,0.59,11,-7.498,0,0.0695,0.0292,0.000152,0.264,0.783,123.208,333960,4
0wWm5ROS1YakrsjJr4qRzs,Ku Klux Klan,Steel Pulse,41,reggae,0.735,0.514,9,-12.18,0,0.141,0.0205,0,0.0316,0.817,128.865,221693,4
4b3B3j19QzfAm9S2RTvzL8,Maclacla Macloclo,Alpha Blondy,35,reggae,0.685,0.563,9,-6.316,0,0.239,0.00639,0,0.191,0.596,80.935,268000,4
23CRV0PWvDqQJqsRbwwrhn,Tonight (It's A Party),Stephen Marley,45,reggae,0.735,0.709,2,-6.17,1,0.163,0.217,0,0.273,0.605,92.443,249080,4
2MfS4KM4uoqjLPmYiAsuIz,Rude Girl,Tribal Seeds,54,reggae,0.796,0.803,10,-3.777,1,0.0929,0.0763,0.000007,0.0545,0.799,144.987,270621,4
1B1Qz87myAVVr2Wb82ZcS3,Redemption Song,Bob Marley & The Wailers,40,reggae,0.685,0.254,0,-10.797,1,0.0411,0.587,0,0.0802,0.659,116.023,227333,4
2R6f7fgKE0lBKo1D8oBuu6,Trench Town,Bob Marley & The Wailers,42,reggae,0.737,0.313,4,-11.387,0,0.239,0.0831,0,0.188,0.586,145.86,192447,4
4tmxmOOwKZNikubtCfXEnG,It's Not Easy,Lucky Dube,46,reggae,0.697,0.72,11,-4.658,1,0.0277,0.266,0,0.201,0.658,129.453,322533,4
2GVv4Oi6KwgqNQoMl7Dv19,Blackman Redemption,Bob Marley & The Wailers,40,reggae,0.905,0.4,0,-9.457,1,0.18,0.446,0.00148,0.0632,0.709,125.964,213299,4
3ApxpM5ghkdjWKhbrQaPLk,World A Reggae (Out In The Street They Call It Murder),Ini Kamoze,48,reggae,0.866,0.514,6,-6.44,0,0.0695,0.0019,0,0.0665,0.802,78.59,237693,4
1YAXrOLk7EGfv1tlSnGOqi,Having A Party,"Lee ""Scratch"" Perry",44,reggae,0.739,0.758,5,-6.418,0,0.103,0.405,0.000052,0.0808,0.787,92.878,280960,4
3bgm6bEr3KUfLW6FCKE3qB,One Love / People Get Ready,Bob Marley & The Wailers,21,reggae,0.722,0.409,10,-13.234,1,0.239,0.0622,0,0.0621,0.939,76.365,173533,4
0CZzYZYVNEZXijvaFRl6kp,A Miracle,Groundation,32,reggae,0.595,0.476,0,-9.32,1,0.239,0.0999,0.000146,0.0353,0.449,107.974,447053,4
0jW8Sjxy86iOAVOEBdvWGP,Lively Up Yourself,Bob Marley & The Wailers,42,reggae,0.841,0.508,7,-9.657,1,0.226,0.173,0.00107,0.056,0.881,129.128,311587,4
2bFBWxmgyYWvINfGT0L5SI,No Justice,Clinton Fearon,30,reggae,0.899,0.548,6,-7.918,0,0.0671,0.0779,0.000097,0.0959,0.867,140.087,270653,4
39VEZX5cyNq0PDqobA6J3A,Something More,Groundation,32,reggae,0.842,0.399,11,-9.06,1,0.111,0.0118,0.000275,0.148,0.61,128.19,293613,4
5rAaeLLtzeRK8dpmmxpWJW,Road To Zion - Sessions@AOL,Damian Marley,33,reggae,0.531,0.649,5,-7.117,0,0.0701,0.445,0,0.116,0.493,100.034,265307,4
7HWn7AyphzxnsYtw53HZ0b,Baba,Tiken Jah Fakoly,28,reggae,0.776,0.647,5,-7.204,0,0.0432,0.601,0.0106,0.0948,0.921,154.583,302147,4
03DHZCT6L7KQxXnHgrsR2U,High Tide Or Low Tide - B Is Mix,Bob Marley & The Wailers,41,reggae,0.616,0.261,2,-10.163,1,0.0281,0.815,0,0.101,0.31,90.47,281773,4
6VST5ucHKSiSaj78j6IQv1,Serious Time,Mungo's Hi Fi,40,reggae,0.889,0.579,5,-7.982,1,0.215,0.359,0,0.114,0.803,95.009,257700,4
4BPgPYbiigMvyd6JELEzsX,Thanks & Praise,Fantan Mojah,43,reggae,0.725,0.586,2,-6.056,0,0.232,0.465,0,0.312,0.791,84.872,227467,4
0Lbpi3KVEOL8DpzfCao3P5,My Confession,Cornell Campbell,47,reggae,0.797,0.37,10,-11.264,1,0.0582,0.384,0.399,0.0994,0.691,136.587,171987,4
4cdtGBomYMxTXdDlEaSnDE,Humility,Groundation,31,reggae,0.797,0.637,7,-6.914,0,0.0673,0.0346,0,0.0875,0.627,140.358,335400,4
4gcRTIXP8nHwl0hFdJikia,Take Five,King Tubby,38,reggae,0.718,0.341,8,-10.771,1,0.106,0.513,0.5175,0.126,0.487,159.054,218693,4
7AnhlEX6adyaXe4S28UKXD,All Day All Night - Jamaican Version,The Wailers,42,reggae,0.696,0.651,2,-6.199,1,0.16,0.0758,0,0.0451,0.86,139.049,209000,4
05MzP2SKLFi8xDnlTxJPk8,Ghetto Paradise,Chronixx,46,reggae,0.693,0.689,5,-5.929,0,0.216,0.078,0,0.105,0.57,175.957,226960,4
6UEFePcC8fAtZBaGETfYjJ,Prodigal Son,Steel Pulse,39,reggae,0.881,0.424,9,-13.503,0,0.208,0.0636,0.000001,0.0792,0.606,124.898,306840,4
0SvkWYvoTPW2Bd8gqawcJG,No More Trouble - Jamaican Version,The Wailers,43,reggae,0.765,0.594,7,-5.769,1,0.169,0.106,0.000113,0.111,0.815,142.299,316400,4
33J5PMmrRmDJzqxSYTVxGr,Rough Road,Warrior King,39,reggae,0.544,0.764,6,-4.961,0,0.14,0.206,0,0.0298,0.946,80.776,254907,4
3AGEHHqBOnAmQiJxxbasJu,The Loser,Derrick Harriott,44,reggae,0.725,0.641,7,-6.135,0,0.0481,0.194,0.00498,0.091,0.786,87.732,218653,4
5Ft818vlcBQrei4zSP8aEq,Let Me Be,Lutan Fyah,41,reggae,0.727,0.624,1,-6.601,1,0.239,0.409,0,0.0704,0.896,79.999,233012,4
36md9nKCb9BtU3v4NbZ68Q,Together,Hollie Cook,37,reggae,0.703,0.672,2,-9.949,0,0.0529,0.0227,0.000008,0.328,0.872,132.973,241173,4
5qHFwlya1FbiCXpRMlJy4y,Positive Vibration - Live At The Pavillon De Paris/1977,Bob Marley & The Wailers,37,reggae,0.671,0.665,11,-8.326,0,0.0715,0.0278,0.000067,0.381,0.558,135.246,350400,4
2D245vxYm1vkZWfItHNbq3,Answer to Your Name,Protoje,37,reggae,0.817,0.865,7,-3.485,1,0.0321,0.087,0.00804,0.096,0.781,120.031,234973,4
4L7VOZCqvFhhfqQXVzDF1A,Zimbabwe,Tiken Jah Fakoly,28,reggae,0.923,0.733,6,-4.828,1,0.0532,0.195,0,0.0935,0.779,125.342,233413,4
6NFn7TLaL8Tyj4nPgOUyuA,Iron Lion Zion,Bob Marley & The Wailers,21,reggae,0.708,0.53,9,-10.336,1,0.0347,0.00836,0.0018,0.173,0.786,142.349,193533,4
56mwuqc12Vz6nqM9OZ2j17,Jamming - B Is For Bob Version,Bob Marley & The Wailers,41,reggae,0.866,0.443,10,-11.453,0,0.0539,0.895,0.0124,0.0851,0.442,123.266,266173,4
6Nuf4dy4COQATWSsWfhTtc,Tata,Tiken Jah Fakoly,27,reggae,0.731,0.489,6,-8.893,0,0.038,0.83,0.0146,0.214,0.539,91.974,252147,4
7nqRCsp9eBgzCyGnme4fLz,Shoot You,Sizzla,41,reggae,0.694,0.698,0,-9.092,0,0.239,0.00788,0.000433,0.381,0.696,78.02,220056,4
2KUI8IsFQZexoNN2WFk7Ik,Buffalo Soldier,Bob Marley & The Wailers,40,reggae,0.93,0.464,9,-8.67,1,0.239,0.133,0.000008,0.0571,0.736,123.942,256600,4
3SiimSnvv58Sv1Vg16C8XK,Remember Me,Lucky Dube,43,reggae,0.73,0.703,10,-7.729,1,0.0649,0.138,0.000006,0.0726,0.716,84.069,263547,4
1REJRpQNstNXaPtWSrsHa3,Ring the Alarm,Tenor Saw,45,reggae,0.666,0.582,6,-6.131,1,0.209,0.227,0,0.0945,0.733,170.915,188827,4
4voND6g0QCaQ5M15alDYvb,Runaway Girl - 1990 Digital Remaster,U-Roy,40,reggae,0.74,0.29,11,-14.824,0,0.0999,0.236,0.000464,0.0956,0.773,73.173,227040,4
5rsYt7m3Ce0DQOVABem8Yj,Book Of Rules,The Heptones,43,reggae,0.794,0.604,6,-11.69,1,0.0418,0.207,0.172,0.107,0.956,142.487,211213,4
3k5UR8KdEBbs4XzVPgk2qY,Suffering in the Streets,Anthony B,3,reggae,0.68,0.737,5,-5.232,0,0.132,0.278,0,0.19,0.944,77.077,212600,4
1CyoXu2ImlSKavFOcvKRE9,Smoke Free,Anthony B,2,reggae,0.746,0.662,1,-4.77,1,0.239,0.169,0,0.0639,0.787,87.466,238853,4
5qvMsN1vskeg9OsUWDDsQ4,Murderer,Anthony B,2,reggae,0.802,0.792,1,-2.567,1,0.239,0.22,0,0.0878,0.638,138.054,239507,4
4rK3DEg856AlYKtWLnT2QQ,Searching,Anthony B,2,reggae,0.718,0.487,1,-9.661,0,0.239,0.0778,0,0.0905,0.809,78.843,234747,4
6hPXAMba7IHjBjOJ9rof7G,Champaign,Anthony B,2,reggae,0.652,0.622,4,-6.825,0,0.239,0.134,0.000003,0.118,0.817,80.196,237200,4
4zwf2SX5peWtPOBAmLewBi,Bun a Wicked,Anthony B,2,reggae,0.678,0.709,11,-4.546,1,0.239,0.385,0,0.0967,0.899,162.473,223507,4
3pYAR7WaCYEqWoaGLbx0Uq,Giddion,Anthony B,1,reggae,0.744,0.847,11,-5.705,0,0.239,0.105,0,0.277,0.769,174.637,226080,4
2xZPQQaCld9MKSJpXvg39u,Bad Boy,Anthony B,1,reggae,0.677,0.763,8,-3.356,1,0.239,0.573,0,0.0266,0.922,151.255,212240,4
5mEtzakAJxVTz9nsXGKbfy,Coffin Door,Anthony B,1,reggae,0.489,0.807,11,-4.974,0,0.239,0.398,0,0.289,0.41,74.44,223373,4
17pAR3Fbx69fpz7VsOGQlA,True Love,Anthony B,1,reggae,0.668,0.486,10,-12.773,1,0.108,0.647,0.000005,0.225,0.96,159.848,209333,4
6k1xBUtC2ydvdP7y3Inok4,Selassie,Anthony B,1,reggae,0.813,0.567,5,-7.007,0,0.239,0.115,0,0.0239,0.765,83.971,238427,4
0gsDgVpkzhcdO52bPmLdRh,Love Mama,Anthony B,1,reggae,0.688,0.64,7,-5.572,1,0.239,0.736,0,0.073,0.696,76.731,206600,4
7DcT2gSVRpcv8U5Y5TD9Ym,Change,Anthony B,1,reggae,0.784,0.549,10,-7.072,0,0.239,0.506,0,0.0887,0.742,151.57,240566,4
5JQDDC8jlOEQnjgNH3EZEy,The More Dem Fight,Anthony B,1,reggae,0.675,0.756,7,-3.11,1,0.239,0.0782,0,0.134,0.691,81.43,238027,3
1Ho2mFQ415Q97rEe5hSO1x,Now That We've Found Love - Single Version,Third World,45,reggae,0.754,0.479,1,-15.932,1,0.12,0.00968,0,0.167,0.747,118.449,236800,4
6NNpK4YWFZkBYTtlauUrgk,N'Téritchê (feat. Jacob Desvarieux),Alpha Blondy,34,reggae,0.845,0.643,9,-6.414,0,0.132,0.0213,0.000004,0.162,0.812,90.01,293400,4
1rBALduosys0NqmfYu6WEZ,Rock On,Gregory Isaacs,45,reggae,0.778,0.372,7,-11.814,1,0.232,0.183,0.000018,0.099,0.596,136.575,156587,4
3O7LY3NQXn7R12Ey6rlgmh,Exodus - Live at the Stanley Theatre - 9/23/1980,Bob Marley & The Wailers,40,reggae,0.504,0.85,4,-8.421,0,0.215,0.00624,0.00545,0.381,0.746,153.458,421680,4
0CxIgiWIp8S87LfhKW7Txs,Rules of the Dance - Kahn Remix,Mungo's Hi Fi,45,reggae,0.767,0.777,1,-7.568,1,0.183,0.321,0.00334,0.381,0.549,140.036,208874,4
7cwNq3u2snS1T1C4CViHqp,Ca va faire mal,Tiken Jah Fakoly,25,reggae,0.794,0.513,5,-4.942,0,0.0703,0.0304,0.000004,0.154,0.963,156.473,233227,4
3EksUQcF0LtT0nxnu0q4Yb,No More Trouble,Bob Marley & The Wailers,29,reggae,0.711,0.372,2,-15.85,1,0.239,0.345,0.00105,0.0527,0.758,142.037,238093,4
7BLo3vat0B8BCQD50WOjum,Chalwa,10 Ft. Ganja Plant,43,reggae,0.786,0.752,2,-2.859,0,0.0387,0.195,0.5175,0.0427,0.925,136.578,277307,4
2iYbAoOny6ua9s74TKSa0B,Time,Don Carlos,41,reggae,0.769,0.304,1,-8.988,0,0.149,0.0219,0,0.0503,0.683,155.439,243280,4
4LM0qGXLL0IjvEn0zmwroG,Coming In From The Cold - Live at the Stanley Theatre - 9/23/1980,Bob Marley & The Wailers,40,reggae,0.439,0.773,0,-9.718,1,0.239,0.00979,0.000022,0.381,0.655,76.179,217187,4
1UFGww1XOjeOdXRXvr2syv,Soul Rebel,Bob Marley & The Wailers,40,reggae,0.825,0.237,11,-13.066,1,0.0911,0.00212,0.000238,0.103,0.568,93.077,198413,4
0t0F3Qyt3kKFU7rGxKa02t,Take Five,King Tubby,45,reggae,0.718,0.341,8,-10.771,1,0.106,0.513,0.5175,0.126,0.487,159.054,218693,4
3FEEfb772gpjK2J7GUsEb8,Is It Because I'm Black?,Ken Boothe,39,reggae,0.736,0.442,10,-13.887,0,0.0569,0.141,0.0308,0.102,0.945,147.054,222667,4
3dSrZUvO2Ec2dxT3XLcGFb,Mama Africa - 2002 Remastered Version,Peter Tosh,44,reggae,0.462,0.918,7,-6.194,1,0.0799,0.319,0.191,0.0504,0.871,191.503,447053,4
0vNRGBXymEFkIZ0QSopCn4,Dutty Road,Alborosie,39,reggae,0.82,0.723,2,-5.516,1,0.239,0.0658,0,0.0916,0.755,77.218,191030,4
2K4opmyBf45LWNP2ucm7Df,Under Me Sensi,Barrington Levy,48,reggae,0.688,0.653,0,-6.675,1,0.138,0.0199,0,0.199,0.501,75.728,192493,4
60u1snOUmxboD2LC8mc3XE,Jamming,Bob Marley & The Wailers,39,reggae,0.94,0.477,11,-10.999,0,0.239,0.118,0.000025,0.105,0.739,123.679,212640,4
75UIkJQJMf1piBSbQ3JXIL,Stick A Bush - 2002 Digital Remaster,The Gladiators,38,reggae,0.871,0.496,11,-11.835,0,0.0544,0.0144,0.00671,0.106,0.598,136.037,147640,4
0kde0BTvZwG1theMY5W27y,One Step Forward,Tiken Jah Fakoly,27,reggae,0.906,0.591,2,-5.703,0,0.0477,0.101,0,0.0731,0.561,132.124,211880,4
2RvMpOxSYXbOrrlCATGbs2,Ba Ba Boom,The Jamaicans,40,reggae,0.683,0.387,3,-11.362,1,0.0816,0.661,0.000981,0.139,0.307,151.921,201707,4
1epQtq7B2Xii7pR3xBw3Ri,Quitte le pouvoir positive Black Soul,Tiken Jah Fakoly,25,reggae,0.791,0.775,4,-5.361,1,0.0452,0.125,0,0.0927,0.967,80.787,262067,4
0vm4Z9lN0gFTkBgR1KdG14,Concrete Jungle - Live In Europe/1976,Bob Marley & The Wailers,36,reggae,0.519,0.597,4,-8.807,0,0.041,0.0363,0.000239,0.381,0.504,92.904,337200,4
6beNOlIaLishjhUsLt7xMB,She's Gone,Bob Marley & The Wailers,40,reggae,0.58,0.429,11,-12.04,0,0.162,0.0315,0,0.0506,0.589,146.257,145347,5
04hXUb69SBhbOZOQb5M0mr,Born Again,Groundation,32,reggae,0.829,0.565,1,-7.969,0,0.064,0.00683,0.000023,0.0599,0.609,132.076,390827,4
3qtzGN17eRcfWqLi2UQ6hQ,Gone a Cemetery,Groundation,30,reggae,0.823,0.578,11,-7.191,0,0.0658,0.0786,0.000739,0.0974,0.88,144.106,271867,4
7e6ayyFMXbG6kVBPBMw33K,Waiting In Vain,Bob Marley & The Wailers,42,reggae,0.73,0.357,8,-16.289,1,0.239,0.0781,0.000145,0.076,0.829,78.798,249173,4
2b0CEUikZn2n6ZaiyyZg04,I Rusalem,Alborosie,40,reggae,0.788,0.679,7,-5.198,0,0.132,0.0326,0,0.0784,0.678,130.349,247760,4
6kOzxS1Ch9p9XbUvWAkXtq,I'm Still in Love,Alton Ellis,47,reggae,0.75,0.408,7,-12.451,1,0.0401,0.163,0.000076,0.13,0.775,83.481,268080,4
6lWwV7yfTJH0sPMqd1lpfq,In My Arms,Beres Hammond,48,reggae,0.682,0.872,8,-4.363,1,0.127,0.323,0,0.286,0.849,75.983,224653,4
503nQrJyFnKIvgVwVzHsXO,Selah,Morgan Heritage,41,reggae,0.635,0.791,1,-4.973,0,0.15,0.00616,0,0.262,0.822,76.973,254815,4
20jA0WwmJ61PMkc7GzRfP5,Three Little Birds,Bob Marley & The Wailers,21,reggae,0.819,0.419,9,-13.234,1,0.0787,0.00939,0.000003,0.0403,0.635,74.06,181680,4
18S9oYAd39Y1EkvQM0wKLF,Black Roses,Barrington Levy,44,reggae,0.55,0.323,10,-9.764,0,0.0369,0.529,0,0.219,0.586,83.957,277660,4
232DKU9pLCKb4SFNiPq4p0,House of Exile,Lucky Dube,44,reggae,0.676,0.658,10,-6.044,1,0.0358,0.139,0,0.0866,0.941,81.897,205427,4
1uVFotQ3jGy50biSnRA2AK,Two Sevens Clash,Culture,46,reggae,0.765,0.551,9,-8.64,0,0.083,0.00442,0,0.0559,0.711,136.452,208053,4
1BSnnMpgQFiOrz6XB0POJV,Liberation Call,Groundation,32,reggae,0.783,0.632,10,-6.807,0,0.193,0.13,0.000035,0.183,0.717,88.042,235013,4
586kv84sjXYDEyWpmJKF2O,Give Thanks & Praises,Bob Marley & The Wailers,40,reggae,0.906,0.32,7,-12.24,1,0.198,0.267,0.000032,0.0424,0.785,117.317,196534,4
3SmlQ9SaXbkmeXrXNF5ojP,Promised Land,Dennis Brown,44,reggae,0.746,0.386,10,-11.985,1,0.142,0.408,0,0.0884,0.744,134.626,284800,4
3WN1EgEDwXOHv9zVRipJyV,Global War,Alborosie,41,reggae,0.73,0.651,4,-6.359,0,0.0863,0.274,0.000142,0.0937,0.918,144.799,233907,4
5z8SD2w6mknP3Jad40BNsM,Longing For,Jah Cure,42,reggae,0.673,0.571,4,-6.293,0,0.239,0.291,0.000004,0.0749,0.53,168.094,233947,4
77XK5CQUhLg8n4x4McQaeI,Slavery Days,Burning Spear,40,reggae,0.724,0.455,10,-9.381,1,0.0988,0.04,0.000205,0.0878,0.814,142.641,214880,4
7eivxjw6BUxwkgTcQqyYVW,Don't Let Me Down,Marcia Griffiths,47,reggae,0.691,0.662,4,-10.045,1,0.053,0.404,0.00509,0.381,0.947,157.367,204533,4
4Mxv1tOYFoqkL73qKZ5gyP,"Get Up, Stand Up",Peter Tosh,46,reggae,0.899,0.574,5,-9.946,1,0.0788,0.00118,0.000345,0.0567,0.913,138.956,215200,4
6IWmYauXRGqd16EGnxc1JR,Everything (feat. Roots Radics & Pupa Avril),Alborosie,40,reggae,0.775,0.637,2,-4.372,1,0.239,0.123,0,0.0955,0.713,79.728,195933,4
1z7DEP5af8U3ADmaj0eUn1,Crazy Baldhead / Running Away - Live,Bob Marley & The Wailers,37,reggae,0.797,0.548,6,-9.487,0,0.12,0.375,0.000991,0.381,0.801,132.454,447053,4
7Hq8cSsjf2iQPDM8UXMOpE,Who Knows,Protoje,36,reggae,0.681,0.683,5,-6.096,0,0.0867,0.124,0,0.356,0.795,81.01,207675,4
5QREkNN2kAKUsXppK9Vrcu,Money,Easy Star All-Stars,45,reggae,0.772,0.755,11,-7.375,0,0.132,0.256,0.0087,0.0963,0.89,133.136,386213,4
6hMRRTaI0ylI9NA1RzgmpU,Resist Not Evil,Protoje,41,reggae,0.756,0.754,10,-6.245,0,0.239,0.0628,0,0.24,0.759,82.857,202145,4
4YFdubhS05v0U0XOGuKnVI,African révolution,Tiken Jah Fakoly,29,reggae,0.862,0.566,2,-7.265,0,0.0676,0.206,0.000021,0.128,0.945,129.998,250693,4
6NRw0UTQn9C5bkQWTu6KT2,Stiff Necked Fools,Bob Marley & The Wailers,40,reggae,0.678,0.277,0,-12.651,1,0.239,0.118,0.000029,0.121,0.785,138.834,205543,4
4AZqn7qMNUBLiPxtzguRns,Don't Bow Out,Fantan Mojah,40,reggae,0.73,0.666,5,-6.886,1,0.239,0.162,0,0.12,0.604,80.3,265387,4
6FJUkacxgW1hQYp8ugfMWe,Cry To Me,Bob Marley & The Wailers,38,reggae,0.593,0.646,0,-7.847,1,0.201,0.195,0.000013,0.0987,0.503,188.489,155992,4
3CFSzSB7FkoCPiVqxNT3Sa,Ari Up,Hollie Cook,34,reggae,0.861,0.502,9,-9.678,0,0.0586,0.0909,0.00443,0.26,0.777,115.866,249740,4
6YvP6BkFG912BHoq7ZNrLD,Bam Bam,Sister Nancy,46,reggae,0.674,0.644,0,-5.598,1,0.173,0.47,0.00014,0.118,0.787,165.925,190080,4
6zaTs8l68P2i3e1QafXR5c,Eternal Fire,Chronixx,46,reggae,0.616,0.738,9,-7.362,0,0.072,0.164,0.000027,0.2,0.803,84.98,239240,4
4Y8ViW4aOg3g8ajk4UN2TN,Les oiseaux du ciel,Tiken Jah Fakoly,27,reggae,0.889,0.382,3,-7.662,1,0.182,0.905,0.000162,0.223,0.93,143.977,276027,4
0PKhd4eniSIDbZqGDDgJ7R,Misty Morning,Bob Marley & The Wailers,41,reggae,0.831,0.534,11,-10.618,0,0.081,0.014,0,0.122,0.819,125.224,213547,4
47ZzjW648YIUaVgaqTcYRl,Crazy Baldhead,Bob Marley & The Wailers,38,reggae,0.866,0.542,6,-11.14,0,0.239,0.107,0.000024,0.0736,0.899,126.522,201893,4
5XYdSzQWLKYRZMrQM2PDGK,Non à l'excision,Tiken Jah Fakoly,27,reggae,0.593,0.696,3,-6.618,0,0.0267,0.278,0.000003,0.29,0.644,99.206,206000,4
0FtFyu0DgEIeCYzLfA0iyT,It Wasn't I,Skarra Mucci,36,reggae,0.733,0.76,2,-6.87,1,0.239,0.00815,0.000003,0.281,0.612,165.969,172754,4
4dg8wU2GCheLkSHSbaUKtP,Lumière,Alpha Blondy,33,reggae,0.769,0.59,7,-5.905,1,0.0405,0.139,0,0.0969,0.39,120.023,226600,4
1J9W3j9PGXp8FN0Y0Fwm5C,I've Got to Get Away (aka Man Next Door),John Holt,43,reggae,0.645,0.47,5,-8.469,0,0.037,0.162,0.000129,0.132,0.623,87.84,119267,4
5oGwWuDpkoDXzaYCy8Iqyj,No Salvation Until,KIDDUS I,29,reggae,0.754,0.448,6,-7.02,0,0.0522,0.693,0.000019,0.117,0.724,143.797,295227,4
2OvInx8L79Tf6ECNmhf1f2,Sweet Fanta Diallo (Original Version),Alpha Blondy,26,reggae,0.761,0.84,8,-6.205,1,0.0477,0.289,0,0.0752,0.9,101.548,319480,4
5OLPInMdSLPdDFNxRQCqMN,Alou Maye,Tiken Jah Fakoly,25,reggae,0.722,0.576,6,-6.443,1,0.0606,0.422,0.0126,0.0708,0.817,149.2,323000,4
0tUl1HzLXBT6X6eOBPSuuU,Is It Because I'm Black ?,Tiken Jah Fakoly,34,reggae,0.612,0.586,1,-6.055,0,0.0951,0.297,0.000004,0.135,0.382,72.716,213067,4
47Axm1bTbEbOvkXpzOv5ZQ,Down With You,Katchafire,51,reggae,0.783,0.606,0,-5.742,1,0.0629,0.0808,0,0.0648,0.883,77.511,210051,4
4MYg1PF5jPANjNChbk7cwk,Want More,Bob Marley & The Wailers,38,reggae,0.895,0.39,11,-12.659,0,0.169,0.0824,0.00312,0.111,0.728,133.914,255200,4
2RjZ75qAKq5vw5t1dqjJ1z,Medicine Chest Dub,Prince Fatty,40,reggae,0.66,0.655,6,-8.174,1,0.0377,0.123,0.5175,0.381,0.57,92.283,251867,4
3J4Chu7wi4onjN2OO8aaow,Love So Nice,Junior Kelly,44,reggae,0.784,0.545,9,-8.205,1,0.194,0.178,0,0.145,0.726,80.559,229280,4
32jf8fv6xLdf4gTb1nQ5I1,Someone To Love,Stephen Marley,38,reggae,0.752,0.848,10,-3.014,0,0.0546,0.0427,0.000067,0.301,0.918,165.403,315213,3
4qyCx1OO1TVxFHxroZYVP9,Stir It Up - B Is Version,Bob Marley & The Wailers,41,reggae,0.679,0.413,9,-8.456,1,0.0595,0.576,0.000002,0.131,0.75,147.056,174653,4
6e7K60xzV8LsAg7G5lRgRj,War,Bob Marley & The Wailers,37,reggae,0.807,0.395,10,-12.199,0,0.239,0.0457,0.000044,0.0926,0.761,146.132,211267,4
0K9ijy0px1Ni9g4ScwVuoM,Yagga Yagga,Skarra Mucci,32,reggae,0.812,0.694,2,-5.397,1,0.136,0.343,0,0.262,0.945,99.998,211007,4
77ioQugHJr2XZ3c5BQWBwi,"Buffalo Soldier - 12"" Mix",Bob Marley & The Wailers,38,reggae,0.929,0.526,9,-9.688,1,0.0912,0.0268,0.0017,0.144,0.84,124.177,447053,4
6V39cPq3fueR20iwBHPCIh,Walking in the Sand,Hollie Cook,35,reggae,0.655,0.652,7,-7.964,0,0.0379,0.0708,0.04,0.381,0.789,144.658,210173,4
4SEONWb5qQxp2Bnp6vN41l,Mr. Brown,Bob Marley & The Wailers,37,reggae,0.782,0.411,1,-6.585,1,0.121,0.288,0.000004,0.354,0.901,93.072,213667,4
3TywWWwNNonUSFn82Z5HPv,Ingratitude,Alpha Blondy,33,reggae,0.74,0.61,1,-6.286,1,0.135,0.0694,0,0.0729,0.603,170.015,281120,4
1YpH91YcUZlo2mxKJVhWM8,Zungguzungguguzungguzeng,Yellowman,46,reggae,0.749,0.296,4,-17.927,1,0.239,0.0713,0.00458,0.0879,0.475,164.707,388227,4
4aQxm07DiCmrw087lBiICT,Peace In Liberia,Alpha Blondy,40,reggae,0.887,0.557,8,-9.064,1,0.0484,0.16,0.000011,0.0679,0.904,146.047,225213,4
5GY79yvyYOnwpdfBx4WitS,Satisfy My Soul - B Is For Bob Mix,Bob Marley & The Wailers,41,reggae,0.829,0.464,7,-8.693,1,0.15,0.00119,0.000144,0.038,0.652,127.665,270733,4
1SPQH6bVjEUluloWGjWGzw,Love and Inity,Damian Marley,38,reggae,0.918,0.759,11,-7.909,0,0.0932,0.188,0,0.0785,0.942,132.947,242800,4
5QHUCsvmU38g2O2KtnwIf9,"Get Up, Stand Up",Bob Marley & The Wailers,36,reggae,0.763,0.503,10,-9.492,1,0.239,0.195,0,0.0757,0.785,78.882,197840,4
4SWkHr15YgPdLG25gJpJiX,Bush Doctor,Peter Tosh,44,reggae,0.757,0.489,4,-9.672,0,0.0628,0.0315,0.000063,0.103,0.805,136.435,244960,4
24nv8Zg4zQz8yDwAORL6kQ,New Name,Jah9,38,reggae,0.699,0.651,10,-4.79,0,0.0738,0.0859,0,0.0734,0.701,133.28,271078,4
0cPDcjcb0msiFZG9KylxzR,She's Still Loving Me,Morgan Heritage,48,reggae,0.676,0.731,10,-5.077,1,0.0684,0.406,0,0.0587,0.961,80.774,267733,4
5IxfR8L1XFjJSwvTjKhNHO,I Love Jah,Mungo's Hi Fi,35,reggae,0.92,0.726,3,-9.48,0,0.0952,0.0677,0.036,0.252,0.962,124.013,240481,4
6xY1jpSf4xxZ2zkeiFqnQN,Rule My Heart,Ky-Mani Marley,44,reggae,0.661,0.627,3,-6.997,0,0.0433,0.0935,0.000041,0.373,0.651,101.986,170364,4
6ulo3sLnA7NLY859gsCQnk,Punky Reggae Party - Live At The Pavillon De Paris/1977,Bob Marley & The Wailers,36,reggae,0.532,0.823,4,-6.865,0,0.0778,0.061,0.00194,0.381,0.736,142.819,351600,4
1pCI5QzYDyjF9nJNZC2m2P,The Heathen - Live,Bob Marley & The Wailers,37,reggae,0.602,0.51,4,-10.707,0,0.0422,0.224,0.137,0.381,0.676,151.29,408200,4
3wsl2FExPBDyEuwoyjnuO3,Strange Things,John Holt,33,reggae,0.797,0.65,8,-5.482,0,0.239,0.489,0.000053,0.181,0.806,80.655,149800,4
5Mzz1DpSfdagT2s2jkVw0H,Jerusalem (live),Alpha Blondy,36,reggae,0.562,0.784,7,-5.544,0,0.0648,0.147,0.000222,0.381,0.661,156.715,395413,4
0h9380iFAX7FnRuhcuofQ4,Is It Because I'm Black ?,Tiken Jah Fakoly,23,reggae,0.603,0.585,1,-5.934,0,0.0757,0.399,0.000013,0.127,0.369,73.094,213203,4
2Bu4xHoPMsMpxhNEOFhF1R,Running Away,Bob Marley & The Wailers,38,reggae,0.798,0.333,7,-12.75,0,0.139,0.0335,0,0.0688,0.394,119.235,255067,4
6TXui4srlUKlmhlgsZr2gx,One Love / People Get Ready - Extended Version,Bob Marley & The Wailers,39,reggae,0.809,0.599,10,-9.378,1,0.111,0.193,0.000529,0.0412,0.91,77.927,420093,4
5ob7qGcssRCrZW8Q4kNpBD,Mr Walker,Skarra Mucci,31,reggae,0.758,0.702,5,-6.647,0,0.133,0.0524,0,0.0739,0.916,99.933,174405,4
47EICcV3Yfpg9DOr0svFuQ,Rocky Dub Road,Alborosie,40,reggae,0.755,0.538,6,-8.308,0,0.213,0.126,0.0081,0.334,0.349,148.274,246813,4
61CRdvsRBymKyxhkHaBJK2,Wake Up And Live - Pt. 1,Bob Marley & The Wailers,40,reggae,0.928,0.512,4,-8.656,0,0.0685,0.199,0.000986,0.0932,0.961,134.022,265893,4
2XCI7vQB1pnGR3nuPtoejf,Twist And Shout,Chaka Demus & Pliers,47,reggae,0.802,0.82,2,-9.196,1,0.0334,0.224,0,0.298,0.977,128.954,236101,4
1Ke5LoS71AJESFCG35qJvD,Dem Cry,Richie Spice,1,reggae,0.557,0.217,2,-12.541,0,0.115,0.869,0,0.341,0.678,82.058,241098,4
0AMJjizLUQlsYQ0noIv8No,Things in Life,Barry Brown,41,reggae,0.896,0.19,9,-22.44,1,0.156,0.0265,0.00468,0.183,0.812,130.896,244600,4
3CapZRc68TMe2OcgsEEZRU,Le métèque,Alpha Blondy,29,reggae,0.803,0.681,9,-4.48,1,0.1,0.336,0,0.152,0.672,119.904,178240,4
6xoSc2SQeFFZToiqqhYPbj,Stir It Up - Original Album Version,Bob Marley & The Wailers,20,reggae,0.754,0.373,9,-14.568,1,0.118,0.626,0.283,0.0418,0.925,147.225,331827,4
2XNjp5uqjxs1k7GqbJRyTa,Weak Heart,Groundation,33,reggae,0.774,0.524,10,-8.949,0,0.239,0.0685,0,0.0717,0.653,131.347,316907,4
2TyJz8hsPnYKZlPgfh6zsl,Worth His Weight In Gold,Steel Pulse,43,reggae,0.738,0.654,9,-8.032,0,0.0956,0.014,0.000198,0.0361,0.899,156.153,274173,4
3jmCwfrMjNVv5MjOal18WJ,Black Woman - Acoustic,Alborosie,38,reggae,0.713,0.639,9,-8.143,0,0.143,0.673,0.000075,0.348,0.564,134.023,213267,4
1rjfG0TtUCMGsoXAm7HJdX,Prisoner,Lucky Dube,42,reggae,0.588,0.72,11,-5.76,1,0.0677,0.0844,0,0.0398,0.694,79.606,242640,4
2yGPa0s70kkwwiO98Slpnp,Where Is the Love?,Damian Marley,38,reggae,0.861,0.705,4,-6.031,0,0.179,0.0726,0,0.0573,0.802,97.504,307733,4
3pYlpWeC9eeXFNBGLp6PXb,Jammin',Bob Marley & The Wailers,40,reggae,0.749,0.726,11,-4.492,0,0.154,0.00991,0,0.145,0.565,83.514,248640,4
45nrV6l65p5Hxq2rBsoM5J,Easy Skanking,Bob Marley & The Wailers,38,reggae,0.824,0.524,10,-8.521,1,0.0378,0.018,0.000002,0.102,0.642,126.283,175667,4
7wqGYwYVKmtM2oVUKuhTaD,Querelles inter-minables,Alpha Blondy,32,reggae,0.809,0.652,7,-6.572,1,0.0466,0.0024,0.000455,0.0908,0.321,148.094,290227,4
11JpHKvLriD2imIxPb13ti,Mirror Dub,Vibronics,34,reggae,0.774,0.612,6,-10.446,0,0.117,0.204,0.178,0.117,0.374,167.991,211573,4
42kB2YVsQqZe1pcQnoeCtL,Bun Di Ganja,Chezidek,34,reggae,0.808,0.448,5,-12.454,0,0.239,0.125,0,0.146,0.822,82.261,252720,4
06n9DYGGPwtIEVK2oA53na,"Mix Up, Mix Up",Bob Marley & The Wailers,39,reggae,0.741,0.484,9,-9.282,0,0.0765,0.152,0.000353,0.0988,0.837,175.648,302231,4
2Ykl0Rx2vw6rRBkTnrxOC7,Cocaine In My Brain,Dillinger,40,reggae,0.709,0.37,1,-13.456,1,0.136,0.0102,0.00794,0.0746,0.671,100.089,308640,4
2xRupG7PsBYhmcKZk0vo1i,Stylin',Protoje,37,reggae,0.606,0.682,5,-5.932,0,0.22,0.0129,0,0.27,0.782,74.963,212000,4
5AZWlm57JfUbKpD04GX64M,Travailler c'est trop dur,Alpha Blondy,27,reggae,0.847,0.648,5,-6.489,1,0.0713,0.0179,0.000394,0.103,0.87,89.143,198227,4
2pb60Wy4TGWmdrhihoqU0E,I Know,Bob Marley & The Wailers,39,reggae,0.641,0.695,11,-6.925,0,0.0457,0.0551,0,0.129,0.753,89.684,200853,4
6JdIJl2d62ATvmF5eGY7Pz,L'Afrique doit du fric,Tiken Jah Fakoly,24,reggae,0.824,0.576,0,-5.46,0,0.0605,0.141,0,0.0552,0.862,139.035,279600,4
3k0gR9XXRkSnuzIPjMTYlG,Easy Take It Easy,Dennis Brown,31,reggae,0.848,0.361,1,-8.767,0,0.0496,0.17,0,0.12,0.815,76.89,283973,4
6chKRJFe2qXIFHZKBDWqtw,That Day Will Come,Capleton,47,reggae,0.687,0.802,8,-6.005,1,0.114,0.0986,0,0.131,0.908,153.37,243800,4
59rgnnQ26uSxVFJuYbmkRw,Rat Race - Live At The Pavillon De Paris/1977,Bob Marley & The Wailers,36,reggae,0.585,0.656,9,-7.586,1,0.123,0.0994,0.000046,0.381,0.88,149.478,221107,4
2gqkytsT4HfpuCgcQknkHs,Manssa,Tiken Jah Fakoly,26,reggae,0.747,0.723,1,-5.57,0,0.0498,0.453,0.000132,0.341,0.832,75.031,205787,4
6IqerfftHq2FKGVP37YL40,Police - Acoustic,Alborosie,38,reggae,0.695,0.586,4,-8.791,0,0.12,0.447,0,0.106,0.401,140.666,226867,4
3F5kU8RFgfqNJkK20FWJqb,Bodyguard,Steel Pulse,45,reggae,0.865,0.53,6,-10.87,0,0.129,0.0987,0.000172,0.109,0.81,79.949,270760,4
7J9pbj9Kx103AJOe35HTEK,The Beat Goes On,Prince Fatty,37,reggae,0.879,0.659,7,-7.099,1,0.0372,0.333,0.0335,0.052,0.884,120.009,211253,4
40fYzZEcfTqXAmGQ2Qno6z,Really Like You,Protoje,45,reggae,0.658,0.588,2,-5.874,0,0.17,0.0681,0,0.262,0.647,169.954,217761,4
5lPBSGuqKV8nRmjoGMlVry,Reggae Ambassador,Third World,39,reggae,0.81,0.402,5,-13.881,1,0.239,0.0485,0,0.0513,0.894,78.651,190640,4
7xccjSAgCtZHoBaCXpvEq6,Pressure Drop,Toots & The Maytals,40,reggae,0.621,0.684,8,-7.248,1,0.0309,0.203,0,0.0638,0.984,146.048,178440,4
2FbRqjElIz5z5Dc69DoBS9,Young Lover,Cocoa Tea,47,reggae,0.832,0.617,6,-7.039,0,0.12,0.0112,0.000038,0.0857,0.505,166.361,217693,4
6mcNJp1eiXC0Z1ydOBEBT4,Kinky Reggae - Original Album Version,Bob Marley & The Wailers,39,reggae,0.826,0.535,5,-8.933,1,0.239,0.148,0.000336,0.115,0.62,137.759,219267,4
75Q8So8pFkHSSv6SyTHEzr,Streets Of Freedom,The Gladiators,41,reggae,0.855,0.414,5,-11.43,1,0.207,0.198,0.14,0.152,0.631,131.739,204667,4
4bGv6JpnRHn9M1uxPlVn18,Pressure Drop - Single Version,Toots & The Maytals,39,reggae,0.648,0.588,8,-12.145,1,0.043,0.0947,0,0.0302,0.985,148.725,173493,4
5AWkWAqGXeBiUt95nb1sNy,Waiting In Vain,Bob Marley & The Wailers,20,reggae,0.826,0.361,8,-15.719,1,0.239,0.0282,0.00003,0.0557,0.815,78.875,257307,4
42VcleWH8tXL8DZ4buzQTL,Revolution,Bob Marley & The Wailers,38,reggae,0.666,0.583,9,-7.979,0,0.101,0.207,0.000048,0.11,0.655,72.524,263427,4
7KHJKLXF5uCgKzEKAdPEiC,Light It Up,Morgan Heritage,40,reggae,0.682,0.764,5,-3.162,0,0.124,0.0703,0,0.171,0.682,142.239,256547,4
7jJlGfGnVNySxRuOCidWU5,Crisis,Bob Marley & The Wailers,37,reggae,0.792,0.466,6,-12.042,0,0.152,0.0133,0.000003,0.0599,0.591,123.463,234253,4
1OHbiUiYoIBIbIsJOyeLkl,Stir It Up - Original Album Version,Bob Marley & The Wailers,39,reggae,0.757,0.457,9,-10.901,1,0.106,0.626,0.339,0.0283,0.94,147.525,331453,4
34pkj7MZSxImmO3g6tUD6f,So Much Trouble In The World,Bob Marley & The Wailers,38,reggae,0.837,0.551,9,-8.554,0,0.0657,0.24,0.000113,0.105,0.92,155.696,236400,4
2N0I9a7zFJSmVIrWve8vAW,More Blessings,Lutan Fyah,42,reggae,0.655,0.638,6,-8.66,0,0.117,0.293,0,0.0478,0.862,82.487,191533,4
06lO0rTVs4kzyGbBs4vxsT,Trouble,Damian Marley,37,reggae,0.744,0.552,7,-8.884,1,0.098,0.101,0.000006,0.205,0.576,81.967,334040,4
59sojPHIm5YXrIvBm0OAtX,Time Will Tell,Bob Marley & The Wailers,39,reggae,0.501,0.3,8,-14.958,1,0.191,0.0579,0.000008,0.085,0.574,160.351,205253,4
7IoLF0rxef76sAYPVspoKs,None Shall Escape the Judgement,Johnny Clarke,41,reggae,0.731,0.606,1,-7.532,1,0.034,0.12,0,0.12,0.955,102.276,193235,4
2j2stfYKmFdZr2AVQoLsYh,Get Up Stand Up,Tiken Jah Fakoly,25,reggae,0.735,0.853,7,-4.021,0,0.216,0.167,0,0.368,0.891,155.121,200800,4
2mVnrvWkiFTERSE2SL4QZ7,The Harvest,Tribal Seeds,51,reggae,0.746,0.695,1,-5.115,0,0.0817,0.0873,0.000073,0.187,0.591,164.022,312200,4
3vg8krILbspbjTMbL3wiTX,So Unjust,Stephen Marley,42,reggae,0.738,0.755,1,-6.054,1,0.239,0.0779,0,0.193,0.692,87.816,249120,4
7d6O6cRlbRjW9RNTOoOXhm,My Girl,Sizzla,39,reggae,0.663,0.632,0,-9.272,1,0.239,0.0435,0,0.102,0.7,66.098,173333,3
25NVM7PSESBz8JVOMYVw26,Free Rider,Groundation,30,reggae,0.771,0.684,7,-7.455,0,0.0585,0.0728,0.000039,0.381,0.607,92.038,310493,4
7cxJUcO4HTrJ2jniaKOAaw,Steppin' Out,Steel Pulse,49,reggae,0.866,0.56,5,-9.848,0,0.0501,0.0574,0,0.0825,0.961,140.484,245787,4
2p6WDr28CJXYNglfrneMLL,Declaration Of Rights - 2000 Digital Remaster,Johnny Clarke,39,reggae,0.766,0.427,4,-10.959,0,0.239,0.731,0.000572,0.184,0.823,74.063,206200,4
1FIYjDXLiBvqeJC9zje7VL,No More Trouble,Bob Marley & The Wailers,41,reggae,0.75,0.598,2,-6.23,1,0.129,0.00863,0.000092,0.179,0.595,142.229,291893,4
3oZpr5mf6TnYG7Tuf45f3g,The Hunter,Clinton Fearon,30,reggae,0.962,0.785,6,-4.696,0,0.068,0.235,0.00849,0.0501,0.957,124.219,290867,4
5D4A0A0dGHMowoRoUI14sY,Handz Ina Di Air,Skarra Mucci,31,reggae,0.713,0.607,7,-7.111,1,0.152,0.00389,0.000001,0.0941,0.442,143.983,180257,4
5LU74JATCz1SvuTCKXkZYT,Telephone Love,Jah Cure,44,reggae,0.681,0.757,11,-3.789,1,0.0726,0.0282,0.00001,0.125,0.446,145.982,271847,4
3IAFJYl2uXQS6CiDO1G76c,Stop That Train - Original Album Version,Bob Marley & The Wailers,39,reggae,0.604,0.506,7,-10.146,1,0.0685,0.287,0.00168,0.0737,0.484,74.145,236467,4
5egShGnym8WBSLHVZZWUj8,Looking for Real Love,Hollie Cook,33,reggae,0.798,0.719,11,-8.898,0,0.0514,0.0585,0.00102,0.0923,0.546,131.428,361796,4
45io0hVNUQlbG3Jq3TfzaB,Africa Unite,Bob Marley & The Wailers,37,reggae,0.904,0.433,11,-10.089,0,0.113,0.187,0.00101,0.0892,0.731,127.559,175133,4
2ISjReGqzDsH4jDziplM1z,An Ka Willi,Tiken Jah Fakoly,26,reggae,0.71,0.708,9,-5.228,0,0.104,0.0428,0.000002,0.319,0.781,150.181,216760,4
6nawvymysrG1PgLtNpUwVL,Dragonfly,Ziggy Marley,48,reggae,0.771,0.482,5,-8.323,1,0.0686,0.396,0.000002,0.0871,0.581,101.564,254427,4
7Dr0wvgoZgqkcm7CotWWsM,I Am a Fool,Ken Boothe,30,reggae,0.722,0.689,9,-9.463,0,0.0765,0.498,0.0228,0.122,0.791,113.265,223840,4
0zhLB34J3se71D6nNHsVUv,Bend Down Low - B Is Version,Bob Marley & The Wailers,39,reggae,0.782,0.437,0,-7.862,1,0.0457,0.382,0.000054,0.321,0.739,87.948,213867,4
5mcXPIbGy9KzB97lr4VSk3,That Very Night,Hollie Cook,34,reggae,0.804,0.766,0,-7.536,1,0.0518,0.153,0.0492,0.0687,0.868,143.62,197867,4
4kv2GjLskZcFpQtrjlQKh4,Peace in Liberia,Alpha Blondy,33,reggae,0.864,0.667,10,-6.208,0,0.0421,0.0661,0.000004,0.163,0.936,146.047,225960,4
2s2PuZPBGQnPxJzoC3GFjZ,To Your Arms With Love,Jah Cure,42,reggae,0.596,0.555,8,-5.96,1,0.0458,0.172,0.000005,0.105,0.487,84.39,228467,4
4iHOrTP2gZIm6F8Td0VUQY,Five Days (feat. Big Youth & Mr. Cheeks),Tarrus Riley,43,reggae,0.735,0.682,9,-4.825,0,0.201,0.197,0,0.331,0.711,90.836,278627,4
4eD2LxtQf6GpYn1MOtbT69,Koumani,Tiken Jah Fakoly,26,reggae,0.769,0.727,4,-5.549,0,0.108,0.279,0,0.0725,0.548,143.037,222507,4
3tX9iD2lTdI8wlLaY4Dj9U,La porte de l'histoire,Tiken Jah Fakoly,26,reggae,0.694,0.951,6,-2.223,0,0.0338,0.119,0.00105,0.248,0.87,105.122,252400,4
3iLkfWkdRsfriDcFpdxfEd,Heavenly Throne,Fantan Mojah,37,reggae,0.875,0.793,6,-2.637,0,0.239,0.137,0,0.238,0.771,96.738,185348,4
5zPANXtjcrnhBjrPGzCLM2,Jah Jah Give Us Life To Live,Wailing Souls,40,reggae,0.832,0.55,5,-10.537,1,0.055,0.00177,0.137,0.102,0.883,143.478,210467,4
6dJvYXJUSNxPKhHZRu2c9E,Où veux-tu que j'aille,Tiken Jah Fakoly,23,reggae,0.816,0.588,6,-6.726,1,0.0929,0.267,0,0.0713,0.96,155.16,196693,4
4elJh9DUanyNsU3NALI19N,Blues Dance Raid,Steel Pulse,44,reggae,0.792,0.542,4,-9.192,0,0.0884,0.00165,0.000108,0.0588,0.859,164.922,293400,4
4Q7hWZTsIlhT5YDpjfsTYO,Rolling Like A Rock,Alborosie,38,reggae,0.757,0.612,7,-6.946,0,0.239,0.061,0,0.314,0.843,79.858,208307,4
1L1i2VAodFnVpHFUp4v6eK,Stir It Up - Live At The Pavillon De Paris/1977,Bob Marley & The Wailers,37,reggae,0.669,0.824,9,-6.956,1,0.051,0.0949,0.00005,0.381,0.817,90.905,317027,4
6biZT9SSNV6IkgJIpPSDAw,Doctor Say,Clinton Fearon,27,reggae,0.879,0.555,4,-7.169,0,0.0501,0.0744,0.00965,0.0652,0.406,105.039,170667,4
6FQiYOf1SB4ZvDNGh8hQLh,I'm a Rastaman,Jacob Miller,43,reggae,0.751,0.36,1,-11.826,1,0.16,0.179,0.0111,0.0851,0.816,174.596,276627,4
2UTk0FdpN7SnADRSt8A2JS,Rastafari Leads The Way,Lutan Fyah,40,reggae,0.846,0.674,5,-4.514,0,0.202,0.145,0,0.335,0.923,96.982,219201,4
41udcxIcuYRt76dwNRmRKv,Mi Chalwa,Jah Mason,37,reggae,0.821,0.835,2,-5.19,0,0.103,0.12,0,0.103,0.972,144.66,188133,4
1qnv48LNKU0IT0i8PuizR1,Set Up Shop,Damian Marley,39,reggae,0.838,0.877,1,-3.686,0,0.239,0.126,0,0.123,0.673,112.744,208133,3
671RlR5eSOdh9d2F3a0zG6,Woman,Lutan Fyah,2,reggae,0.626,0.343,5,-13.549,1,0.239,0.775,0,0.073,0.869,81.185,241098,4
0cxvuJHZdmM4lymZr7mvtZ,Mr. Marley,Damian Marley,37,reggae,0.814,0.666,7,-8.629,1,0.032,0.103,0,0.137,0.727,110.21,265760,4
4Qup2zholspnhLpgkO77C2,Spanish Town Rockin',Chronixx,46,reggae,0.735,0.689,4,-5.799,1,0.177,0.279,0,0.231,0.827,77.726,204000,4
2MQLzBeBCtwXMWD49UlLRf,Herbalist - Acoustic,Alborosie,38,reggae,0.821,0.701,1,-7.881,1,0.17,0.347,0,0.111,0.901,137.824,201147,4
0ZIpVnsHiScp7DVpejZWuh,Jah Heavy Load,Ijahman Levi,33,reggae,0.791,0.563,9,-11.557,0,0.0417,0.0604,0.00042,0.113,0.721,122.264,329200,4
1BVnzrxcxgyo57GItPcOF0,Come Fi Take Ova,Skarra Mucci,34,reggae,0.771,0.831,10,-5.221,0,0.0582,0.127,0,0.159,0.96,176.034,209160,4
4YiWAwK3mFnyW6M52Mvl2G,On The Other Side,The Gladiators,43,reggae,0.732,0.661,11,-8.675,1,0.234,0.0219,0.13,0.381,0.751,150.614,447053,4
34Ar5E0GnNL5OSPWr53V4h,One More Day - Live It Up,Groundation,32,reggae,0.561,0.566,0,-8.07,0,0.187,0.0659,0,0.0902,0.41,107.295,358947,4
5NxhcS3GTddULxB76Tq1tm,La Revolucion,Alborosie,38,reggae,0.665,0.747,2,-6.39,1,0.0592,0.31,0,0.188,0.785,159.947,225160,4
5NWfIAnmWkLFGoYjBU5lVm,Love Shine Bright - 2000 Digital Remaster,Culture,47,reggae,0.767,0.575,10,-8.32,1,0.0436,0.0509,0.000054,0.0342,0.866,130.544,243533,4
0JyttVc41kiIdJLbf4cxUB,Jamming,Bob Marley & The Wailers,19,reggae,0.94,0.41,11,-13.08,0,0.239,0.111,0.000027,0.12,0.747,123.681,212373,4
2O9cMhIa7GQLsFEhJxK3Kg,Exodus - Live At The Pavillon De Paris/1977,Bob Marley & The Wailers,35,reggae,0.576,0.857,7,-7.464,1,0.0523,0.00563,0.116,0.381,0.689,144.511,447053,4
1rKTDEW0gytxq91K92QUBp,I've Got You Babe,Lucky Dube,42,reggae,0.511,0.845,0,-4.853,1,0.0489,0.262,0,0.187,0.797,172.865,242720,4
50avll5sEpPKVEjbBCJZc7,Exodus,Bob Marley & The Wailers,39,reggae,0.832,0.581,7,-15.031,1,0.0482,0.0441,0.000376,0.381,0.968,132.932,447053,4
39QWymiI7LumJoRejAIXqx,Rebel In Me,Jimmy Cliff,41,reggae,0.72,0.275,5,-10.769,1,0.0453,0.869,0.000306,0.0881,0.616,141.647,246600,4
4yNIkYBu3eaivxPRkrYwqg,Deme,Tiken Jah Fakoly,23,reggae,0.825,0.862,4,-5.394,0,0.0618,0.096,0.0006,0.13,0.92,110.376,250747,4
2H7OgLytPYPpCewhVCZEB6,A Song - 2010 Remastered Version,Pablo Moses,31,reggae,0.759,0.502,6,-7.376,1,0.125,0.207,0.0681,0.0578,0.722,150.924,266080,4
1a7xd8f5Ay7AhJqHNuxXoF,Fade Away,Tiken Jah Fakoly,25,reggae,0.737,0.669,2,-5.271,1,0.171,0.219,0,0.0827,0.772,83.23,189627,4
1BGo8bgOiLj02rtSvbUN93,Jah Defend the Music,Groundation,29,reggae,0.708,0.623,6,-6.555,0,0.196,0.0739,0,0.152,0.475,135.94,329480,4
0opdiIrcBn77T4VaJBvXwE,Sun Is Shining,Bob Marley & The Wailers,37,reggae,0.798,0.542,10,-8.014,0,0.0554,0.00595,0.000026,0.0725,0.558,129.006,275907,4
5K4FvAB1WbDIiufcT3PMGf,Wobble Weeble,Dubmatix,35,reggae,0.873,0.55,7,-10.182,1,0.239,0.104,0.00158,0.153,0.749,80.021,300100,4
1hNtB6Bi1qacpc4GARy0Zs,Simple Blessings,Tarrus Riley,41,reggae,0.828,0.816,1,-4.566,1,0.164,0.0975,0,0.0884,0.568,99.669,177600,4
61w3TlZhBwKkLsigpAQSNT,Rebel Music - Jammin (cover),Damian Marley,37,reggae,0.549,0.511,11,-10.971,0,0.0669,0.165,0.0612,0.381,0.592,142.488,253656,4
5QjMKgHFilePKG25nu5PvO,"Punky Reggae Party, Love & Unity, New Wave Chant",Damian Marley,38,reggae,0.506,0.721,5,-9.837,0,0.182,0.243,0,0.381,0.961,150.09,336456,4
04T4PBgdAGUTmVGgFVHgnu,Bong Bong,Mungo's Hi Fi,33,reggae,0.78,0.572,6,-8.97,1,0.231,0.0525,0.000994,0.126,0.662,168.005,209000,4
2P2EnkwGgshVsMMS97jf8P,Fade Away (feat. Agent Sasco),Romain Virgo,40,reggae,0.591,0.794,4,-2.994,0,0.125,0.0788,0,0.358,0.678,82.533,292947,4
1xAsz1aoiphFkYSREvR9y1,Hearsay - 1990 Digital Remaster,The Gladiators,36,reggae,0.83,0.406,4,-11.616,0,0.239,0.0543,0.000001,0.083,0.733,82.381,186960,4
1pMXHziaPgtrhqpO3FpJCA,Lemme Go,Julian Marley,42,reggae,0.792,0.543,3,-6.876,0,0.239,0.282,0,0.342,0.758,170.744,205551,4
6SLXtbre27xZm5j6ThQYS4,Young Girl,Don Carlos,41,reggae,0.828,0.354,11,-13.34,0,0.239,0.306,0,0.0832,0.788,72.73,201107,4
2GlxjNbG02jsx6jjkzzDNZ,Funky Kingston,Toots & The Maytals,37,reggae,0.765,0.575,11,-7.597,1,0.109,0.101,0.00081,0.0449,0.913,98.963,294013,4
3N0Y24SsFAW9wNpuS8LmxL,Three Little Birds,Bob Marley & The Wailers,40,reggae,0.813,0.527,9,-10.053,1,0.0629,0.00773,0,0.0543,0.626,74.121,180347,4
0m6laoJUmGpGjlykAQZ4Mn,Police,Alborosie,38,reggae,0.782,0.728,7,-5.04,1,0.177,0.137,0,0.345,0.771,140.927,217600,4
1FOqCAtGhA6xmFrv48mAPX,We All Are One,Jimmy Cliff,36,reggae,0.799,0.68,9,-7,0,0.0347,0.0575,0.00001,0.0276,0.728,111.635,272000,4
4RnaETizNikDIizSQMeqpj,Medley: War / No More Trouble - Live At The Pavillon De Paris/1977,Bob Marley & The Wailers,34,reggae,0.456,0.674,6,-8.049,0,0.239,0.0265,0.000003,0.381,0.638,63.213,328284,3
25APrPsZIOGGWsPF6pSPTA,Génération,Tiken Jah Fakoly,25,reggae,0.7,0.703,6,-5.582,0,0.0881,0.0947,0,0.327,0.881,75.98,205240,4
0XosKEuzxVGq4ryDZP6J47,"Roots, Rock, Reggae",Bob Marley & The Wailers,19,reggae,0.815,0.424,11,-14.496,0,0.138,0.151,0.000046,0.0543,0.813,139.463,211400,4
0Qb8jMMKrJiq21YnT6EfeZ,Sinsemilla,Black Uhuru,43,reggae,0.842,0.562,4,-10.911,0,0.0995,0.0178,0.0263,0.0798,0.725,131.288,311293,4
1Lx8tFzNSUuQXbhUMkJfQB,Conakry électricité,Tiken Jah Fakoly,26,reggae,0.752,0.654,3,-5.138,1,0.0613,0.214,0,0.102,0.888,150.039,250373,4
1WI8BqO9byxczEqqSMpkBC,Small Axe - B Is Version,Bob Marley & The Wailers,39,reggae,0.669,0.537,9,-8.051,1,0.117,0.43,0.000002,0.132,0.528,89.969,263173,4
56LIfs198QQE7XvHKYqvy6,Ghost Town - 2015 Remaster,The Specials,46,reggae,0.672,0.661,0,-11.448,0,0.0634,0.0433,0.5175,0.353,0.859,73.758,360960,4
5uAxcolq13FeRJimuX549L,400 Years - Original Album Version,Bob Marley & The Wailers,38,reggae,0.687,0.486,0,-10.659,0,0.0482,0.241,0.000281,0.0832,0.859,145.851,166580,3
0vFfAv0ri4hIVq7AfziYic,Road To Zion,Damian Marley,33,reggae,0.616,0.715,1,-10.259,1,0.0544,0.423,0,0.381,0.782,102.677,264120,4
1UPtoiNWADMzOkFJ2yp4UZ,You Can Get It If You Really Want,Jimmy Cliff,46,reggae,0.878,0.471,1,-14.413,1,0.0538,0.188,0,0.0402,0.926,127.64,160507,4
3xjAzw6zWtxKS4t36cOQKN,Nobody Move Nobody Get Hurt,Yellowman,47,reggae,0.699,0.775,0,-5.936,1,0.123,0.33,0,0.121,0.58,82.058,223107,4
61ra7WbqofRe1pxmxJtis8,Le balayeur,Tiken Jah Fakoly,23,reggae,0.73,0.592,2,-5.845,1,0.0496,0.00201,0.000009,0.15,0.406,76.989,248733,4
4oetyJ5Q9ugIwuHjQ9yb6e,Dernier appel,Tiken Jah Fakoly,26,reggae,0.571,0.813,7,-6.002,1,0.0966,0.0627,0,0.255,0.836,93.958,226533,4
4SbX0zKvJvJeD1nownPUzz,Love Train,Skarra Mucci,32,reggae,0.825,0.759,6,-4.154,1,0.0774,0.185,0,0.381,0.875,91.985,232280,4
7bB105OAlfUEohxnPzOKeJ,Below The Bassline,Ernest Ranglin,35,reggae,0.91,0.238,5,-15.88,1,0.101,0.267,0.5175,0.11,0.629,133.277,278027,4
5FuJExXuGfpFSJAh2QsZM5,Smoke,Inner Circle,43,reggae,0.809,0.686,2,-4.347,1,0.0813,0.0785,0,0.373,0.731,86.039,217187,4
1pWy7HdCGYXjaGYwrPcD7I,Steppin' Out,Steel Pulse,34,reggae,0.866,0.56,5,-9.848,0,0.0501,0.0574,0,0.0825,0.961,140.484,245787,4
0AW5JZWK3dJ7meYNzEDHQ0,Turn It up Loud,Skarra Mucci,32,reggae,0.833,0.727,1,-4.898,0,0.239,0.247,0,0.381,0.859,149.97,192000,4
6ELhufyKBAm3X1P3LccdgL,Waiting In Vain,Bob Marley & The Wailers,38,reggae,0.836,0.465,8,-11.506,1,0.239,0.0307,0.000029,0.153,0.822,78.854,256347,4
5tzolRcy9uhUMuddsi0tiC,Champion Sound (feat. Errol Dunkley),Sizzla,33,reggae,0.764,0.81,9,-4.58,0,0.197,0.0105,0,0.381,0.833,78.544,285693,4
1Zlblv2hc8bvlYFQe5ADQy,Big Bad Sound (feat. Chronicle),Chronixx,44,reggae,0.835,0.754,11,-5.437,0,0.0701,0.228,0.000373,0.0871,0.611,94.001,310583,4
4r3PpnZN7jhaQXrEIfVC1L,I Know You Don't Care About Me - Live Version,Ziggy Marley & The Melody Makers,33,reggae,0.763,0.4,6,-15.52,0,0.239,0.0504,0,0.095,0.823,96.782,345667,4
0hQJ9OAWLRf8xT4rPl85FL,Vietnam - Single Version,Jimmy Cliff,38,reggae,0.884,0.348,1,-14.61,1,0.0584,0.00103,0,0.189,0.718,110.411,292507,4
1tUyILhqf385u0Mut0esPC,54-46 (That's My Number),Toots & The Maytals,41,reggae,0.808,0.473,0,-5.192,1,0.138,0.786,0.000275,0.204,0.536,79.056,204813,4
05pO0QDLZW2xa43S5EEPm6,Redemption Song,Bob Marley & The Wailers,36,reggae,0.683,0.27,0,-10.453,1,0.04,0.603,0,0.0829,0.685,116.028,229467,4
6zufqvENU9XlIWVFQLpw66,Prediction,Steel Pulse,35,reggae,0.852,0.264,1,-14.539,0,0.234,0.0108,0.000005,0.0469,0.579,129.691,321427,4
1Z0vkmKg4QP4D9ar8JkfF2,Sound Killer,Skarra Mucci,31,reggae,0.699,0.803,5,-5.274,0,0.19,0.122,0,0.302,0.958,83.014,195490,4
2SBWRfQVMPPg1Ke98ustDp,And Be Loved,Damian Marley,43,reggae,0.871,0.795,11,-7.551,0,0.0555,0.0026,0.000003,0.0454,0.887,103.589,181640,4
33sYtuSPGXIbyypGBYIayO,Kinky Reggae - Live In Europe/1975,Bob Marley & The Wailers,35,reggae,0.757,0.657,7,-7.177,0,0.195,0.111,0.000008,0.381,0.349,127.457,286133,4
3HVyjrSOPKdRPfYyEkhMgv,My Master's Will,Israel Vibration,32,reggae,0.859,0.543,1,-7.393,1,0.239,0.164,0,0.103,0.747,143.777,274467,4
3ACkksrLmKBu4HbVH3hn05,So Much Trouble In The World,Bob Marley & The Wailers,19,reggae,0.835,0.356,9,-15.931,0,0.0949,0.227,0.00005,0.24,0.947,155.801,239960,4
1i4lL6AIrfNGpENjjJmthK,Keep On Moving,Bob Marley & The Wailers,36,reggae,0.721,0.749,11,-7.818,0,0.0804,0.00569,0.000084,0.325,0.856,148.081,260000,4
0XQtucyeyQNxdpGT8BbXmA,Life So Rich,Skarra Mucci,31,reggae,0.862,0.832,0,-5.483,1,0.0455,0.0806,0,0.134,0.923,99.98,156027,4
6c8YgjvsbUlTXZuL8aPWYb,Di Black Petty Booshwah,Linton Kwesi Johnson,30,reggae,0.933,0.265,4,-14.342,1,0.239,0.0728,0.000382,0.0587,0.813,129.779,227493,4
0bX8xYxBvQyiDD0TsVzbdA,"Get Up, Stand Up",The Wailers,38,reggae,0.765,0.555,10,-7.579,0,0.239,0.409,0.000002,0.073,0.828,77.848,197667,4
6oqJyZHgcjMzi7Vg65d5Hz,Fly 420 (feat. Sugus),Alborosie,39,reggae,0.69,0.799,4,-4.344,0,0.186,0.138,0,0.231,0.518,140.186,227093,4
3rv2jT77RT99OSidcW4oqD,Small Axe,Bob Marley & The Wailers,38,reggae,0.905,0.461,10,-11.054,1,0.239,0.147,0.00671,0.259,0.851,97.962,240147,4
6kl67DZUVeyai0QxjLdDFI,Peace & Love - Feat. Linval Thompson,Dubmatix,37,reggae,0.69,0.832,6,-7.366,1,0.0403,0.0041,0.000205,0.365,0.777,129.956,279493,4
2bJRLKzPJnzOrI3c5tQcFV,Fever,Junior Byles,37,reggae,0.87,0.591,1,-8.342,1,0.0721,0.273,0.000218,0.115,0.901,139.597,173133,3
1fO7o40o4sqN5dhwFOv02q,Le prix du paradis,Tiken Jah Fakoly,27,reggae,0.652,0.752,5,-6.656,0,0.036,0.0241,0.000058,0.148,0.669,157.923,196600,4
62OF4X86fyWhTbZgqdOAkp,Wanna Be Loved,Buju Banton,39,reggae,0.834,0.567,5,-8.807,1,0.157,0.0218,0,0.114,0.636,145.899,243867,4
1YiCnD7YmmCXWLregZmdoM,Slavery Days,Burning Spear,34,reggae,0.756,0.419,10,-9.205,1,0.131,0.00144,0.00155,0.1,0.72,143.045,203613,4
00P2FrG46TtBIhUBju0tqR,Slavery Days,Tiken Jah Fakoly,24,reggae,0.507,0.446,7,-7.337,1,0.0587,0.0999,0.000025,0.106,0.285,141.647,249787,4
2ohyreoDHDrphJXihUJpC9,École,Tiken Jah Fakoly,25,reggae,0.608,0.426,2,-10.288,1,0.046,0.617,0.000034,0.117,0.609,76.795,161933,4
2kXp1srq2H8WfCcMLQF6Kn,Délivrance - Zenzile Dub Mix,Tiken Jah Fakoly,25,reggae,0.703,0.333,7,-7.948,0,0.191,0.0797,0.5175,0.381,0.327,149.286,231187,4
27GQ29qVLplINUthEykXdd,Dreadlocks The Time Is Now - 2002 Digital Remaster,The Gladiators,36,reggae,0.826,0.539,8,-12.499,0,0.125,0.00931,0.000132,0.0855,0.795,138.333,182200,4
5mzJ4WclMOHzlnIQQ3yYep,To Serve And Protect,Queen Ifrica,31,reggae,0.655,0.7,10,-5.309,1,0.239,0.205,0,0.196,0.577,89.537,247400,4
0H1SlP1Z0xxriGqYLdcxhd,We a De Raste,Israel Vibration,39,reggae,0.874,0.457,11,-10.844,0,0.239,0.0228,0.000258,0.104,0.641,138.105,241348,4
4O3vspju4Jy0ioeGRkbsH6,Lighthouse,Ziggy Marley,34,reggae,0.531,0.691,1,-6.546,1,0.0309,0.119,0.0154,0.0872,0.535,166.009,260760,4
0S4YCwlmzRpwPu7tA4yi3Q,Natural Mystic,Bob Marley & The Wailers,18,reggae,0.867,0.251,7,-15.231,1,0.239,0.0276,0.000012,0.0539,0.877,131.224,205213,4
5f4Bc6bJWwUJ5Rtc8Sjrwo,Simmer Down,Bob Marley & The Wailers,37,reggae,0.766,0.492,10,-12.765,1,0.0878,0.203,0.00619,0.227,0.978,123.894,141467,4
0e8JXdGJS08rMUc169Ag6f,Bellyfull - 1990 Digital Remaster,The Gladiators,34,reggae,0.845,0.334,8,-13.912,0,0.235,0.024,0,0.0426,0.773,79.648,139960,4
4shJmtVH3PCCCMwDZb9DUr,Collect The Trophy,10 Ft. Ganja Plant,46,reggae,0.807,0.624,9,-8.009,1,0.0812,0.1,0.000017,0.0531,0.799,78.179,217347,4
1309J5udF4Nx640HUamjif,The Rivers of Babylon,The Melodians,41,reggae,0.78,0.354,7,-12.927,1,0.0505,0.815,0.00225,0.0991,0.886,106.73,238507,4
6yLWZGfcYKpTRl52DbuK8H,"Get Up, Stand Up",The Wailers,38,reggae,0.769,0.572,10,-7.26,0,0.239,0.263,0,0.0614,0.851,78.285,197520,4
2mlIffcK13Tb658PvlKps0,Slave Driver - Jamaican Version,The Wailers,40,reggae,0.828,0.52,11,-6.553,0,0.203,0.176,0,0.0681,0.79,134.933,176707,4
1jUeFojirQnb1Uqx3iFms2,"Roots, Rock, Reggae",Bob Marley & The Wailers,39,reggae,0.721,0.725,4,-5.247,0,0.147,0.0241,0.000001,0.0567,0.888,82,245027,4
3X6b40Xr4zxbyLatxilx6T,Return of Django,The Upsetters,46,reggae,0.795,0.519,1,-9.514,1,0.0357,0.137,0.5175,0.126,0.945,154.948,149453,4
7a10uCHf3hiUDVOjceG1V8,Find It...Quick!,Steel Pulse,41,reggae,0.857,0.716,0,-7.878,0,0.0597,0.0869,0.00143,0.0535,0.875,98.557,206907,4
19vW5rPQFCRzfqZsAcI7Ia,Is This Love,Bob Marley & The Wailers,18,reggae,0.777,0.434,6,-13.814,0,0.1,0.052,0,0.0396,0.888,122.372,232693,4
6Rpoytt1mUCL8oJ6iKY8kG,Talkin' Blues,Bob Marley & The Wailers,36,reggae,0.796,0.481,9,-9.549,1,0.226,0.153,0.000063,0.0615,0.771,140.834,277253,4
1UoOYlXVDQ031jLVskuFAs,Midnight Ravers - Jamaican Version,The Wailers,41,reggae,0.801,0.659,9,-6.252,0,0.239,0.259,0,0.134,0.889,139.152,309200,4
2DKhiaC3nFdyJwIJKB94TZ,Roots Woman,Jimmy Cliff,41,reggae,0.799,0.706,7,-6.789,1,0.0307,0.0603,0.000381,0.102,0.966,96.354,258533,4
2SLt9oFUhD6Lc8dQQg4F2r,Number One,Skarra Mucci,30,reggae,0.844,0.704,2,-4.569,0,0.0862,0.0185,0,0.321,0.909,147.963,210126,4
4kYfcaLqSBb9NyWXMMhW1V,Lively Up Yourself - Live At The Pavillon De Paris/1977,Bob Marley & The Wailers,34,reggae,0.515,0.879,7,-6.614,1,0.153,0.0471,0.000005,0.381,0.598,78.561,378067,4
6JrrtWwNu0Aj8qKWqM9cJb,Insane in the Brain,Prince Fatty,40,reggae,0.874,0.827,6,-4.213,0,0.0566,0.484,0.000002,0.277,0.963,102.178,202013,4